UserId,SignupDate,CohortMonth,ActivityDate
U0001,2024-04-12,2024-04-01,2024-04-12
U0001,2024-04-12,2024-04-01,2024-04-13
U0001,2024-04-12,2024-04-01,2024-04-14
U0001,2024-04-12,2024-04-01,2024-04-15
U0001,2024-04-12,2024-04-01,2024-04-16
U0001,2024-04-12,2024-04-01,2024-04-17
U0001,2024-04-12,2024-04-01,2024-04-18
U0001,2024-04-12,2024-04-01,2024-04-19
U0001,2024-04-12,2024-04-01,2024-04-20
U0001,2024-04-12,2024-04-01,2024-04-21
U0001,2024-04-12,2024-04-01,2024-04-22
U0001,2024-04-12,2024-04-01,2024-04-24
U0001,2024-04-12,2024-04-01,2024-04-26
U0001,2024-04-12,2024-04-01,2024-04-27
U0001,2024-04-12,2024-04-01,2024-04-29
U0001,2024-04-12,2024-04-01,2024-04-30
U0001,2024-04-12,2024-04-01,2024-05-01
U0001,2024-04-12,2024-04-01,2024-05-02
U0001,2024-04-12,2024-04-01,2024-05-03
U0001,2024-04-12,2024-04-01,2024-05-04
U0001,2024-04-12,2024-04-01,2024-05-06
U0001,2024-04-12,2024-04-01,2024-05-07
U0001,2024-04-12,2024-04-01,2024-05-08
U0001,2024-04-12,2024-04-01,2024-05-09
U0001,2024-04-12,2024-04-01,2024-05-10
U0001,2024-04-12,2024-04-01,2024-05-12
U0001,2024-04-12,2024-04-01,2024-05-13
U0001,2024-04-12,2024-04-01,2024-05-14
U0001,2024-04-12,2024-04-01,2024-05-15
U0001,2024-04-12,2024-04-01,2024-05-17
U0001,2024-04-12,2024-04-01,2024-05-22
U0001,2024-04-12,2024-04-01,2024-05-26
U0001,2024-04-12,2024-04-01,2024-05-27
U0001,2024-04-12,2024-04-01,2024-05-28
U0001,2024-04-12,2024-04-01,2024-06-01
U0001,2024-04-12,2024-04-01,2024-06-03
U0001,2024-04-12,2024-04-01,2024-06-04
U0001,2024-04-12,2024-04-01,2024-06-05
U0001,2024-04-12,2024-04-01,2024-06-07
U0001,2024-04-12,2024-04-01,2024-06-10
U0001,2024-04-12,2024-04-01,2024-06-12
U0001,2024-04-12,2024-04-01,2024-06-13
U0002,2024-06-28,2024-06-01,2024-06-28
U0002,2024-06-28,2024-06-01,2024-06-30
U0002,2024-06-28,2024-06-01,2024-07-02
U0002,2024-06-28,2024-06-01,2024-07-06
U0002,2024-06-28,2024-06-01,2024-07-08
U0002,2024-06-28,2024-06-01,2024-07-10
U0002,2024-06-28,2024-06-01,2024-07-12
U0002,2024-06-28,2024-06-01,2024-07-16
U0002,2024-06-28,2024-06-01,2024-07-20
U0002,2024-06-28,2024-06-01,2024-07-24
U0002,2024-06-28,2024-06-01,2024-07-26
U0002,2024-06-28,2024-06-01,2024-08-07
U0002,2024-06-28,2024-06-01,2024-08-25
U0002,2024-06-28,2024-06-01,2024-08-31
U0003,2024-04-02,2024-04-01,2024-04-02
U0003,2024-04-02,2024-04-01,2024-04-03
U0003,2024-04-02,2024-04-01,2024-04-04
U0003,2024-04-02,2024-04-01,2024-04-05
U0003,2024-04-02,2024-04-01,2024-04-06
U0003,2024-04-02,2024-04-01,2024-04-07
U0003,2024-04-02,2024-04-01,2024-04-08
U0003,2024-04-02,2024-04-01,2024-04-09
U0003,2024-04-02,2024-04-01,2024-04-10
U0003,2024-04-02,2024-04-01,2024-04-11
U0003,2024-04-02,2024-04-01,2024-04-12
U0003,2024-04-02,2024-04-01,2024-04-13
U0003,2024-04-02,2024-04-01,2024-04-14
U0003,2024-04-02,2024-04-01,2024-04-15
U0003,2024-04-02,2024-04-01,2024-04-16
U0003,2024-04-02,2024-04-01,2024-04-17
U0003,2024-04-02,2024-04-01,2024-04-19
U0003,2024-04-02,2024-04-01,2024-04-22
U0003,2024-04-02,2024-04-01,2024-04-25
U0003,2024-04-02,2024-04-01,2024-04-26
U0003,2024-04-02,2024-04-01,2024-04-29
U0003,2024-04-02,2024-04-01,2024-05-05
U0003,2024-04-02,2024-04-01,2024-05-06
U0003,2024-04-02,2024-04-01,2024-05-09
U0003,2024-04-02,2024-04-01,2024-05-12
U0003,2024-04-02,2024-04-01,2024-05-17
U0004,2024-01-15,2024-01-01,2024-01-15
U0004,2024-01-15,2024-01-01,2024-01-16
U0004,2024-01-15,2024-01-01,2024-01-17
U0004,2024-01-15,2024-01-01,2024-01-18
U0004,2024-01-15,2024-01-01,2024-01-19
U0004,2024-01-15,2024-01-01,2024-01-20
U0004,2024-01-15,2024-01-01,2024-01-21
U0004,2024-01-15,2024-01-01,2024-01-22
U0004,2024-01-15,2024-01-01,2024-01-23
U0004,2024-01-15,2024-01-01,2024-01-24
U0004,2024-01-15,2024-01-01,2024-01-26
U0004,2024-01-15,2024-01-01,2024-01-27
U0004,2024-01-15,2024-01-01,2024-01-28
U0004,2024-01-15,2024-01-01,2024-01-30
U0004,2024-01-15,2024-01-01,2024-01-31
U0004,2024-01-15,2024-01-01,2024-02-02
U0004,2024-01-15,2024-01-01,2024-02-03
U0004,2024-01-15,2024-01-01,2024-02-04
U0004,2024-01-15,2024-01-01,2024-02-05
U0004,2024-01-15,2024-01-01,2024-02-07
U0004,2024-01-15,2024-01-01,2024-02-08
U0004,2024-01-15,2024-01-01,2024-02-09
U0005,2024-04-16,2024-04-01,2024-04-16
U0005,2024-04-16,2024-04-01,2024-04-20
U0005,2024-04-16,2024-04-01,2024-04-24
U0005,2024-04-16,2024-04-01,2024-04-28
U0005,2024-04-16,2024-04-01,2024-05-06
U0005,2024-04-16,2024-04-01,2024-05-10
U0005,2024-04-16,2024-04-01,2024-05-14
U0005,2024-04-16,2024-04-01,2024-06-03
U0005,2024-04-16,2024-04-01,2024-06-07
U0005,2024-04-16,2024-04-01,2024-06-15
U0006,2024-03-12,2024-03-01,2024-03-12
U0006,2024-03-12,2024-03-01,2024-03-14
U0006,2024-03-12,2024-03-01,2024-03-16
U0006,2024-03-12,2024-03-01,2024-03-18
U0006,2024-03-12,2024-03-01,2024-03-20
U0006,2024-03-12,2024-03-01,2024-03-24
U0006,2024-03-12,2024-03-01,2024-03-26
U0006,2024-03-12,2024-03-01,2024-03-30
U0006,2024-03-12,2024-03-01,2024-04-01
U0007,2024-01-21,2024-01-01,2024-01-21
U0007,2024-01-21,2024-01-01,2024-01-23
U0007,2024-01-21,2024-01-01,2024-01-25
U0007,2024-01-21,2024-01-01,2024-01-27
U0007,2024-01-21,2024-01-01,2024-01-31
U0007,2024-01-21,2024-01-01,2024-02-02
U0007,2024-01-21,2024-01-01,2024-02-04
U0007,2024-01-21,2024-01-01,2024-02-06
U0007,2024-01-21,2024-01-01,2024-02-10
U0007,2024-01-21,2024-01-01,2024-02-12
U0007,2024-01-21,2024-01-01,2024-02-14
U0007,2024-01-21,2024-01-01,2024-02-16
U0007,2024-01-21,2024-01-01,2024-02-18
U0007,2024-01-21,2024-01-01,2024-02-22
U0007,2024-01-21,2024-01-01,2024-02-28
U0008,2024-04-12,2024-04-01,2024-04-12
U0008,2024-04-12,2024-04-01,2024-04-14
U0008,2024-04-12,2024-04-01,2024-04-16
U0008,2024-04-12,2024-04-01,2024-04-18
U0008,2024-04-12,2024-04-01,2024-04-20
U0008,2024-04-12,2024-04-01,2024-04-22
U0008,2024-04-12,2024-04-01,2024-04-24
U0008,2024-04-12,2024-04-01,2024-04-26
U0008,2024-04-12,2024-04-01,2024-04-28
U0008,2024-04-12,2024-04-01,2024-04-30
U0008,2024-04-12,2024-04-01,2024-05-02
U0008,2024-04-12,2024-04-01,2024-05-06
U0008,2024-04-12,2024-04-01,2024-05-08
U0008,2024-04-12,2024-04-01,2024-05-12
U0009,2024-05-01,2024-05-01,2024-05-01
U0009,2024-05-01,2024-05-01,2024-05-02
U0009,2024-05-01,2024-05-01,2024-05-03
U0009,2024-05-01,2024-05-01,2024-05-04
U0009,2024-05-01,2024-05-01,2024-05-06
U0009,2024-05-01,2024-05-01,2024-05-07
U0009,2024-05-01,2024-05-01,2024-05-08
U0009,2024-05-01,2024-05-01,2024-05-09
U0009,2024-05-01,2024-05-01,2024-05-10
U0009,2024-05-01,2024-05-01,2024-05-12
U0009,2024-05-01,2024-05-01,2024-05-13
U0009,2024-05-01,2024-05-01,2024-05-14
U0009,2024-05-01,2024-05-01,2024-05-15
U0009,2024-05-01,2024-05-01,2024-05-16
U0009,2024-05-01,2024-05-01,2024-05-17
U0009,2024-05-01,2024-05-01,2024-05-19
U0009,2024-05-01,2024-05-01,2024-05-20
U0009,2024-05-01,2024-05-01,2024-05-21
U0009,2024-05-01,2024-05-01,2024-05-22
U0009,2024-05-01,2024-05-01,2024-05-23
U0009,2024-05-01,2024-05-01,2024-05-24
U0009,2024-05-01,2024-05-01,2024-05-25
U0009,2024-05-01,2024-05-01,2024-05-28
U0009,2024-05-01,2024-05-01,2024-05-29
U0009,2024-05-01,2024-05-01,2024-05-31
U0009,2024-05-01,2024-05-01,2024-06-01
U0009,2024-05-01,2024-05-01,2024-06-02
U0009,2024-05-01,2024-05-01,2024-06-05
U0009,2024-05-01,2024-05-01,2024-06-06
U0009,2024-05-01,2024-05-01,2024-06-07
U0009,2024-05-01,2024-05-01,2024-06-09
U0009,2024-05-01,2024-05-01,2024-06-10
U0009,2024-05-01,2024-05-01,2024-06-12
U0009,2024-05-01,2024-05-01,2024-06-14
U0009,2024-05-01,2024-05-01,2024-06-15
U0009,2024-05-01,2024-05-01,2024-06-16
U0009,2024-05-01,2024-05-01,2024-06-20
U0009,2024-05-01,2024-05-01,2024-06-22
U0009,2024-05-01,2024-05-01,2024-06-23
U0009,2024-05-01,2024-05-01,2024-06-25
U0009,2024-05-01,2024-05-01,2024-06-26
U0009,2024-05-01,2024-05-01,2024-06-27
U0009,2024-05-01,2024-05-01,2024-06-28
U0009,2024-05-01,2024-05-01,2024-06-29
U0009,2024-05-01,2024-05-01,2024-07-04
U0009,2024-05-01,2024-05-01,2024-07-05
U0009,2024-05-01,2024-05-01,2024-07-08
U0009,2024-05-01,2024-05-01,2024-07-13
U0009,2024-05-01,2024-05-01,2024-07-16
U0010,2024-03-15,2024-03-01,2024-03-15
U0010,2024-03-15,2024-03-01,2024-03-16
U0010,2024-03-15,2024-03-01,2024-03-17
U0010,2024-03-15,2024-03-01,2024-03-18
U0010,2024-03-15,2024-03-01,2024-03-19
U0010,2024-03-15,2024-03-01,2024-03-21
U0010,2024-03-15,2024-03-01,2024-03-22
U0010,2024-03-15,2024-03-01,2024-03-23
U0010,2024-03-15,2024-03-01,2024-03-24
U0010,2024-03-15,2024-03-01,2024-03-26
U0010,2024-03-15,2024-03-01,2024-03-27
U0010,2024-03-15,2024-03-01,2024-03-28
U0010,2024-03-15,2024-03-01,2024-03-29
U0010,2024-03-15,2024-03-01,2024-03-30
U0010,2024-03-15,2024-03-01,2024-04-01
U0010,2024-03-15,2024-03-01,2024-04-02
U0010,2024-03-15,2024-03-01,2024-04-03
U0010,2024-03-15,2024-03-01,2024-04-06
U0011,2024-03-28,2024-03-01,2024-03-28
U0011,2024-03-28,2024-03-01,2024-03-29
U0011,2024-03-28,2024-03-01,2024-03-30
U0011,2024-03-28,2024-03-01,2024-03-31
U0011,2024-03-28,2024-03-01,2024-04-01
U0011,2024-03-28,2024-03-01,2024-04-02
U0011,2024-03-28,2024-03-01,2024-04-03
U0011,2024-03-28,2024-03-01,2024-04-04
U0011,2024-03-28,2024-03-01,2024-04-05
U0011,2024-03-28,2024-03-01,2024-04-06
U0011,2024-03-28,2024-03-01,2024-04-07
U0011,2024-03-28,2024-03-01,2024-04-08
U0011,2024-03-28,2024-03-01,2024-04-09
U0011,2024-03-28,2024-03-01,2024-04-10
U0011,2024-03-28,2024-03-01,2024-04-11
U0011,2024-03-28,2024-03-01,2024-04-12
U0011,2024-03-28,2024-03-01,2024-04-13
U0011,2024-03-28,2024-03-01,2024-04-14
U0011,2024-03-28,2024-03-01,2024-04-15
U0011,2024-03-28,2024-03-01,2024-04-16
U0012,2024-04-26,2024-04-01,2024-04-26
U0012,2024-04-26,2024-04-01,2024-04-30
U0012,2024-04-26,2024-04-01,2024-05-04
U0012,2024-04-26,2024-04-01,2024-05-08
U0012,2024-04-26,2024-04-01,2024-05-12
U0012,2024-04-26,2024-04-01,2024-05-16
U0012,2024-04-26,2024-04-01,2024-05-20
U0012,2024-04-26,2024-04-01,2024-05-24
U0012,2024-04-26,2024-04-01,2024-06-01
U0012,2024-04-26,2024-04-01,2024-06-05
U0012,2024-04-26,2024-04-01,2024-06-25
U0012,2024-04-26,2024-04-01,2024-07-11
U0013,2024-04-09,2024-04-01,2024-04-09
U0013,2024-04-09,2024-04-01,2024-04-12
U0013,2024-04-09,2024-04-01,2024-04-18
U0013,2024-04-09,2024-04-01,2024-04-21
U0013,2024-04-09,2024-04-01,2024-04-24
U0013,2024-04-09,2024-04-01,2024-04-27
U0014,2024-04-13,2024-04-01,2024-04-13
U0014,2024-04-13,2024-04-01,2024-04-17
U0014,2024-04-13,2024-04-01,2024-04-21
U0014,2024-04-13,2024-04-01,2024-04-25
U0014,2024-04-13,2024-04-01,2024-04-29
U0014,2024-04-13,2024-04-01,2024-05-19
U0014,2024-04-13,2024-04-01,2024-05-27
U0014,2024-04-13,2024-04-01,2024-06-16
U0014,2024-04-13,2024-04-01,2024-06-20
U0014,2024-04-13,2024-04-01,2024-06-28
U0014,2024-04-13,2024-04-01,2024-07-02
U0015,2024-05-31,2024-05-01,2024-05-31
U0015,2024-05-31,2024-05-01,2024-06-03
U0015,2024-05-31,2024-05-01,2024-06-06
U0015,2024-05-31,2024-05-01,2024-06-09
U0015,2024-05-31,2024-05-01,2024-06-12
U0015,2024-05-31,2024-05-01,2024-06-15
U0015,2024-05-31,2024-05-01,2024-06-18
U0015,2024-05-31,2024-05-01,2024-06-21
U0015,2024-05-31,2024-05-01,2024-06-24
U0015,2024-05-31,2024-05-01,2024-06-30
U0015,2024-05-31,2024-05-01,2024-07-03
U0015,2024-05-31,2024-05-01,2024-07-06
U0015,2024-05-31,2024-05-01,2024-07-12
U0016,2024-05-10,2024-05-01,2024-05-10
U0016,2024-05-10,2024-05-01,2024-05-11
U0016,2024-05-10,2024-05-01,2024-05-12
U0016,2024-05-10,2024-05-01,2024-05-13
U0016,2024-05-10,2024-05-01,2024-05-14
U0016,2024-05-10,2024-05-01,2024-05-15
U0016,2024-05-10,2024-05-01,2024-05-16
U0016,2024-05-10,2024-05-01,2024-05-18
U0016,2024-05-10,2024-05-01,2024-05-20
U0016,2024-05-10,2024-05-01,2024-05-21
U0016,2024-05-10,2024-05-01,2024-05-22
U0016,2024-05-10,2024-05-01,2024-05-23
U0016,2024-05-10,2024-05-01,2024-05-24
U0016,2024-05-10,2024-05-01,2024-05-28
U0016,2024-05-10,2024-05-01,2024-05-29
U0016,2024-05-10,2024-05-01,2024-05-31
U0016,2024-05-10,2024-05-01,2024-06-01
U0016,2024-05-10,2024-05-01,2024-06-02
U0016,2024-05-10,2024-05-01,2024-06-03
U0017,2024-05-29,2024-05-01,2024-05-29
U0017,2024-05-29,2024-05-01,2024-05-31
U0017,2024-05-29,2024-05-01,2024-06-02
U0017,2024-05-29,2024-05-01,2024-06-06
U0017,2024-05-29,2024-05-01,2024-06-08
U0017,2024-05-29,2024-05-01,2024-06-10
U0017,2024-05-29,2024-05-01,2024-06-12
U0017,2024-05-29,2024-05-01,2024-06-18
U0017,2024-05-29,2024-05-01,2024-06-20
U0017,2024-05-29,2024-05-01,2024-06-26
U0017,2024-05-29,2024-05-01,2024-06-30
U0017,2024-05-29,2024-05-01,2024-07-04
U0017,2024-05-29,2024-05-01,2024-07-14
U0017,2024-05-29,2024-05-01,2024-07-16
U0017,2024-05-29,2024-05-01,2024-07-18
U0017,2024-05-29,2024-05-01,2024-07-20
U0017,2024-05-29,2024-05-01,2024-07-24
U0017,2024-05-29,2024-05-01,2024-07-26
U0017,2024-05-29,2024-05-01,2024-08-05
U0017,2024-05-29,2024-05-01,2024-08-13
U0018,2024-02-22,2024-02-01,2024-02-22
U0018,2024-02-22,2024-02-01,2024-02-25
U0018,2024-02-22,2024-02-01,2024-02-28
U0018,2024-02-22,2024-02-01,2024-03-02
U0018,2024-02-22,2024-02-01,2024-03-05
U0018,2024-02-22,2024-02-01,2024-03-08
U0018,2024-02-22,2024-02-01,2024-03-14
U0018,2024-02-22,2024-02-01,2024-03-17
U0019,2024-01-02,2024-01-01,2024-01-02
U0019,2024-01-02,2024-01-01,2024-01-05
U0019,2024-01-02,2024-01-01,2024-01-08
U0019,2024-01-02,2024-01-01,2024-01-11
U0019,2024-01-02,2024-01-01,2024-01-14
U0020,2024-03-28,2024-03-01,2024-03-28
U0020,2024-03-28,2024-03-01,2024-03-30
U0020,2024-03-28,2024-03-01,2024-04-01
U0020,2024-03-28,2024-03-01,2024-04-05
U0020,2024-03-28,2024-03-01,2024-04-09
U0020,2024-03-28,2024-03-01,2024-04-13
U0020,2024-03-28,2024-03-01,2024-04-15
U0020,2024-03-28,2024-03-01,2024-04-17
U0020,2024-03-28,2024-03-01,2024-04-23
U0021,2024-06-06,2024-06-01,2024-06-06
U0021,2024-06-06,2024-06-01,2024-06-10
U0021,2024-06-06,2024-06-01,2024-06-14
U0021,2024-06-06,2024-06-01,2024-06-18
U0021,2024-06-06,2024-06-01,2024-06-22
U0021,2024-06-06,2024-06-01,2024-06-30
U0021,2024-06-06,2024-06-01,2024-07-08
U0021,2024-06-06,2024-06-01,2024-07-20
U0021,2024-06-06,2024-06-01,2024-07-28
U0021,2024-06-06,2024-06-01,2024-08-05
U0021,2024-06-06,2024-06-01,2024-08-13
U0021,2024-06-06,2024-06-01,2024-08-25
U0021,2024-06-06,2024-06-01,2024-08-29
U0021,2024-06-06,2024-06-01,2024-09-02
U0022,2024-02-07,2024-02-01,2024-02-07
U0022,2024-02-07,2024-02-01,2024-02-08
U0022,2024-02-07,2024-02-01,2024-02-09
U0022,2024-02-07,2024-02-01,2024-02-10
U0022,2024-02-07,2024-02-01,2024-02-11
U0022,2024-02-07,2024-02-01,2024-02-12
U0022,2024-02-07,2024-02-01,2024-02-13
U0022,2024-02-07,2024-02-01,2024-02-14
U0022,2024-02-07,2024-02-01,2024-02-15
U0022,2024-02-07,2024-02-01,2024-02-16
U0022,2024-02-07,2024-02-01,2024-02-17
U0022,2024-02-07,2024-02-01,2024-02-18
U0022,2024-02-07,2024-02-01,2024-02-19
U0022,2024-02-07,2024-02-01,2024-02-20
U0022,2024-02-07,2024-02-01,2024-02-21
U0022,2024-02-07,2024-02-01,2024-02-22
U0022,2024-02-07,2024-02-01,2024-02-24
U0022,2024-02-07,2024-02-01,2024-02-26
U0022,2024-02-07,2024-02-01,2024-02-27
U0022,2024-02-07,2024-02-01,2024-02-28
U0022,2024-02-07,2024-02-01,2024-02-29
U0022,2024-02-07,2024-02-01,2024-03-04
U0022,2024-02-07,2024-02-01,2024-03-06
U0022,2024-02-07,2024-02-01,2024-03-07
U0022,2024-02-07,2024-02-01,2024-03-08
U0022,2024-02-07,2024-02-01,2024-03-10
U0022,2024-02-07,2024-02-01,2024-03-12
U0022,2024-02-07,2024-02-01,2024-03-13
U0023,2024-05-09,2024-05-01,2024-05-09
U0023,2024-05-09,2024-05-01,2024-05-11
U0023,2024-05-09,2024-05-01,2024-05-13
U0023,2024-05-09,2024-05-01,2024-05-15
U0023,2024-05-09,2024-05-01,2024-05-17
U0023,2024-05-09,2024-05-01,2024-05-19
U0023,2024-05-09,2024-05-01,2024-05-21
U0023,2024-05-09,2024-05-01,2024-05-23
U0023,2024-05-09,2024-05-01,2024-05-25
U0023,2024-05-09,2024-05-01,2024-05-27
U0023,2024-05-09,2024-05-01,2024-05-29
U0023,2024-05-09,2024-05-01,2024-06-02
U0023,2024-05-09,2024-05-01,2024-06-04
U0023,2024-05-09,2024-05-01,2024-06-08
U0023,2024-05-09,2024-05-01,2024-06-12
U0023,2024-05-09,2024-05-01,2024-06-14
U0023,2024-05-09,2024-05-01,2024-06-18
U0023,2024-05-09,2024-05-01,2024-06-22
U0023,2024-05-09,2024-05-01,2024-06-24
U0023,2024-05-09,2024-05-01,2024-06-26
U0023,2024-05-09,2024-05-01,2024-06-30
U0024,2024-01-21,2024-01-01,2024-01-21
U0024,2024-01-21,2024-01-01,2024-01-24
U0024,2024-01-21,2024-01-01,2024-01-27
U0024,2024-01-21,2024-01-01,2024-01-30
U0024,2024-01-21,2024-01-01,2024-02-02
U0024,2024-01-21,2024-01-01,2024-02-11
U0024,2024-01-21,2024-01-01,2024-02-14
U0024,2024-01-21,2024-01-01,2024-02-17
U0024,2024-01-21,2024-01-01,2024-02-29
U0024,2024-01-21,2024-01-01,2024-03-03
U0024,2024-01-21,2024-01-01,2024-03-06
U0024,2024-01-21,2024-01-01,2024-03-15
U0024,2024-01-21,2024-01-01,2024-03-21
U0024,2024-01-21,2024-01-01,2024-03-27
U0024,2024-01-21,2024-01-01,2024-04-08
U0024,2024-01-21,2024-01-01,2024-04-11
U0025,2024-06-09,2024-06-01,2024-06-09
U0025,2024-06-09,2024-06-01,2024-06-13
U0025,2024-06-09,2024-06-01,2024-06-25
U0025,2024-06-09,2024-06-01,2024-07-03
U0025,2024-06-09,2024-06-01,2024-07-07
U0025,2024-06-09,2024-06-01,2024-07-11
U0025,2024-06-09,2024-06-01,2024-07-15
U0025,2024-06-09,2024-06-01,2024-07-19
U0025,2024-06-09,2024-06-01,2024-07-23
U0026,2024-02-27,2024-02-01,2024-02-27
U0026,2024-02-27,2024-02-01,2024-02-29
U0026,2024-02-27,2024-02-01,2024-03-02
U0026,2024-02-27,2024-02-01,2024-03-04
U0026,2024-02-27,2024-02-01,2024-03-08
U0026,2024-02-27,2024-02-01,2024-03-12
U0026,2024-02-27,2024-02-01,2024-03-14
U0026,2024-02-27,2024-02-01,2024-03-18
U0026,2024-02-27,2024-02-01,2024-03-24
U0026,2024-02-27,2024-02-01,2024-03-30
U0027,2024-01-22,2024-01-01,2024-01-22
U0027,2024-01-22,2024-01-01,2024-01-24
U0027,2024-01-22,2024-01-01,2024-01-26
U0027,2024-01-22,2024-01-01,2024-01-28
U0027,2024-01-22,2024-01-01,2024-01-30
U0027,2024-01-22,2024-01-01,2024-02-01
U0027,2024-01-22,2024-01-01,2024-02-03
U0027,2024-01-22,2024-01-01,2024-02-05
U0027,2024-01-22,2024-01-01,2024-02-07
U0027,2024-01-22,2024-01-01,2024-02-11
U0027,2024-01-22,2024-01-01,2024-02-13
U0027,2024-01-22,2024-01-01,2024-02-15
U0027,2024-01-22,2024-01-01,2024-02-17
U0027,2024-01-22,2024-01-01,2024-02-21
U0027,2024-01-22,2024-01-01,2024-02-25
U0027,2024-01-22,2024-01-01,2024-02-29
U0027,2024-01-22,2024-01-01,2024-03-02
U0027,2024-01-22,2024-01-01,2024-03-08
U0027,2024-01-22,2024-01-01,2024-03-10
U0028,2024-03-29,2024-03-01,2024-03-29
U0028,2024-03-29,2024-03-01,2024-03-31
U0028,2024-03-29,2024-03-01,2024-04-02
U0028,2024-03-29,2024-03-01,2024-04-04
U0028,2024-03-29,2024-03-01,2024-04-06
U0028,2024-03-29,2024-03-01,2024-04-08
U0028,2024-03-29,2024-03-01,2024-04-10
U0028,2024-03-29,2024-03-01,2024-04-12
U0028,2024-03-29,2024-03-01,2024-04-14
U0028,2024-03-29,2024-03-01,2024-04-16
U0028,2024-03-29,2024-03-01,2024-04-20
U0028,2024-03-29,2024-03-01,2024-04-24
U0028,2024-03-29,2024-03-01,2024-05-04
U0028,2024-03-29,2024-03-01,2024-05-12
U0028,2024-03-29,2024-03-01,2024-05-14
U0029,2024-02-18,2024-02-01,2024-02-18
U0029,2024-02-18,2024-02-01,2024-02-20
U0029,2024-02-18,2024-02-01,2024-02-22
U0029,2024-02-18,2024-02-01,2024-02-24
U0029,2024-02-18,2024-02-01,2024-02-26
U0029,2024-02-18,2024-02-01,2024-02-28
U0029,2024-02-18,2024-02-01,2024-03-01
U0029,2024-02-18,2024-02-01,2024-03-03
U0029,2024-02-18,2024-02-01,2024-03-05
U0029,2024-02-18,2024-02-01,2024-03-07
U0029,2024-02-18,2024-02-01,2024-03-09
U0029,2024-02-18,2024-02-01,2024-03-11
U0029,2024-02-18,2024-02-01,2024-03-13
U0029,2024-02-18,2024-02-01,2024-03-15
U0029,2024-02-18,2024-02-01,2024-03-17
U0029,2024-02-18,2024-02-01,2024-03-19
U0029,2024-02-18,2024-02-01,2024-03-21
U0029,2024-02-18,2024-02-01,2024-03-23
U0029,2024-02-18,2024-02-01,2024-03-31
U0029,2024-02-18,2024-02-01,2024-04-04
U0030,2024-02-28,2024-02-01,2024-02-28
U0030,2024-02-28,2024-02-01,2024-03-01
U0030,2024-02-28,2024-02-01,2024-03-03
U0030,2024-02-28,2024-02-01,2024-03-05
U0030,2024-02-28,2024-02-01,2024-03-07
U0030,2024-02-28,2024-02-01,2024-03-09
U0030,2024-02-28,2024-02-01,2024-03-11
U0030,2024-02-28,2024-02-01,2024-03-15
U0030,2024-02-28,2024-02-01,2024-03-17
U0030,2024-02-28,2024-02-01,2024-03-19
U0030,2024-02-28,2024-02-01,2024-03-21
U0030,2024-02-28,2024-02-01,2024-03-23
U0030,2024-02-28,2024-02-01,2024-03-25
U0030,2024-02-28,2024-02-01,2024-03-27
U0030,2024-02-28,2024-02-01,2024-03-31
U0030,2024-02-28,2024-02-01,2024-04-02
U0030,2024-02-28,2024-02-01,2024-04-04
U0031,2024-06-18,2024-06-01,2024-06-18
U0031,2024-06-18,2024-06-01,2024-06-21
U0031,2024-06-18,2024-06-01,2024-06-24
U0031,2024-06-18,2024-06-01,2024-06-27
U0031,2024-06-18,2024-06-01,2024-06-30
U0031,2024-06-18,2024-06-01,2024-07-06
U0031,2024-06-18,2024-06-01,2024-07-09
U0031,2024-06-18,2024-06-01,2024-07-12
U0031,2024-06-18,2024-06-01,2024-07-15
U0031,2024-06-18,2024-06-01,2024-07-18
U0031,2024-06-18,2024-06-01,2024-07-24
U0031,2024-06-18,2024-06-01,2024-07-27
U0031,2024-06-18,2024-06-01,2024-07-30
U0032,2024-01-15,2024-01-01,2024-01-15
U0032,2024-01-15,2024-01-01,2024-01-16
U0032,2024-01-15,2024-01-01,2024-01-17
U0032,2024-01-15,2024-01-01,2024-01-20
U0032,2024-01-15,2024-01-01,2024-01-22
U0032,2024-01-15,2024-01-01,2024-01-23
U0032,2024-01-15,2024-01-01,2024-01-24
U0032,2024-01-15,2024-01-01,2024-01-25
U0032,2024-01-15,2024-01-01,2024-01-26
U0032,2024-01-15,2024-01-01,2024-01-27
U0032,2024-01-15,2024-01-01,2024-01-28
U0032,2024-01-15,2024-01-01,2024-01-29
U0032,2024-01-15,2024-01-01,2024-01-30
U0032,2024-01-15,2024-01-01,2024-01-31
U0032,2024-01-15,2024-01-01,2024-02-01
U0032,2024-01-15,2024-01-01,2024-02-02
U0032,2024-01-15,2024-01-01,2024-02-04
U0032,2024-01-15,2024-01-01,2024-02-05
U0032,2024-01-15,2024-01-01,2024-02-06
U0032,2024-01-15,2024-01-01,2024-02-08
U0032,2024-01-15,2024-01-01,2024-02-13
U0032,2024-01-15,2024-01-01,2024-02-16
U0032,2024-01-15,2024-01-01,2024-02-17
U0032,2024-01-15,2024-01-01,2024-02-21
U0032,2024-01-15,2024-01-01,2024-02-23
U0032,2024-01-15,2024-01-01,2024-02-25
U0032,2024-01-15,2024-01-01,2024-02-28
U0032,2024-01-15,2024-01-01,2024-03-01
U0032,2024-01-15,2024-01-01,2024-03-07
U0032,2024-01-15,2024-01-01,2024-03-08
U0032,2024-01-15,2024-01-01,2024-03-15
U0032,2024-01-15,2024-01-01,2024-03-17
U0032,2024-01-15,2024-01-01,2024-03-18
U0032,2024-01-15,2024-01-01,2024-03-24
U0032,2024-01-15,2024-01-01,2024-03-26
U0032,2024-01-15,2024-01-01,2024-03-27
U0033,2024-06-23,2024-06-01,2024-06-23
U0033,2024-06-23,2024-06-01,2024-06-27
U0033,2024-06-23,2024-06-01,2024-07-01
U0033,2024-06-23,2024-06-01,2024-07-05
U0033,2024-06-23,2024-06-01,2024-07-09
U0033,2024-06-23,2024-06-01,2024-07-13
U0033,2024-06-23,2024-06-01,2024-07-17
U0033,2024-06-23,2024-06-01,2024-07-21
U0034,2024-02-20,2024-02-01,2024-02-20
U0034,2024-02-20,2024-02-01,2024-02-23
U0034,2024-02-20,2024-02-01,2024-02-29
U0034,2024-02-20,2024-02-01,2024-03-03
U0034,2024-02-20,2024-02-01,2024-03-06
U0034,2024-02-20,2024-02-01,2024-03-09
U0034,2024-02-20,2024-02-01,2024-03-15
U0034,2024-02-20,2024-02-01,2024-03-21
U0034,2024-02-20,2024-02-01,2024-03-27
U0034,2024-02-20,2024-02-01,2024-03-30
U0034,2024-02-20,2024-02-01,2024-04-02
U0034,2024-02-20,2024-02-01,2024-04-05
U0034,2024-02-20,2024-02-01,2024-04-08
U0034,2024-02-20,2024-02-01,2024-04-11
U0035,2024-04-17,2024-04-01,2024-04-17
U0035,2024-04-17,2024-04-01,2024-04-21
U0035,2024-04-17,2024-04-01,2024-04-25
U0035,2024-04-17,2024-04-01,2024-04-29
U0035,2024-04-17,2024-04-01,2024-05-03
U0035,2024-04-17,2024-04-01,2024-05-07
U0035,2024-04-17,2024-04-01,2024-05-11
U0035,2024-04-17,2024-04-01,2024-05-19
U0035,2024-04-17,2024-04-01,2024-05-23
U0036,2024-02-24,2024-02-01,2024-02-24
U0036,2024-02-24,2024-02-01,2024-02-25
U0036,2024-02-24,2024-02-01,2024-02-26
U0036,2024-02-24,2024-02-01,2024-02-27
U0036,2024-02-24,2024-02-01,2024-02-28
U0036,2024-02-24,2024-02-01,2024-02-29
U0036,2024-02-24,2024-02-01,2024-03-01
U0036,2024-02-24,2024-02-01,2024-03-02
U0036,2024-02-24,2024-02-01,2024-03-04
U0036,2024-02-24,2024-02-01,2024-03-05
U0036,2024-02-24,2024-02-01,2024-03-07
U0036,2024-02-24,2024-02-01,2024-03-08
U0036,2024-02-24,2024-02-01,2024-03-09
U0036,2024-02-24,2024-02-01,2024-03-10
U0036,2024-02-24,2024-02-01,2024-03-13
U0036,2024-02-24,2024-02-01,2024-03-14
U0036,2024-02-24,2024-02-01,2024-03-16
U0036,2024-02-24,2024-02-01,2024-03-18
U0036,2024-02-24,2024-02-01,2024-03-19
U0036,2024-02-24,2024-02-01,2024-03-20
U0036,2024-02-24,2024-02-01,2024-03-21
U0036,2024-02-24,2024-02-01,2024-03-22
U0036,2024-02-24,2024-02-01,2024-03-23
U0036,2024-02-24,2024-02-01,2024-03-24
U0036,2024-02-24,2024-02-01,2024-03-27
U0036,2024-02-24,2024-02-01,2024-03-28
U0036,2024-02-24,2024-02-01,2024-03-29
U0036,2024-02-24,2024-02-01,2024-04-02
U0036,2024-02-24,2024-02-01,2024-04-03
U0036,2024-02-24,2024-02-01,2024-04-05
U0036,2024-02-24,2024-02-01,2024-04-07
U0036,2024-02-24,2024-02-01,2024-04-09
U0036,2024-02-24,2024-02-01,2024-04-10
U0036,2024-02-24,2024-02-01,2024-04-14
U0036,2024-02-24,2024-02-01,2024-04-15
U0036,2024-02-24,2024-02-01,2024-04-18
U0036,2024-02-24,2024-02-01,2024-04-19
U0036,2024-02-24,2024-02-01,2024-04-20
U0036,2024-02-24,2024-02-01,2024-04-22
U0036,2024-02-24,2024-02-01,2024-04-23
U0036,2024-02-24,2024-02-01,2024-04-24
U0036,2024-02-24,2024-02-01,2024-04-25
U0036,2024-02-24,2024-02-01,2024-04-26
U0036,2024-02-24,2024-02-01,2024-04-28
U0037,2024-03-04,2024-03-01,2024-03-04
U0037,2024-03-04,2024-03-01,2024-03-08
U0037,2024-03-04,2024-03-01,2024-03-16
U0038,2024-05-10,2024-05-01,2024-05-10
U0038,2024-05-10,2024-05-01,2024-05-11
U0038,2024-05-10,2024-05-01,2024-05-12
U0038,2024-05-10,2024-05-01,2024-05-13
U0038,2024-05-10,2024-05-01,2024-05-14
U0038,2024-05-10,2024-05-01,2024-05-16
U0038,2024-05-10,2024-05-01,2024-05-17
U0038,2024-05-10,2024-05-01,2024-05-18
U0038,2024-05-10,2024-05-01,2024-05-19
U0038,2024-05-10,2024-05-01,2024-05-21
U0038,2024-05-10,2024-05-01,2024-05-22
U0038,2024-05-10,2024-05-01,2024-05-23
U0038,2024-05-10,2024-05-01,2024-05-24
U0038,2024-05-10,2024-05-01,2024-05-25
U0038,2024-05-10,2024-05-01,2024-05-27
U0038,2024-05-10,2024-05-01,2024-05-28
U0038,2024-05-10,2024-05-01,2024-05-30
U0038,2024-05-10,2024-05-01,2024-05-31
U0038,2024-05-10,2024-05-01,2024-06-01
U0038,2024-05-10,2024-05-01,2024-06-03
U0038,2024-05-10,2024-05-01,2024-06-06
U0038,2024-05-10,2024-05-01,2024-06-08
U0038,2024-05-10,2024-05-01,2024-06-09
U0038,2024-05-10,2024-05-01,2024-06-13
U0038,2024-05-10,2024-05-01,2024-06-14
U0038,2024-05-10,2024-05-01,2024-06-15
U0038,2024-05-10,2024-05-01,2024-06-16
U0038,2024-05-10,2024-05-01,2024-06-17
U0038,2024-05-10,2024-05-01,2024-06-18
U0038,2024-05-10,2024-05-01,2024-06-19
U0038,2024-05-10,2024-05-01,2024-06-20
U0038,2024-05-10,2024-05-01,2024-06-21
U0038,2024-05-10,2024-05-01,2024-06-24
U0038,2024-05-10,2024-05-01,2024-06-27
U0038,2024-05-10,2024-05-01,2024-07-01
U0039,2024-02-20,2024-02-01,2024-02-20
U0039,2024-02-20,2024-02-01,2024-02-23
U0039,2024-02-20,2024-02-01,2024-02-26
U0039,2024-02-20,2024-02-01,2024-02-29
U0039,2024-02-20,2024-02-01,2024-03-03
U0039,2024-02-20,2024-02-01,2024-03-06
U0039,2024-02-20,2024-02-01,2024-03-09
U0040,2024-05-14,2024-05-01,2024-05-14
U0040,2024-05-14,2024-05-01,2024-05-18
U0040,2024-05-14,2024-05-01,2024-05-22
U0040,2024-05-14,2024-05-01,2024-05-26
U0041,2024-01-21,2024-01-01,2024-01-21
U0041,2024-01-21,2024-01-01,2024-01-23
U0041,2024-01-21,2024-01-01,2024-01-25
U0041,2024-01-21,2024-01-01,2024-01-27
U0041,2024-01-21,2024-01-01,2024-01-29
U0041,2024-01-21,2024-01-01,2024-01-31
U0041,2024-01-21,2024-01-01,2024-02-02
U0041,2024-01-21,2024-01-01,2024-02-04
U0041,2024-01-21,2024-01-01,2024-02-10
U0041,2024-01-21,2024-01-01,2024-02-18
U0041,2024-01-21,2024-01-01,2024-02-20
U0041,2024-01-21,2024-01-01,2024-02-22
U0041,2024-01-21,2024-01-01,2024-02-24
U0041,2024-01-21,2024-01-01,2024-02-26
U0041,2024-01-21,2024-01-01,2024-03-01
U0042,2024-03-13,2024-03-01,2024-03-13
U0042,2024-03-13,2024-03-01,2024-03-15
U0042,2024-03-13,2024-03-01,2024-03-17
U0042,2024-03-13,2024-03-01,2024-03-19
U0042,2024-03-13,2024-03-01,2024-03-21
U0042,2024-03-13,2024-03-01,2024-03-23
U0042,2024-03-13,2024-03-01,2024-03-25
U0042,2024-03-13,2024-03-01,2024-03-27
U0042,2024-03-13,2024-03-01,2024-03-29
U0042,2024-03-13,2024-03-01,2024-03-31
U0042,2024-03-13,2024-03-01,2024-04-02
U0042,2024-03-13,2024-03-01,2024-04-04
U0042,2024-03-13,2024-03-01,2024-04-08
U0042,2024-03-13,2024-03-01,2024-04-10
U0042,2024-03-13,2024-03-01,2024-04-12
U0042,2024-03-13,2024-03-01,2024-04-14
U0042,2024-03-13,2024-03-01,2024-04-16
U0042,2024-03-13,2024-03-01,2024-04-20
U0043,2024-06-15,2024-06-01,2024-06-15
U0043,2024-06-15,2024-06-01,2024-06-19
U0043,2024-06-15,2024-06-01,2024-06-23
U0043,2024-06-15,2024-06-01,2024-06-27
U0044,2024-01-18,2024-01-01,2024-01-18
U0044,2024-01-18,2024-01-01,2024-01-19
U0044,2024-01-18,2024-01-01,2024-01-20
U0044,2024-01-18,2024-01-01,2024-01-21
U0044,2024-01-18,2024-01-01,2024-01-22
U0044,2024-01-18,2024-01-01,2024-01-23
U0044,2024-01-18,2024-01-01,2024-01-24
U0044,2024-01-18,2024-01-01,2024-01-25
U0044,2024-01-18,2024-01-01,2024-01-26
U0044,2024-01-18,2024-01-01,2024-01-27
U0044,2024-01-18,2024-01-01,2024-01-28
U0044,2024-01-18,2024-01-01,2024-01-29
U0044,2024-01-18,2024-01-01,2024-01-30
U0044,2024-01-18,2024-01-01,2024-01-31
U0044,2024-01-18,2024-01-01,2024-02-01
U0044,2024-01-18,2024-01-01,2024-02-02
U0044,2024-01-18,2024-01-01,2024-02-03
U0044,2024-01-18,2024-01-01,2024-02-05
U0044,2024-01-18,2024-01-01,2024-02-06
U0044,2024-01-18,2024-01-01,2024-02-07
U0044,2024-01-18,2024-01-01,2024-02-08
U0044,2024-01-18,2024-01-01,2024-02-09
U0044,2024-01-18,2024-01-01,2024-02-13
U0044,2024-01-18,2024-01-01,2024-02-14
U0044,2024-01-18,2024-01-01,2024-02-15
U0044,2024-01-18,2024-01-01,2024-02-16
U0044,2024-01-18,2024-01-01,2024-02-18
U0044,2024-01-18,2024-01-01,2024-02-19
U0044,2024-01-18,2024-01-01,2024-02-20
U0044,2024-01-18,2024-01-01,2024-02-21
U0044,2024-01-18,2024-01-01,2024-02-23
U0044,2024-01-18,2024-01-01,2024-02-24
U0044,2024-01-18,2024-01-01,2024-02-25
U0044,2024-01-18,2024-01-01,2024-02-26
U0044,2024-01-18,2024-01-01,2024-03-02
U0044,2024-01-18,2024-01-01,2024-03-04
U0044,2024-01-18,2024-01-01,2024-03-05
U0044,2024-01-18,2024-01-01,2024-03-07
U0044,2024-01-18,2024-01-01,2024-03-15
U0044,2024-01-18,2024-01-01,2024-03-17
U0045,2024-05-11,2024-05-01,2024-05-11
U0045,2024-05-11,2024-05-01,2024-05-14
U0045,2024-05-11,2024-05-01,2024-05-17
U0045,2024-05-11,2024-05-01,2024-05-20
U0045,2024-05-11,2024-05-01,2024-05-23
U0045,2024-05-11,2024-05-01,2024-05-26
U0045,2024-05-11,2024-05-01,2024-05-29
U0045,2024-05-11,2024-05-01,2024-06-07
U0045,2024-05-11,2024-05-01,2024-06-10
U0045,2024-05-11,2024-05-01,2024-06-13
U0045,2024-05-11,2024-05-01,2024-06-22
U0045,2024-05-11,2024-05-01,2024-06-25
U0045,2024-05-11,2024-05-01,2024-06-28
U0045,2024-05-11,2024-05-01,2024-07-07
U0045,2024-05-11,2024-05-01,2024-07-10
U0045,2024-05-11,2024-05-01,2024-07-13
U0045,2024-05-11,2024-05-01,2024-07-19
U0046,2024-03-29,2024-03-01,2024-03-29
U0046,2024-03-29,2024-03-01,2024-03-30
U0046,2024-03-29,2024-03-01,2024-03-31
U0046,2024-03-29,2024-03-01,2024-04-01
U0046,2024-03-29,2024-03-01,2024-04-02
U0046,2024-03-29,2024-03-01,2024-04-03
U0046,2024-03-29,2024-03-01,2024-04-04
U0046,2024-03-29,2024-03-01,2024-04-05
U0046,2024-03-29,2024-03-01,2024-04-07
U0046,2024-03-29,2024-03-01,2024-04-08
U0046,2024-03-29,2024-03-01,2024-04-10
U0046,2024-03-29,2024-03-01,2024-04-11
U0046,2024-03-29,2024-03-01,2024-04-12
U0046,2024-03-29,2024-03-01,2024-04-14
U0046,2024-03-29,2024-03-01,2024-04-15
U0046,2024-03-29,2024-03-01,2024-04-16
U0046,2024-03-29,2024-03-01,2024-04-18
U0046,2024-03-29,2024-03-01,2024-04-19
U0046,2024-03-29,2024-03-01,2024-04-20
U0046,2024-03-29,2024-03-01,2024-04-21
U0046,2024-03-29,2024-03-01,2024-04-22
U0046,2024-03-29,2024-03-01,2024-04-24
U0046,2024-03-29,2024-03-01,2024-04-25
U0046,2024-03-29,2024-03-01,2024-04-26
U0046,2024-03-29,2024-03-01,2024-04-29
U0047,2024-02-29,2024-02-01,2024-02-29
U0047,2024-02-29,2024-02-01,2024-03-01
U0047,2024-02-29,2024-02-01,2024-03-02
U0047,2024-02-29,2024-02-01,2024-03-04
U0047,2024-02-29,2024-02-01,2024-03-05
U0047,2024-02-29,2024-02-01,2024-03-06
U0047,2024-02-29,2024-02-01,2024-03-07
U0047,2024-02-29,2024-02-01,2024-03-08
U0047,2024-02-29,2024-02-01,2024-03-09
U0047,2024-02-29,2024-02-01,2024-03-10
U0047,2024-02-29,2024-02-01,2024-03-11
U0047,2024-02-29,2024-02-01,2024-03-12
U0047,2024-02-29,2024-02-01,2024-03-13
U0047,2024-02-29,2024-02-01,2024-03-14
U0047,2024-02-29,2024-02-01,2024-03-15
U0047,2024-02-29,2024-02-01,2024-03-17
U0047,2024-02-29,2024-02-01,2024-03-18
U0047,2024-02-29,2024-02-01,2024-03-19
U0047,2024-02-29,2024-02-01,2024-03-20
U0048,2024-01-14,2024-01-01,2024-01-14
U0048,2024-01-14,2024-01-01,2024-01-15
U0048,2024-01-14,2024-01-01,2024-01-16
U0048,2024-01-14,2024-01-01,2024-01-17
U0048,2024-01-14,2024-01-01,2024-01-18
U0048,2024-01-14,2024-01-01,2024-01-19
U0048,2024-01-14,2024-01-01,2024-01-20
U0048,2024-01-14,2024-01-01,2024-01-21
U0048,2024-01-14,2024-01-01,2024-01-22
U0048,2024-01-14,2024-01-01,2024-01-23
U0048,2024-01-14,2024-01-01,2024-01-24
U0048,2024-01-14,2024-01-01,2024-01-25
U0048,2024-01-14,2024-01-01,2024-01-27
U0048,2024-01-14,2024-01-01,2024-01-28
U0048,2024-01-14,2024-01-01,2024-01-30
U0048,2024-01-14,2024-01-01,2024-01-31
U0048,2024-01-14,2024-01-01,2024-02-03
U0048,2024-01-14,2024-01-01,2024-02-04
U0048,2024-01-14,2024-01-01,2024-02-05
U0048,2024-01-14,2024-01-01,2024-02-06
U0048,2024-01-14,2024-01-01,2024-02-07
U0048,2024-01-14,2024-01-01,2024-02-11
U0048,2024-01-14,2024-01-01,2024-02-17
U0048,2024-01-14,2024-01-01,2024-02-18
U0048,2024-01-14,2024-01-01,2024-02-19
U0048,2024-01-14,2024-01-01,2024-02-20
U0048,2024-01-14,2024-01-01,2024-02-23
U0048,2024-01-14,2024-01-01,2024-02-24
U0048,2024-01-14,2024-01-01,2024-02-26
U0048,2024-01-14,2024-01-01,2024-02-27
U0048,2024-01-14,2024-01-01,2024-02-28
U0049,2024-01-09,2024-01-01,2024-01-09
U0049,2024-01-09,2024-01-01,2024-01-13
U0049,2024-01-09,2024-01-01,2024-01-17
U0049,2024-01-09,2024-01-01,2024-01-25
U0049,2024-01-09,2024-01-01,2024-02-02
U0049,2024-01-09,2024-01-01,2024-02-06
U0049,2024-01-09,2024-01-01,2024-02-14
U0049,2024-01-09,2024-01-01,2024-02-18
U0049,2024-01-09,2024-01-01,2024-03-01
U0050,2024-03-30,2024-03-01,2024-03-30
U0050,2024-03-30,2024-03-01,2024-03-31
U0050,2024-03-30,2024-03-01,2024-04-01
U0050,2024-03-30,2024-03-01,2024-04-02
U0050,2024-03-30,2024-03-01,2024-04-04
U0050,2024-03-30,2024-03-01,2024-04-05
U0050,2024-03-30,2024-03-01,2024-04-06
U0050,2024-03-30,2024-03-01,2024-04-07
U0050,2024-03-30,2024-03-01,2024-04-08
U0050,2024-03-30,2024-03-01,2024-04-09
U0050,2024-03-30,2024-03-01,2024-04-10
U0050,2024-03-30,2024-03-01,2024-04-11
U0050,2024-03-30,2024-03-01,2024-04-12
U0050,2024-03-30,2024-03-01,2024-04-14
U0050,2024-03-30,2024-03-01,2024-04-15
U0050,2024-03-30,2024-03-01,2024-04-16
U0050,2024-03-30,2024-03-01,2024-04-17
U0050,2024-03-30,2024-03-01,2024-04-18
U0050,2024-03-30,2024-03-01,2024-04-19
U0050,2024-03-30,2024-03-01,2024-04-20
U0050,2024-03-30,2024-03-01,2024-04-21
U0050,2024-03-30,2024-03-01,2024-04-26
U0051,2024-02-22,2024-02-01,2024-02-22
U0051,2024-02-22,2024-02-01,2024-02-24
U0051,2024-02-22,2024-02-01,2024-02-26
U0051,2024-02-22,2024-02-01,2024-02-28
U0051,2024-02-22,2024-02-01,2024-03-01
U0051,2024-02-22,2024-02-01,2024-03-03
U0051,2024-02-22,2024-02-01,2024-03-05
U0051,2024-02-22,2024-02-01,2024-03-09
U0051,2024-02-22,2024-02-01,2024-03-11
U0051,2024-02-22,2024-02-01,2024-03-17
U0051,2024-02-22,2024-02-01,2024-03-21
U0051,2024-02-22,2024-02-01,2024-03-23
U0051,2024-02-22,2024-02-01,2024-03-25
U0051,2024-02-22,2024-02-01,2024-03-27
U0051,2024-02-22,2024-02-01,2024-03-31
U0051,2024-02-22,2024-02-01,2024-04-02
U0051,2024-02-22,2024-02-01,2024-04-08
U0051,2024-02-22,2024-02-01,2024-04-12
U0051,2024-02-22,2024-02-01,2024-04-20
U0051,2024-02-22,2024-02-01,2024-04-22
U0051,2024-02-22,2024-02-01,2024-04-24
U0051,2024-02-22,2024-02-01,2024-04-26
U0051,2024-02-22,2024-02-01,2024-04-28
U0052,2024-05-09,2024-05-01,2024-05-09
U0052,2024-05-09,2024-05-01,2024-05-13
U0052,2024-05-09,2024-05-01,2024-05-17
U0052,2024-05-09,2024-05-01,2024-05-21
U0052,2024-05-09,2024-05-01,2024-05-25
U0053,2024-03-24,2024-03-01,2024-03-24
U0053,2024-03-24,2024-03-01,2024-03-27
U0053,2024-03-24,2024-03-01,2024-03-30
U0053,2024-03-24,2024-03-01,2024-04-02
U0053,2024-03-24,2024-03-01,2024-04-05
U0053,2024-03-24,2024-03-01,2024-04-08
U0053,2024-03-24,2024-03-01,2024-04-14
U0053,2024-03-24,2024-03-01,2024-04-17
U0053,2024-03-24,2024-03-01,2024-04-23
U0053,2024-03-24,2024-03-01,2024-04-29
U0053,2024-03-24,2024-03-01,2024-05-02
U0053,2024-03-24,2024-03-01,2024-05-05
U0053,2024-03-24,2024-03-01,2024-05-14
U0053,2024-03-24,2024-03-01,2024-05-20
U0054,2024-04-01,2024-04-01,2024-04-01
U0054,2024-04-01,2024-04-01,2024-04-02
U0054,2024-04-01,2024-04-01,2024-04-03
U0054,2024-04-01,2024-04-01,2024-04-04
U0054,2024-04-01,2024-04-01,2024-04-05
U0054,2024-04-01,2024-04-01,2024-04-06
U0054,2024-04-01,2024-04-01,2024-04-07
U0054,2024-04-01,2024-04-01,2024-04-09
U0054,2024-04-01,2024-04-01,2024-04-10
U0054,2024-04-01,2024-04-01,2024-04-11
U0054,2024-04-01,2024-04-01,2024-04-12
U0054,2024-04-01,2024-04-01,2024-04-13
U0054,2024-04-01,2024-04-01,2024-04-14
U0054,2024-04-01,2024-04-01,2024-04-15
U0054,2024-04-01,2024-04-01,2024-04-17
U0054,2024-04-01,2024-04-01,2024-04-18
U0054,2024-04-01,2024-04-01,2024-04-19
U0054,2024-04-01,2024-04-01,2024-04-20
U0054,2024-04-01,2024-04-01,2024-04-21
U0055,2024-04-20,2024-04-01,2024-04-20
U0055,2024-04-20,2024-04-01,2024-04-24
U0055,2024-04-20,2024-04-01,2024-04-28
U0055,2024-04-20,2024-04-01,2024-05-02
U0055,2024-04-20,2024-04-01,2024-05-06
U0055,2024-04-20,2024-04-01,2024-05-10
U0056,2024-06-20,2024-06-01,2024-06-20
U0056,2024-06-20,2024-06-01,2024-06-21
U0056,2024-06-20,2024-06-01,2024-06-22
U0056,2024-06-20,2024-06-01,2024-06-23
U0056,2024-06-20,2024-06-01,2024-06-24
U0056,2024-06-20,2024-06-01,2024-06-25
U0056,2024-06-20,2024-06-01,2024-06-26
U0056,2024-06-20,2024-06-01,2024-06-27
U0056,2024-06-20,2024-06-01,2024-06-30
U0056,2024-06-20,2024-06-01,2024-07-01
U0056,2024-06-20,2024-06-01,2024-07-03
U0056,2024-06-20,2024-06-01,2024-07-04
U0056,2024-06-20,2024-06-01,2024-07-05
U0056,2024-06-20,2024-06-01,2024-07-06
U0056,2024-06-20,2024-06-01,2024-07-08
U0056,2024-06-20,2024-06-01,2024-07-09
U0056,2024-06-20,2024-06-01,2024-07-10
U0056,2024-06-20,2024-06-01,2024-07-11
U0056,2024-06-20,2024-06-01,2024-07-13
U0056,2024-06-20,2024-06-01,2024-07-16
U0056,2024-06-20,2024-06-01,2024-07-17
U0056,2024-06-20,2024-06-01,2024-07-18
U0056,2024-06-20,2024-06-01,2024-07-20
U0056,2024-06-20,2024-06-01,2024-07-23
U0056,2024-06-20,2024-06-01,2024-07-25
U0056,2024-06-20,2024-06-01,2024-07-26
U0056,2024-06-20,2024-06-01,2024-07-29
U0056,2024-06-20,2024-06-01,2024-08-01
U0056,2024-06-20,2024-06-01,2024-08-03
U0056,2024-06-20,2024-06-01,2024-08-04
U0056,2024-06-20,2024-06-01,2024-08-05
U0056,2024-06-20,2024-06-01,2024-08-08
U0056,2024-06-20,2024-06-01,2024-08-11
U0056,2024-06-20,2024-06-01,2024-08-20
U0056,2024-06-20,2024-06-01,2024-08-23
U0056,2024-06-20,2024-06-01,2024-08-24
U0056,2024-06-20,2024-06-01,2024-08-29
U0057,2024-01-08,2024-01-01,2024-01-08
U0057,2024-01-08,2024-01-01,2024-01-12
U0057,2024-01-08,2024-01-01,2024-01-16
U0057,2024-01-08,2024-01-01,2024-01-20
U0057,2024-01-08,2024-01-01,2024-01-24
U0057,2024-01-08,2024-01-01,2024-01-28
U0057,2024-01-08,2024-01-01,2024-02-05
U0057,2024-01-08,2024-01-01,2024-02-09
U0057,2024-01-08,2024-01-01,2024-02-13
U0057,2024-01-08,2024-01-01,2024-02-21
U0057,2024-01-08,2024-01-01,2024-02-25
U0057,2024-01-08,2024-01-01,2024-03-08
U0057,2024-01-08,2024-01-01,2024-03-12
U0057,2024-01-08,2024-01-01,2024-03-16
U0058,2024-06-23,2024-06-01,2024-06-23
U0058,2024-06-23,2024-06-01,2024-06-26
U0058,2024-06-23,2024-06-01,2024-06-29
U0058,2024-06-23,2024-06-01,2024-07-02
U0058,2024-06-23,2024-06-01,2024-07-05
U0058,2024-06-23,2024-06-01,2024-07-11
U0058,2024-06-23,2024-06-01,2024-07-17
U0058,2024-06-23,2024-06-01,2024-07-20
U0058,2024-06-23,2024-06-01,2024-07-26
U0058,2024-06-23,2024-06-01,2024-08-01
U0058,2024-06-23,2024-06-01,2024-08-04
U0058,2024-06-23,2024-06-01,2024-08-10
U0059,2024-02-04,2024-02-01,2024-02-04
U0059,2024-02-04,2024-02-01,2024-02-07
U0059,2024-02-04,2024-02-01,2024-02-10
U0059,2024-02-04,2024-02-01,2024-02-13
U0059,2024-02-04,2024-02-01,2024-02-16
U0059,2024-02-04,2024-02-01,2024-02-19
U0059,2024-02-04,2024-02-01,2024-02-22
U0059,2024-02-04,2024-02-01,2024-02-25
U0059,2024-02-04,2024-02-01,2024-02-28
U0059,2024-02-04,2024-02-01,2024-03-17
U0059,2024-02-04,2024-02-01,2024-03-29
U0059,2024-02-04,2024-02-01,2024-04-19
U0060,2024-03-21,2024-03-01,2024-03-21
U0060,2024-03-21,2024-03-01,2024-03-25
U0060,2024-03-21,2024-03-01,2024-03-29
U0060,2024-03-21,2024-03-01,2024-04-06
U0060,2024-03-21,2024-03-01,2024-04-22
U0061,2024-06-12,2024-06-01,2024-06-12
U0061,2024-06-12,2024-06-01,2024-06-14
U0061,2024-06-12,2024-06-01,2024-06-16
U0061,2024-06-12,2024-06-01,2024-06-18
U0061,2024-06-12,2024-06-01,2024-06-20
U0061,2024-06-12,2024-06-01,2024-06-22
U0061,2024-06-12,2024-06-01,2024-06-24
U0061,2024-06-12,2024-06-01,2024-06-26
U0061,2024-06-12,2024-06-01,2024-06-28
U0061,2024-06-12,2024-06-01,2024-06-30
U0061,2024-06-12,2024-06-01,2024-07-02
U0061,2024-06-12,2024-06-01,2024-07-04
U0061,2024-06-12,2024-06-01,2024-07-06
U0061,2024-06-12,2024-06-01,2024-07-08
U0061,2024-06-12,2024-06-01,2024-07-10
U0061,2024-06-12,2024-06-01,2024-07-12
U0061,2024-06-12,2024-06-01,2024-07-16
U0061,2024-06-12,2024-06-01,2024-07-28
U0061,2024-06-12,2024-06-01,2024-07-30
U0061,2024-06-12,2024-06-01,2024-08-01
U0061,2024-06-12,2024-06-01,2024-08-05
U0061,2024-06-12,2024-06-01,2024-08-15
U0061,2024-06-12,2024-06-01,2024-08-21
U0061,2024-06-12,2024-06-01,2024-08-23
U0062,2024-02-19,2024-02-01,2024-02-19
U0062,2024-02-19,2024-02-01,2024-02-23
U0062,2024-02-19,2024-02-01,2024-02-27
U0062,2024-02-19,2024-02-01,2024-03-02
U0062,2024-02-19,2024-02-01,2024-03-10
U0062,2024-02-19,2024-02-01,2024-03-18
U0062,2024-02-19,2024-02-01,2024-04-07
U0062,2024-02-19,2024-02-01,2024-04-15
U0063,2024-04-13,2024-04-01,2024-04-13
U0063,2024-04-13,2024-04-01,2024-04-16
U0063,2024-04-13,2024-04-01,2024-04-19
U0063,2024-04-13,2024-04-01,2024-04-22
U0063,2024-04-13,2024-04-01,2024-04-25
U0063,2024-04-13,2024-04-01,2024-04-28
U0063,2024-04-13,2024-04-01,2024-05-01
U0063,2024-04-13,2024-04-01,2024-05-04
U0063,2024-04-13,2024-04-01,2024-05-07
U0063,2024-04-13,2024-04-01,2024-05-10
U0063,2024-04-13,2024-04-01,2024-05-16
U0063,2024-04-13,2024-04-01,2024-05-19
U0063,2024-04-13,2024-04-01,2024-05-22
U0064,2024-05-11,2024-05-01,2024-05-11
U0064,2024-05-11,2024-05-01,2024-05-12
U0064,2024-05-11,2024-05-01,2024-05-13
U0064,2024-05-11,2024-05-01,2024-05-14
U0064,2024-05-11,2024-05-01,2024-05-15
U0064,2024-05-11,2024-05-01,2024-05-16
U0064,2024-05-11,2024-05-01,2024-05-17
U0064,2024-05-11,2024-05-01,2024-05-18
U0064,2024-05-11,2024-05-01,2024-05-19
U0064,2024-05-11,2024-05-01,2024-05-20
U0064,2024-05-11,2024-05-01,2024-05-21
U0064,2024-05-11,2024-05-01,2024-05-23
U0064,2024-05-11,2024-05-01,2024-05-24
U0064,2024-05-11,2024-05-01,2024-05-25
U0064,2024-05-11,2024-05-01,2024-05-26
U0064,2024-05-11,2024-05-01,2024-05-27
U0064,2024-05-11,2024-05-01,2024-05-28
U0064,2024-05-11,2024-05-01,2024-05-30
U0064,2024-05-11,2024-05-01,2024-05-31
U0064,2024-05-11,2024-05-01,2024-06-02
U0064,2024-05-11,2024-05-01,2024-06-03
U0064,2024-05-11,2024-05-01,2024-06-04
U0064,2024-05-11,2024-05-01,2024-06-05
U0064,2024-05-11,2024-05-01,2024-06-06
U0064,2024-05-11,2024-05-01,2024-06-09
U0064,2024-05-11,2024-05-01,2024-06-10
U0064,2024-05-11,2024-05-01,2024-06-14
U0064,2024-05-11,2024-05-01,2024-06-16
U0064,2024-05-11,2024-05-01,2024-06-17
U0064,2024-05-11,2024-05-01,2024-06-18
U0064,2024-05-11,2024-05-01,2024-06-21
U0064,2024-05-11,2024-05-01,2024-06-22
U0064,2024-05-11,2024-05-01,2024-06-23
U0064,2024-05-11,2024-05-01,2024-06-24
U0064,2024-05-11,2024-05-01,2024-06-25
U0064,2024-05-11,2024-05-01,2024-06-26
U0064,2024-05-11,2024-05-01,2024-06-28
U0064,2024-05-11,2024-05-01,2024-06-29
U0064,2024-05-11,2024-05-01,2024-06-30
U0064,2024-05-11,2024-05-01,2024-07-04
U0064,2024-05-11,2024-05-01,2024-07-06
U0064,2024-05-11,2024-05-01,2024-07-12
U0064,2024-05-11,2024-05-01,2024-07-14
U0065,2024-01-02,2024-01-01,2024-01-02
U0065,2024-01-02,2024-01-01,2024-01-04
U0065,2024-01-02,2024-01-01,2024-01-06
U0065,2024-01-02,2024-01-01,2024-01-08
U0065,2024-01-02,2024-01-01,2024-01-10
U0065,2024-01-02,2024-01-01,2024-01-12
U0065,2024-01-02,2024-01-01,2024-01-14
U0065,2024-01-02,2024-01-01,2024-01-16
U0065,2024-01-02,2024-01-01,2024-01-18
U0065,2024-01-02,2024-01-01,2024-01-20
U0065,2024-01-02,2024-01-01,2024-01-24
U0066,2024-05-13,2024-05-01,2024-05-13
U0066,2024-05-13,2024-05-01,2024-05-16
U0066,2024-05-13,2024-05-01,2024-05-19
U0066,2024-05-13,2024-05-01,2024-05-22
U0066,2024-05-13,2024-05-01,2024-05-25
U0066,2024-05-13,2024-05-01,2024-05-28
U0066,2024-05-13,2024-05-01,2024-06-12
U0066,2024-05-13,2024-05-01,2024-06-15
U0066,2024-05-13,2024-05-01,2024-06-21
U0066,2024-05-13,2024-05-01,2024-07-03
U0066,2024-05-13,2024-05-01,2024-07-06
U0066,2024-05-13,2024-05-01,2024-07-12
U0067,2024-02-23,2024-02-01,2024-02-23
U0067,2024-02-23,2024-02-01,2024-02-24
U0067,2024-02-23,2024-02-01,2024-02-25
U0067,2024-02-23,2024-02-01,2024-02-26
U0067,2024-02-23,2024-02-01,2024-02-27
U0067,2024-02-23,2024-02-01,2024-02-28
U0067,2024-02-23,2024-02-01,2024-02-29
U0067,2024-02-23,2024-02-01,2024-03-01
U0067,2024-02-23,2024-02-01,2024-03-02
U0067,2024-02-23,2024-02-01,2024-03-03
U0067,2024-02-23,2024-02-01,2024-03-04
U0067,2024-02-23,2024-02-01,2024-03-05
U0067,2024-02-23,2024-02-01,2024-03-06
U0067,2024-02-23,2024-02-01,2024-03-08
U0067,2024-02-23,2024-02-01,2024-03-09
U0067,2024-02-23,2024-02-01,2024-03-10
U0067,2024-02-23,2024-02-01,2024-03-11
U0067,2024-02-23,2024-02-01,2024-03-12
U0067,2024-02-23,2024-02-01,2024-03-13
U0067,2024-02-23,2024-02-01,2024-03-15
U0067,2024-02-23,2024-02-01,2024-03-16
U0067,2024-02-23,2024-02-01,2024-03-17
U0067,2024-02-23,2024-02-01,2024-03-18
U0067,2024-02-23,2024-02-01,2024-03-19
U0067,2024-02-23,2024-02-01,2024-03-20
U0067,2024-02-23,2024-02-01,2024-03-22
U0067,2024-02-23,2024-02-01,2024-03-23
U0067,2024-02-23,2024-02-01,2024-03-25
U0067,2024-02-23,2024-02-01,2024-03-27
U0067,2024-02-23,2024-02-01,2024-04-01
U0067,2024-02-23,2024-02-01,2024-04-03
U0067,2024-02-23,2024-02-01,2024-04-04
U0067,2024-02-23,2024-02-01,2024-04-05
U0067,2024-02-23,2024-02-01,2024-04-07
U0067,2024-02-23,2024-02-01,2024-04-12
U0067,2024-02-23,2024-02-01,2024-04-13
U0067,2024-02-23,2024-02-01,2024-04-14
U0067,2024-02-23,2024-02-01,2024-04-15
U0067,2024-02-23,2024-02-01,2024-04-16
U0067,2024-02-23,2024-02-01,2024-04-17
U0067,2024-02-23,2024-02-01,2024-04-18
U0067,2024-02-23,2024-02-01,2024-04-21
U0067,2024-02-23,2024-02-01,2024-04-23
U0068,2024-04-15,2024-04-01,2024-04-15
U0068,2024-04-15,2024-04-01,2024-04-18
U0068,2024-04-15,2024-04-01,2024-04-21
U0068,2024-04-15,2024-04-01,2024-04-24
U0068,2024-04-15,2024-04-01,2024-04-27
U0068,2024-04-15,2024-04-01,2024-04-30
U0068,2024-04-15,2024-04-01,2024-05-03
U0068,2024-04-15,2024-04-01,2024-05-06
U0068,2024-04-15,2024-04-01,2024-05-09
U0069,2024-01-04,2024-01-01,2024-01-04
U0069,2024-01-04,2024-01-01,2024-01-07
U0069,2024-01-04,2024-01-01,2024-01-10
U0069,2024-01-04,2024-01-01,2024-01-13
U0069,2024-01-04,2024-01-01,2024-01-19
U0069,2024-01-04,2024-01-01,2024-01-25
U0069,2024-01-04,2024-01-01,2024-01-31
U0070,2024-02-23,2024-02-01,2024-02-23
U0070,2024-02-23,2024-02-01,2024-02-25
U0070,2024-02-23,2024-02-01,2024-02-27
U0070,2024-02-23,2024-02-01,2024-03-02
U0070,2024-02-23,2024-02-01,2024-03-06
U0070,2024-02-23,2024-02-01,2024-03-08
U0070,2024-02-23,2024-02-01,2024-03-10
U0070,2024-02-23,2024-02-01,2024-03-12
U0070,2024-02-23,2024-02-01,2024-03-16
U0070,2024-02-23,2024-02-01,2024-03-18
U0070,2024-02-23,2024-02-01,2024-03-20
U0070,2024-02-23,2024-02-01,2024-03-22
U0070,2024-02-23,2024-02-01,2024-03-28
U0070,2024-02-23,2024-02-01,2024-04-07
U0070,2024-02-23,2024-02-01,2024-04-09
U0071,2024-05-25,2024-05-01,2024-05-25
U0071,2024-05-25,2024-05-01,2024-05-28
U0071,2024-05-25,2024-05-01,2024-05-31
U0071,2024-05-25,2024-05-01,2024-06-03
U0071,2024-05-25,2024-05-01,2024-06-09
U0071,2024-05-25,2024-05-01,2024-06-12
U0071,2024-05-25,2024-05-01,2024-06-15
U0072,2024-02-13,2024-02-01,2024-02-13
U0072,2024-02-13,2024-02-01,2024-02-17
U0072,2024-02-13,2024-02-01,2024-02-21
U0072,2024-02-13,2024-02-01,2024-02-25
U0072,2024-02-13,2024-02-01,2024-02-29
U0072,2024-02-13,2024-02-01,2024-03-08
U0072,2024-02-13,2024-02-01,2024-03-24
U0072,2024-02-13,2024-02-01,2024-03-28
U0073,2024-06-10,2024-06-01,2024-06-10
U0073,2024-06-10,2024-06-01,2024-06-11
U0073,2024-06-10,2024-06-01,2024-06-12
U0073,2024-06-10,2024-06-01,2024-06-13
U0073,2024-06-10,2024-06-01,2024-06-14
U0073,2024-06-10,2024-06-01,2024-06-15
U0073,2024-06-10,2024-06-01,2024-06-16
U0073,2024-06-10,2024-06-01,2024-06-17
U0073,2024-06-10,2024-06-01,2024-06-18
U0073,2024-06-10,2024-06-01,2024-06-19
U0073,2024-06-10,2024-06-01,2024-06-20
U0073,2024-06-10,2024-06-01,2024-06-21
U0073,2024-06-10,2024-06-01,2024-06-22
U0073,2024-06-10,2024-06-01,2024-06-23
U0073,2024-06-10,2024-06-01,2024-06-24
U0073,2024-06-10,2024-06-01,2024-06-25
U0073,2024-06-10,2024-06-01,2024-06-28
U0073,2024-06-10,2024-06-01,2024-06-30
U0073,2024-06-10,2024-06-01,2024-07-01
U0073,2024-06-10,2024-06-01,2024-07-02
U0073,2024-06-10,2024-06-01,2024-07-03
U0073,2024-06-10,2024-06-01,2024-07-06
U0073,2024-06-10,2024-06-01,2024-07-07
U0073,2024-06-10,2024-06-01,2024-07-08
U0073,2024-06-10,2024-06-01,2024-07-09
U0073,2024-06-10,2024-06-01,2024-07-10
U0073,2024-06-10,2024-06-01,2024-07-11
U0074,2024-01-14,2024-01-01,2024-01-14
U0074,2024-01-14,2024-01-01,2024-01-17
U0074,2024-01-14,2024-01-01,2024-01-20
U0074,2024-01-14,2024-01-01,2024-01-23
U0074,2024-01-14,2024-01-01,2024-01-26
U0074,2024-01-14,2024-01-01,2024-01-29
U0074,2024-01-14,2024-01-01,2024-02-01
U0074,2024-01-14,2024-01-01,2024-02-04
U0074,2024-01-14,2024-01-01,2024-02-10
U0074,2024-01-14,2024-01-01,2024-02-19
U0074,2024-01-14,2024-01-01,2024-03-08
U0074,2024-01-14,2024-01-01,2024-03-11
U0074,2024-01-14,2024-01-01,2024-03-14
U0075,2024-04-04,2024-04-01,2024-04-04
U0075,2024-04-04,2024-04-01,2024-04-05
U0075,2024-04-04,2024-04-01,2024-04-06
U0075,2024-04-04,2024-04-01,2024-04-07
U0075,2024-04-04,2024-04-01,2024-04-08
U0075,2024-04-04,2024-04-01,2024-04-09
U0075,2024-04-04,2024-04-01,2024-04-10
U0075,2024-04-04,2024-04-01,2024-04-11
U0075,2024-04-04,2024-04-01,2024-04-12
U0075,2024-04-04,2024-04-01,2024-04-13
U0075,2024-04-04,2024-04-01,2024-04-14
U0075,2024-04-04,2024-04-01,2024-04-15
U0075,2024-04-04,2024-04-01,2024-04-16
U0076,2024-02-17,2024-02-01,2024-02-17
U0076,2024-02-17,2024-02-01,2024-02-18
U0076,2024-02-17,2024-02-01,2024-02-19
U0076,2024-02-17,2024-02-01,2024-02-20
U0076,2024-02-17,2024-02-01,2024-02-21
U0076,2024-02-17,2024-02-01,2024-02-22
U0076,2024-02-17,2024-02-01,2024-02-23
U0076,2024-02-17,2024-02-01,2024-02-24
U0076,2024-02-17,2024-02-01,2024-02-25
U0076,2024-02-17,2024-02-01,2024-02-26
U0076,2024-02-17,2024-02-01,2024-02-27
U0076,2024-02-17,2024-02-01,2024-02-28
U0076,2024-02-17,2024-02-01,2024-03-01
U0076,2024-02-17,2024-02-01,2024-03-03
U0076,2024-02-17,2024-02-01,2024-03-05
U0076,2024-02-17,2024-02-01,2024-03-06
U0076,2024-02-17,2024-02-01,2024-03-07
U0076,2024-02-17,2024-02-01,2024-03-08
U0076,2024-02-17,2024-02-01,2024-03-09
U0076,2024-02-17,2024-02-01,2024-03-11
U0076,2024-02-17,2024-02-01,2024-03-12
U0076,2024-02-17,2024-02-01,2024-03-19
U0076,2024-02-17,2024-02-01,2024-03-20
U0076,2024-02-17,2024-02-01,2024-03-23
U0076,2024-02-17,2024-02-01,2024-03-24
U0076,2024-02-17,2024-02-01,2024-03-26
U0076,2024-02-17,2024-02-01,2024-03-27
U0076,2024-02-17,2024-02-01,2024-03-28
U0076,2024-02-17,2024-02-01,2024-03-29
U0076,2024-02-17,2024-02-01,2024-03-30
U0076,2024-02-17,2024-02-01,2024-03-31
U0076,2024-02-17,2024-02-01,2024-04-01
U0076,2024-02-17,2024-02-01,2024-04-03
U0077,2024-01-15,2024-01-01,2024-01-15
U0077,2024-01-15,2024-01-01,2024-01-19
U0077,2024-01-15,2024-01-01,2024-01-23
U0077,2024-01-15,2024-01-01,2024-01-27
U0077,2024-01-15,2024-01-01,2024-02-04
U0078,2024-02-09,2024-02-01,2024-02-09
U0078,2024-02-09,2024-02-01,2024-02-10
U0078,2024-02-09,2024-02-01,2024-02-11
U0078,2024-02-09,2024-02-01,2024-02-12
U0078,2024-02-09,2024-02-01,2024-02-13
U0078,2024-02-09,2024-02-01,2024-02-14
U0078,2024-02-09,2024-02-01,2024-02-15
U0078,2024-02-09,2024-02-01,2024-02-16
U0078,2024-02-09,2024-02-01,2024-02-17
U0078,2024-02-09,2024-02-01,2024-02-19
U0078,2024-02-09,2024-02-01,2024-02-20
U0078,2024-02-09,2024-02-01,2024-02-21
U0078,2024-02-09,2024-02-01,2024-02-22
U0078,2024-02-09,2024-02-01,2024-02-23
U0078,2024-02-09,2024-02-01,2024-02-24
U0078,2024-02-09,2024-02-01,2024-02-26
U0078,2024-02-09,2024-02-01,2024-02-27
U0078,2024-02-09,2024-02-01,2024-02-28
U0078,2024-02-09,2024-02-01,2024-02-29
U0078,2024-02-09,2024-02-01,2024-03-01
U0078,2024-02-09,2024-02-01,2024-03-02
U0078,2024-02-09,2024-02-01,2024-03-03
U0078,2024-02-09,2024-02-01,2024-03-04
U0078,2024-02-09,2024-02-01,2024-03-05
U0078,2024-02-09,2024-02-01,2024-03-06
U0078,2024-02-09,2024-02-01,2024-03-07
U0078,2024-02-09,2024-02-01,2024-03-08
U0078,2024-02-09,2024-02-01,2024-03-10
U0078,2024-02-09,2024-02-01,2024-03-12
U0078,2024-02-09,2024-02-01,2024-03-15
U0078,2024-02-09,2024-02-01,2024-03-17
U0078,2024-02-09,2024-02-01,2024-03-18
U0078,2024-02-09,2024-02-01,2024-03-21
U0078,2024-02-09,2024-02-01,2024-03-22
U0078,2024-02-09,2024-02-01,2024-03-23
U0078,2024-02-09,2024-02-01,2024-03-24
U0078,2024-02-09,2024-02-01,2024-03-27
U0078,2024-02-09,2024-02-01,2024-03-28
U0078,2024-02-09,2024-02-01,2024-03-29
U0078,2024-02-09,2024-02-01,2024-03-30
U0079,2024-03-22,2024-03-01,2024-03-22
U0079,2024-03-22,2024-03-01,2024-03-26
U0079,2024-03-22,2024-03-01,2024-03-30
U0079,2024-03-22,2024-03-01,2024-04-03
U0079,2024-03-22,2024-03-01,2024-04-07
U0079,2024-03-22,2024-03-01,2024-04-11
U0079,2024-03-22,2024-03-01,2024-04-15
U0079,2024-03-22,2024-03-01,2024-04-19
U0079,2024-03-22,2024-03-01,2024-04-23
U0079,2024-03-22,2024-03-01,2024-04-27
U0079,2024-03-22,2024-03-01,2024-05-05
U0079,2024-03-22,2024-03-01,2024-05-09
U0079,2024-03-22,2024-03-01,2024-06-06
U0080,2024-04-20,2024-04-01,2024-04-20
U0080,2024-04-20,2024-04-01,2024-04-22
U0080,2024-04-20,2024-04-01,2024-04-24
U0080,2024-04-20,2024-04-01,2024-04-26
U0080,2024-04-20,2024-04-01,2024-04-28
U0080,2024-04-20,2024-04-01,2024-04-30
U0080,2024-04-20,2024-04-01,2024-05-02
U0080,2024-04-20,2024-04-01,2024-05-04
U0080,2024-04-20,2024-04-01,2024-05-06
U0080,2024-04-20,2024-04-01,2024-05-08
U0080,2024-04-20,2024-04-01,2024-05-10
U0080,2024-04-20,2024-04-01,2024-05-12
U0080,2024-04-20,2024-04-01,2024-05-16
U0080,2024-04-20,2024-04-01,2024-05-18
U0080,2024-04-20,2024-04-01,2024-05-24
U0080,2024-04-20,2024-04-01,2024-05-26
U0080,2024-04-20,2024-04-01,2024-05-28
U0080,2024-04-20,2024-04-01,2024-06-01
U0080,2024-04-20,2024-04-01,2024-06-03
U0080,2024-04-20,2024-04-01,2024-06-09
U0080,2024-04-20,2024-04-01,2024-06-15
U0080,2024-04-20,2024-04-01,2024-06-17
U0081,2024-02-22,2024-02-01,2024-02-22
U0081,2024-02-22,2024-02-01,2024-02-24
U0081,2024-02-22,2024-02-01,2024-02-26
U0081,2024-02-22,2024-02-01,2024-02-28
U0081,2024-02-22,2024-02-01,2024-03-01
U0082,2024-01-24,2024-01-01,2024-01-24
U0082,2024-01-24,2024-01-01,2024-01-27
U0082,2024-01-24,2024-01-01,2024-01-30
U0082,2024-01-24,2024-01-01,2024-02-02
U0082,2024-01-24,2024-01-01,2024-02-05
U0082,2024-01-24,2024-01-01,2024-02-08
U0082,2024-01-24,2024-01-01,2024-02-14
U0082,2024-01-24,2024-01-01,2024-02-17
U0082,2024-01-24,2024-01-01,2024-02-20
U0082,2024-01-24,2024-01-01,2024-02-26
U0082,2024-01-24,2024-01-01,2024-02-29
U0082,2024-01-24,2024-01-01,2024-03-03
U0082,2024-01-24,2024-01-01,2024-03-06
U0082,2024-01-24,2024-01-01,2024-03-15
U0083,2024-06-02,2024-06-01,2024-06-02
U0083,2024-06-02,2024-06-01,2024-06-04
U0083,2024-06-02,2024-06-01,2024-06-06
U0083,2024-06-02,2024-06-01,2024-06-08
U0083,2024-06-02,2024-06-01,2024-06-10
U0083,2024-06-02,2024-06-01,2024-06-12
U0083,2024-06-02,2024-06-01,2024-06-14
U0083,2024-06-02,2024-06-01,2024-06-16
U0083,2024-06-02,2024-06-01,2024-06-24
U0083,2024-06-02,2024-06-01,2024-06-30
U0083,2024-06-02,2024-06-01,2024-07-02
U0083,2024-06-02,2024-06-01,2024-07-06
U0083,2024-06-02,2024-06-01,2024-07-10
U0083,2024-06-02,2024-06-01,2024-07-16
U0083,2024-06-02,2024-06-01,2024-07-18
U0083,2024-06-02,2024-06-01,2024-07-20
U0083,2024-06-02,2024-06-01,2024-07-24
U0083,2024-06-02,2024-06-01,2024-07-28
U0083,2024-06-02,2024-06-01,2024-08-11
U0083,2024-06-02,2024-06-01,2024-08-13
U0083,2024-06-02,2024-06-01,2024-08-15
U0084,2024-05-03,2024-05-01,2024-05-03
U0084,2024-05-03,2024-05-01,2024-05-05
U0084,2024-05-03,2024-05-01,2024-05-09
U0084,2024-05-03,2024-05-01,2024-05-11
U0084,2024-05-03,2024-05-01,2024-05-13
U0084,2024-05-03,2024-05-01,2024-05-15
U0084,2024-05-03,2024-05-01,2024-05-19
U0084,2024-05-03,2024-05-01,2024-05-21
U0084,2024-05-03,2024-05-01,2024-05-23
U0084,2024-05-03,2024-05-01,2024-05-25
U0084,2024-05-03,2024-05-01,2024-05-29
U0084,2024-05-03,2024-05-01,2024-05-31
U0084,2024-05-03,2024-05-01,2024-06-02
U0084,2024-05-03,2024-05-01,2024-06-06
U0084,2024-05-03,2024-05-01,2024-06-08
U0084,2024-05-03,2024-05-01,2024-06-14
U0084,2024-05-03,2024-05-01,2024-06-24
U0084,2024-05-03,2024-05-01,2024-06-26
U0084,2024-05-03,2024-05-01,2024-06-28
U0084,2024-05-03,2024-05-01,2024-07-02
U0084,2024-05-03,2024-05-01,2024-07-08
U0084,2024-05-03,2024-05-01,2024-07-14
U0085,2024-02-10,2024-02-01,2024-02-10
U0085,2024-02-10,2024-02-01,2024-02-14
U0085,2024-02-10,2024-02-01,2024-02-18
U0085,2024-02-10,2024-02-01,2024-02-22
U0085,2024-02-10,2024-02-01,2024-03-01
U0085,2024-02-10,2024-02-01,2024-03-05
U0085,2024-02-10,2024-02-01,2024-03-09
U0085,2024-02-10,2024-02-01,2024-03-13
U0086,2024-06-05,2024-06-01,2024-06-05
U0086,2024-06-05,2024-06-01,2024-06-08
U0086,2024-06-05,2024-06-01,2024-06-11
U0086,2024-06-05,2024-06-01,2024-06-14
U0086,2024-06-05,2024-06-01,2024-06-17
U0086,2024-06-05,2024-06-01,2024-06-20
U0086,2024-06-05,2024-06-01,2024-06-26
U0086,2024-06-05,2024-06-01,2024-06-29
U0086,2024-06-05,2024-06-01,2024-07-02
U0086,2024-06-05,2024-06-01,2024-07-05
U0086,2024-06-05,2024-06-01,2024-07-08
U0086,2024-06-05,2024-06-01,2024-07-17
U0086,2024-06-05,2024-06-01,2024-08-01
U0086,2024-06-05,2024-06-01,2024-08-04
U0086,2024-06-05,2024-06-01,2024-08-13
U0087,2024-01-15,2024-01-01,2024-01-15
U0087,2024-01-15,2024-01-01,2024-01-19
U0087,2024-01-15,2024-01-01,2024-01-23
U0087,2024-01-15,2024-01-01,2024-01-27
U0087,2024-01-15,2024-01-01,2024-01-31
U0087,2024-01-15,2024-01-01,2024-02-04
U0087,2024-01-15,2024-01-01,2024-02-12
U0087,2024-01-15,2024-01-01,2024-02-28
U0088,2024-02-14,2024-02-01,2024-02-14
U0088,2024-02-14,2024-02-01,2024-02-18
U0088,2024-02-14,2024-02-01,2024-02-22
U0088,2024-02-14,2024-02-01,2024-02-26
U0088,2024-02-14,2024-02-01,2024-03-05
U0088,2024-02-14,2024-02-01,2024-03-09
U0089,2024-03-05,2024-03-01,2024-03-05
U0089,2024-03-05,2024-03-01,2024-03-09
U0089,2024-03-05,2024-03-01,2024-03-13
U0089,2024-03-05,2024-03-01,2024-03-17
U0089,2024-03-05,2024-03-01,2024-03-21
U0089,2024-03-05,2024-03-01,2024-03-29
U0089,2024-03-05,2024-03-01,2024-04-02
U0089,2024-03-05,2024-03-01,2024-04-06
U0089,2024-03-05,2024-03-01,2024-04-10
U0089,2024-03-05,2024-03-01,2024-04-14
U0089,2024-03-05,2024-03-01,2024-04-22
U0089,2024-03-05,2024-03-01,2024-04-26
U0090,2024-03-29,2024-03-01,2024-03-29
U0090,2024-03-29,2024-03-01,2024-04-02
U0090,2024-03-29,2024-03-01,2024-04-06
U0090,2024-03-29,2024-03-01,2024-04-10
U0090,2024-03-29,2024-03-01,2024-04-18
U0091,2024-03-11,2024-03-01,2024-03-11
U0091,2024-03-11,2024-03-01,2024-03-12
U0091,2024-03-11,2024-03-01,2024-03-13
U0091,2024-03-11,2024-03-01,2024-03-14
U0091,2024-03-11,2024-03-01,2024-03-15
U0091,2024-03-11,2024-03-01,2024-03-16
U0091,2024-03-11,2024-03-01,2024-03-18
U0091,2024-03-11,2024-03-01,2024-03-19
U0091,2024-03-11,2024-03-01,2024-03-20
U0091,2024-03-11,2024-03-01,2024-03-22
U0091,2024-03-11,2024-03-01,2024-03-23
U0091,2024-03-11,2024-03-01,2024-03-24
U0091,2024-03-11,2024-03-01,2024-03-25
U0091,2024-03-11,2024-03-01,2024-03-26
U0091,2024-03-11,2024-03-01,2024-03-28
U0091,2024-03-11,2024-03-01,2024-03-29
U0091,2024-03-11,2024-03-01,2024-03-30
U0091,2024-03-11,2024-03-01,2024-04-01
U0091,2024-03-11,2024-03-01,2024-04-03
U0091,2024-03-11,2024-03-01,2024-04-04
U0091,2024-03-11,2024-03-01,2024-04-05
U0091,2024-03-11,2024-03-01,2024-04-08
U0091,2024-03-11,2024-03-01,2024-04-10
U0091,2024-03-11,2024-03-01,2024-04-11
U0091,2024-03-11,2024-03-01,2024-04-12
U0091,2024-03-11,2024-03-01,2024-04-13
U0091,2024-03-11,2024-03-01,2024-04-14
U0091,2024-03-11,2024-03-01,2024-04-16
U0091,2024-03-11,2024-03-01,2024-04-18
U0091,2024-03-11,2024-03-01,2024-04-19
U0091,2024-03-11,2024-03-01,2024-04-21
U0091,2024-03-11,2024-03-01,2024-04-22
U0091,2024-03-11,2024-03-01,2024-04-24
U0091,2024-03-11,2024-03-01,2024-04-25
U0091,2024-03-11,2024-03-01,2024-04-26
U0091,2024-03-11,2024-03-01,2024-05-01
U0091,2024-03-11,2024-03-01,2024-05-02
U0091,2024-03-11,2024-03-01,2024-05-04
U0091,2024-03-11,2024-03-01,2024-05-05
U0091,2024-03-11,2024-03-01,2024-05-06
U0091,2024-03-11,2024-03-01,2024-05-09
U0091,2024-03-11,2024-03-01,2024-05-11
U0091,2024-03-11,2024-03-01,2024-05-13
U0092,2024-01-09,2024-01-01,2024-01-09
U0092,2024-01-09,2024-01-01,2024-01-10
U0092,2024-01-09,2024-01-01,2024-01-11
U0092,2024-01-09,2024-01-01,2024-01-12
U0092,2024-01-09,2024-01-01,2024-01-13
U0092,2024-01-09,2024-01-01,2024-01-14
U0092,2024-01-09,2024-01-01,2024-01-15
U0092,2024-01-09,2024-01-01,2024-01-16
U0092,2024-01-09,2024-01-01,2024-01-18
U0092,2024-01-09,2024-01-01,2024-01-19
U0092,2024-01-09,2024-01-01,2024-01-20
U0092,2024-01-09,2024-01-01,2024-01-22
U0092,2024-01-09,2024-01-01,2024-01-23
U0092,2024-01-09,2024-01-01,2024-01-24
U0092,2024-01-09,2024-01-01,2024-01-25
U0092,2024-01-09,2024-01-01,2024-01-26
U0092,2024-01-09,2024-01-01,2024-01-27
U0092,2024-01-09,2024-01-01,2024-01-28
U0092,2024-01-09,2024-01-01,2024-01-30
U0092,2024-01-09,2024-01-01,2024-01-31
U0092,2024-01-09,2024-01-01,2024-02-02
U0092,2024-01-09,2024-01-01,2024-02-03
U0092,2024-01-09,2024-01-01,2024-02-04
U0092,2024-01-09,2024-01-01,2024-02-05
U0092,2024-01-09,2024-01-01,2024-02-08
U0092,2024-01-09,2024-01-01,2024-02-09
U0092,2024-01-09,2024-01-01,2024-02-13
U0092,2024-01-09,2024-01-01,2024-02-17
U0092,2024-01-09,2024-01-01,2024-02-18
U0092,2024-01-09,2024-01-01,2024-02-20
U0092,2024-01-09,2024-01-01,2024-02-21
U0092,2024-01-09,2024-01-01,2024-02-23
U0092,2024-01-09,2024-01-01,2024-02-25
U0093,2024-03-28,2024-03-01,2024-03-28
U0093,2024-03-28,2024-03-01,2024-03-30
U0093,2024-03-28,2024-03-01,2024-04-01
U0093,2024-03-28,2024-03-01,2024-04-03
U0093,2024-03-28,2024-03-01,2024-04-07
U0093,2024-03-28,2024-03-01,2024-04-09
U0093,2024-03-28,2024-03-01,2024-04-11
U0093,2024-03-28,2024-03-01,2024-04-13
U0093,2024-03-28,2024-03-01,2024-04-15
U0093,2024-03-28,2024-03-01,2024-04-17
U0093,2024-03-28,2024-03-01,2024-04-19
U0093,2024-03-28,2024-03-01,2024-04-21
U0094,2024-05-08,2024-05-01,2024-05-08
U0094,2024-05-08,2024-05-01,2024-05-10
U0094,2024-05-08,2024-05-01,2024-05-12
U0094,2024-05-08,2024-05-01,2024-05-14
U0094,2024-05-08,2024-05-01,2024-05-16
U0094,2024-05-08,2024-05-01,2024-05-18
U0094,2024-05-08,2024-05-01,2024-05-20
U0094,2024-05-08,2024-05-01,2024-05-22
U0094,2024-05-08,2024-05-01,2024-05-24
U0094,2024-05-08,2024-05-01,2024-05-26
U0094,2024-05-08,2024-05-01,2024-05-28
U0094,2024-05-08,2024-05-01,2024-05-30
U0094,2024-05-08,2024-05-01,2024-06-03
U0094,2024-05-08,2024-05-01,2024-06-07
U0094,2024-05-08,2024-05-01,2024-06-21
U0095,2024-05-15,2024-05-01,2024-05-15
U0095,2024-05-15,2024-05-01,2024-05-18
U0095,2024-05-15,2024-05-01,2024-05-21
U0095,2024-05-15,2024-05-01,2024-05-24
U0095,2024-05-15,2024-05-01,2024-05-27
U0096,2024-03-03,2024-03-01,2024-03-03
U0096,2024-03-03,2024-03-01,2024-03-04
U0096,2024-03-03,2024-03-01,2024-03-05
U0096,2024-03-03,2024-03-01,2024-03-06
U0096,2024-03-03,2024-03-01,2024-03-07
U0096,2024-03-03,2024-03-01,2024-03-08
U0096,2024-03-03,2024-03-01,2024-03-09
U0096,2024-03-03,2024-03-01,2024-03-10
U0096,2024-03-03,2024-03-01,2024-03-11
U0096,2024-03-03,2024-03-01,2024-03-13
U0096,2024-03-03,2024-03-01,2024-03-14
U0096,2024-03-03,2024-03-01,2024-03-15
U0096,2024-03-03,2024-03-01,2024-03-16
U0096,2024-03-03,2024-03-01,2024-03-17
U0096,2024-03-03,2024-03-01,2024-03-18
U0096,2024-03-03,2024-03-01,2024-03-19
U0096,2024-03-03,2024-03-01,2024-03-20
U0096,2024-03-03,2024-03-01,2024-03-21
U0096,2024-03-03,2024-03-01,2024-03-23
U0096,2024-03-03,2024-03-01,2024-03-25
U0096,2024-03-03,2024-03-01,2024-03-26
U0096,2024-03-03,2024-03-01,2024-03-27
U0096,2024-03-03,2024-03-01,2024-03-28
U0096,2024-03-03,2024-03-01,2024-03-29
U0096,2024-03-03,2024-03-01,2024-03-30
U0096,2024-03-03,2024-03-01,2024-03-31
U0096,2024-03-03,2024-03-01,2024-04-05
U0096,2024-03-03,2024-03-01,2024-04-06
U0096,2024-03-03,2024-03-01,2024-04-07
U0096,2024-03-03,2024-03-01,2024-04-08
U0096,2024-03-03,2024-03-01,2024-04-09
U0096,2024-03-03,2024-03-01,2024-04-11
U0096,2024-03-03,2024-03-01,2024-04-12
U0096,2024-03-03,2024-03-01,2024-04-15
U0096,2024-03-03,2024-03-01,2024-04-18
U0096,2024-03-03,2024-03-01,2024-04-19
U0096,2024-03-03,2024-03-01,2024-04-23
U0096,2024-03-03,2024-03-01,2024-04-24
U0096,2024-03-03,2024-03-01,2024-04-27
U0097,2024-05-18,2024-05-01,2024-05-18
U0097,2024-05-18,2024-05-01,2024-05-21
U0097,2024-05-18,2024-05-01,2024-05-24
U0097,2024-05-18,2024-05-01,2024-05-27
U0097,2024-05-18,2024-05-01,2024-05-30
U0097,2024-05-18,2024-05-01,2024-06-02
U0097,2024-05-18,2024-05-01,2024-06-05
U0097,2024-05-18,2024-05-01,2024-06-14
U0097,2024-05-18,2024-05-01,2024-06-17
U0097,2024-05-18,2024-05-01,2024-06-20
U0097,2024-05-18,2024-05-01,2024-06-23
U0098,2024-03-21,2024-03-01,2024-03-21
U0098,2024-03-21,2024-03-01,2024-03-23
U0098,2024-03-21,2024-03-01,2024-03-25
U0098,2024-03-21,2024-03-01,2024-03-27
U0098,2024-03-21,2024-03-01,2024-03-29
U0098,2024-03-21,2024-03-01,2024-03-31
U0098,2024-03-21,2024-03-01,2024-04-02
U0098,2024-03-21,2024-03-01,2024-04-04
U0098,2024-03-21,2024-03-01,2024-04-06
U0098,2024-03-21,2024-03-01,2024-04-08
U0098,2024-03-21,2024-03-01,2024-04-10
U0098,2024-03-21,2024-03-01,2024-04-14
U0098,2024-03-21,2024-03-01,2024-04-18
U0098,2024-03-21,2024-03-01,2024-04-26
U0098,2024-03-21,2024-03-01,2024-04-30
U0099,2024-05-15,2024-05-01,2024-05-15
U0099,2024-05-15,2024-05-01,2024-05-17
U0099,2024-05-15,2024-05-01,2024-05-21
U0099,2024-05-15,2024-05-01,2024-05-23
U0099,2024-05-15,2024-05-01,2024-05-27
U0099,2024-05-15,2024-05-01,2024-05-31
U0099,2024-05-15,2024-05-01,2024-06-02
U0100,2024-06-11,2024-06-01,2024-06-11
U0100,2024-06-11,2024-06-01,2024-06-17
U0100,2024-06-11,2024-06-01,2024-06-20
U0100,2024-06-11,2024-06-01,2024-06-26
U0100,2024-06-11,2024-06-01,2024-06-29
U0100,2024-06-11,2024-06-01,2024-07-05
U0100,2024-06-11,2024-06-01,2024-07-23
U0100,2024-06-11,2024-06-01,2024-07-29
U0100,2024-06-11,2024-06-01,2024-08-01
U0100,2024-06-11,2024-06-01,2024-08-04
U0100,2024-06-11,2024-06-01,2024-08-22
U0101,2024-06-11,2024-06-01,2024-06-11
U0101,2024-06-11,2024-06-01,2024-06-15
U0101,2024-06-11,2024-06-01,2024-06-19
U0101,2024-06-11,2024-06-01,2024-06-23
U0101,2024-06-11,2024-06-01,2024-06-27
U0101,2024-06-11,2024-06-01,2024-07-01
U0101,2024-06-11,2024-06-01,2024-07-13
U0101,2024-06-11,2024-06-01,2024-07-21
U0101,2024-06-11,2024-06-01,2024-08-02
U0101,2024-06-11,2024-06-01,2024-08-10
U0102,2024-02-02,2024-02-01,2024-02-02
U0102,2024-02-02,2024-02-01,2024-02-04
U0102,2024-02-02,2024-02-01,2024-02-06
U0102,2024-02-02,2024-02-01,2024-02-08
U0102,2024-02-02,2024-02-01,2024-02-10
U0102,2024-02-02,2024-02-01,2024-02-12
U0103,2024-05-02,2024-05-01,2024-05-02
U0103,2024-05-02,2024-05-01,2024-05-05
U0103,2024-05-02,2024-05-01,2024-05-08
U0103,2024-05-02,2024-05-01,2024-05-11
U0103,2024-05-02,2024-05-01,2024-05-14
U0103,2024-05-02,2024-05-01,2024-05-17
U0103,2024-05-02,2024-05-01,2024-05-20
U0103,2024-05-02,2024-05-01,2024-05-23
U0103,2024-05-02,2024-05-01,2024-05-26
U0103,2024-05-02,2024-05-01,2024-05-29
U0103,2024-05-02,2024-05-01,2024-06-01
U0103,2024-05-02,2024-05-01,2024-06-04
U0104,2024-01-05,2024-01-01,2024-01-05
U0104,2024-01-05,2024-01-01,2024-01-09
U0104,2024-01-05,2024-01-01,2024-01-13
U0104,2024-01-05,2024-01-01,2024-01-21
U0104,2024-01-05,2024-01-01,2024-02-02
U0104,2024-01-05,2024-01-01,2024-02-22
U0104,2024-01-05,2024-01-01,2024-03-05
U0104,2024-01-05,2024-01-01,2024-03-09
U0104,2024-01-05,2024-01-01,2024-03-13
U0104,2024-01-05,2024-01-01,2024-03-17
U0105,2024-02-10,2024-02-01,2024-02-10
U0105,2024-02-10,2024-02-01,2024-02-12
U0105,2024-02-10,2024-02-01,2024-02-14
U0105,2024-02-10,2024-02-01,2024-02-16
U0105,2024-02-10,2024-02-01,2024-02-18
U0105,2024-02-10,2024-02-01,2024-02-20
U0105,2024-02-10,2024-02-01,2024-02-22
U0105,2024-02-10,2024-02-01,2024-02-26
U0105,2024-02-10,2024-02-01,2024-03-01
U0105,2024-02-10,2024-02-01,2024-03-03
U0105,2024-02-10,2024-02-01,2024-03-05
U0105,2024-02-10,2024-02-01,2024-03-11
U0105,2024-02-10,2024-02-01,2024-03-13
U0105,2024-02-10,2024-02-01,2024-03-15
U0105,2024-02-10,2024-02-01,2024-03-19
U0105,2024-02-10,2024-02-01,2024-03-23
U0105,2024-02-10,2024-02-01,2024-04-02
U0105,2024-02-10,2024-02-01,2024-04-04
U0105,2024-02-10,2024-02-01,2024-04-08
U0105,2024-02-10,2024-02-01,2024-04-12
U0105,2024-02-10,2024-02-01,2024-04-14
U0105,2024-02-10,2024-02-01,2024-04-16
U0106,2024-01-28,2024-01-01,2024-01-28
U0106,2024-01-28,2024-01-01,2024-02-01
U0106,2024-01-28,2024-01-01,2024-02-05
U0106,2024-01-28,2024-01-01,2024-02-09
U0106,2024-01-28,2024-01-01,2024-02-13
U0106,2024-01-28,2024-01-01,2024-02-25
U0107,2024-05-14,2024-05-01,2024-05-14
U0107,2024-05-14,2024-05-01,2024-05-17
U0107,2024-05-14,2024-05-01,2024-05-20
U0107,2024-05-14,2024-05-01,2024-05-23
U0107,2024-05-14,2024-05-01,2024-05-26
U0107,2024-05-14,2024-05-01,2024-05-29
U0107,2024-05-14,2024-05-01,2024-06-01
U0107,2024-05-14,2024-05-01,2024-06-07
U0108,2024-03-12,2024-03-01,2024-03-12
U0108,2024-03-12,2024-03-01,2024-03-15
U0108,2024-03-12,2024-03-01,2024-03-18
U0108,2024-03-12,2024-03-01,2024-03-21
U0108,2024-03-12,2024-03-01,2024-03-24
U0108,2024-03-12,2024-03-01,2024-03-30
U0108,2024-03-12,2024-03-01,2024-04-02
U0108,2024-03-12,2024-03-01,2024-04-05
U0108,2024-03-12,2024-03-01,2024-04-08
U0108,2024-03-12,2024-03-01,2024-04-11
U0108,2024-03-12,2024-03-01,2024-04-23
U0109,2024-01-12,2024-01-01,2024-01-12
U0109,2024-01-12,2024-01-01,2024-01-16
U0109,2024-01-12,2024-01-01,2024-01-20
U0109,2024-01-12,2024-01-01,2024-01-28
U0109,2024-01-12,2024-01-01,2024-02-01
U0109,2024-01-12,2024-01-01,2024-02-13
U0109,2024-01-12,2024-01-01,2024-02-21
U0109,2024-01-12,2024-01-01,2024-02-25
U0109,2024-01-12,2024-01-01,2024-03-12
U0109,2024-01-12,2024-01-01,2024-03-20
U0110,2024-06-10,2024-06-01,2024-06-10
U0110,2024-06-10,2024-06-01,2024-06-11
U0110,2024-06-10,2024-06-01,2024-06-12
U0110,2024-06-10,2024-06-01,2024-06-13
U0110,2024-06-10,2024-06-01,2024-06-14
U0110,2024-06-10,2024-06-01,2024-06-15
U0110,2024-06-10,2024-06-01,2024-06-17
U0110,2024-06-10,2024-06-01,2024-06-18
U0110,2024-06-10,2024-06-01,2024-06-19
U0110,2024-06-10,2024-06-01,2024-06-21
U0110,2024-06-10,2024-06-01,2024-06-22
U0110,2024-06-10,2024-06-01,2024-06-23
U0110,2024-06-10,2024-06-01,2024-06-25
U0110,2024-06-10,2024-06-01,2024-06-26
U0110,2024-06-10,2024-06-01,2024-06-27
U0110,2024-06-10,2024-06-01,2024-06-28
U0110,2024-06-10,2024-06-01,2024-06-29
U0110,2024-06-10,2024-06-01,2024-07-01
U0110,2024-06-10,2024-06-01,2024-07-02
U0110,2024-06-10,2024-06-01,2024-07-03
U0110,2024-06-10,2024-06-01,2024-07-04
U0110,2024-06-10,2024-06-01,2024-07-05
U0110,2024-06-10,2024-06-01,2024-07-06
U0110,2024-06-10,2024-06-01,2024-07-12
U0110,2024-06-10,2024-06-01,2024-07-15
U0110,2024-06-10,2024-06-01,2024-07-17
U0110,2024-06-10,2024-06-01,2024-07-20
U0110,2024-06-10,2024-06-01,2024-07-21
U0110,2024-06-10,2024-06-01,2024-07-24
U0111,2024-02-02,2024-02-01,2024-02-02
U0111,2024-02-02,2024-02-01,2024-02-03
U0111,2024-02-02,2024-02-01,2024-02-04
U0111,2024-02-02,2024-02-01,2024-02-05
U0111,2024-02-02,2024-02-01,2024-02-06
U0111,2024-02-02,2024-02-01,2024-02-07
U0111,2024-02-02,2024-02-01,2024-02-08
U0111,2024-02-02,2024-02-01,2024-02-09
U0111,2024-02-02,2024-02-01,2024-02-10
U0111,2024-02-02,2024-02-01,2024-02-11
U0111,2024-02-02,2024-02-01,2024-02-12
U0111,2024-02-02,2024-02-01,2024-02-14
U0111,2024-02-02,2024-02-01,2024-02-15
U0111,2024-02-02,2024-02-01,2024-02-16
U0111,2024-02-02,2024-02-01,2024-02-17
U0111,2024-02-02,2024-02-01,2024-02-18
U0111,2024-02-02,2024-02-01,2024-02-19
U0111,2024-02-02,2024-02-01,2024-02-21
U0111,2024-02-02,2024-02-01,2024-02-22
U0111,2024-02-02,2024-02-01,2024-02-24
U0111,2024-02-02,2024-02-01,2024-02-25
U0111,2024-02-02,2024-02-01,2024-02-26
U0111,2024-02-02,2024-02-01,2024-02-27
U0111,2024-02-02,2024-02-01,2024-02-29
U0111,2024-02-02,2024-02-01,2024-03-01
U0111,2024-02-02,2024-02-01,2024-03-02
U0111,2024-02-02,2024-02-01,2024-03-04
U0111,2024-02-02,2024-02-01,2024-03-05
U0111,2024-02-02,2024-02-01,2024-03-06
U0111,2024-02-02,2024-02-01,2024-03-07
U0111,2024-02-02,2024-02-01,2024-03-08
U0111,2024-02-02,2024-02-01,2024-03-10
U0111,2024-02-02,2024-02-01,2024-03-11
U0111,2024-02-02,2024-02-01,2024-03-13
U0111,2024-02-02,2024-02-01,2024-03-14
U0111,2024-02-02,2024-02-01,2024-03-15
U0111,2024-02-02,2024-02-01,2024-03-17
U0111,2024-02-02,2024-02-01,2024-03-20
U0111,2024-02-02,2024-02-01,2024-03-22
U0111,2024-02-02,2024-02-01,2024-03-23
U0111,2024-02-02,2024-02-01,2024-03-27
U0111,2024-02-02,2024-02-01,2024-03-30
U0111,2024-02-02,2024-02-01,2024-03-31
U0111,2024-02-02,2024-02-01,2024-04-01
U0111,2024-02-02,2024-02-01,2024-04-02
U0111,2024-02-02,2024-02-01,2024-04-08
U0111,2024-02-02,2024-02-01,2024-04-10
U0111,2024-02-02,2024-02-01,2024-04-15
U0111,2024-02-02,2024-02-01,2024-04-16
U0111,2024-02-02,2024-02-01,2024-04-17
U0111,2024-02-02,2024-02-01,2024-04-21
U0111,2024-02-02,2024-02-01,2024-04-28
U0111,2024-02-02,2024-02-01,2024-04-30
U0112,2024-02-17,2024-02-01,2024-02-17
U0112,2024-02-17,2024-02-01,2024-02-21
U0112,2024-02-17,2024-02-01,2024-03-08
U0112,2024-02-17,2024-02-01,2024-03-16
U0112,2024-02-17,2024-02-01,2024-03-24
U0113,2024-05-30,2024-05-01,2024-05-30
U0113,2024-05-30,2024-05-01,2024-06-03
U0113,2024-05-30,2024-05-01,2024-06-07
U0113,2024-05-30,2024-05-01,2024-06-11
U0113,2024-05-30,2024-05-01,2024-06-19
U0113,2024-05-30,2024-05-01,2024-06-23
U0113,2024-05-30,2024-05-01,2024-07-13
U0113,2024-05-30,2024-05-01,2024-07-21
U0113,2024-05-30,2024-05-01,2024-08-02
U0113,2024-05-30,2024-05-01,2024-08-22
U0114,2024-03-02,2024-03-01,2024-03-02
U0114,2024-03-02,2024-03-01,2024-03-04
U0114,2024-03-02,2024-03-01,2024-03-06
U0114,2024-03-02,2024-03-01,2024-03-08
U0114,2024-03-02,2024-03-01,2024-03-10
U0114,2024-03-02,2024-03-01,2024-03-12
U0114,2024-03-02,2024-03-01,2024-03-14
U0114,2024-03-02,2024-03-01,2024-03-16
U0114,2024-03-02,2024-03-01,2024-03-18
U0114,2024-03-02,2024-03-01,2024-03-20
U0114,2024-03-02,2024-03-01,2024-03-22
U0114,2024-03-02,2024-03-01,2024-03-24
U0114,2024-03-02,2024-03-01,2024-03-26
U0114,2024-03-02,2024-03-01,2024-03-28
U0115,2024-02-06,2024-02-01,2024-02-06
U0115,2024-02-06,2024-02-01,2024-02-07
U0115,2024-02-06,2024-02-01,2024-02-08
U0115,2024-02-06,2024-02-01,2024-02-09
U0115,2024-02-06,2024-02-01,2024-02-10
U0115,2024-02-06,2024-02-01,2024-02-12
U0115,2024-02-06,2024-02-01,2024-02-13
U0115,2024-02-06,2024-02-01,2024-02-14
U0115,2024-02-06,2024-02-01,2024-02-15
U0115,2024-02-06,2024-02-01,2024-02-16
U0115,2024-02-06,2024-02-01,2024-02-17
U0115,2024-02-06,2024-02-01,2024-02-18
U0115,2024-02-06,2024-02-01,2024-02-19
U0115,2024-02-06,2024-02-01,2024-02-20
U0115,2024-02-06,2024-02-01,2024-02-21
U0115,2024-02-06,2024-02-01,2024-02-23
U0115,2024-02-06,2024-02-01,2024-02-24
U0115,2024-02-06,2024-02-01,2024-02-25
U0115,2024-02-06,2024-02-01,2024-03-02
U0115,2024-02-06,2024-02-01,2024-03-03
U0115,2024-02-06,2024-02-01,2024-03-04
U0115,2024-02-06,2024-02-01,2024-03-07
U0115,2024-02-06,2024-02-01,2024-03-11
U0115,2024-02-06,2024-02-01,2024-03-12
U0116,2024-04-08,2024-04-01,2024-04-08
U0116,2024-04-08,2024-04-01,2024-04-09
U0116,2024-04-08,2024-04-01,2024-04-10
U0116,2024-04-08,2024-04-01,2024-04-11
U0116,2024-04-08,2024-04-01,2024-04-12
U0116,2024-04-08,2024-04-01,2024-04-13
U0116,2024-04-08,2024-04-01,2024-04-14
U0116,2024-04-08,2024-04-01,2024-04-15
U0116,2024-04-08,2024-04-01,2024-04-16
U0116,2024-04-08,2024-04-01,2024-04-17
U0116,2024-04-08,2024-04-01,2024-04-18
U0116,2024-04-08,2024-04-01,2024-04-19
U0116,2024-04-08,2024-04-01,2024-04-20
U0116,2024-04-08,2024-04-01,2024-04-22
U0116,2024-04-08,2024-04-01,2024-04-24
U0116,2024-04-08,2024-04-01,2024-04-25
U0116,2024-04-08,2024-04-01,2024-04-26
U0116,2024-04-08,2024-04-01,2024-04-27
U0116,2024-04-08,2024-04-01,2024-05-02
U0116,2024-04-08,2024-04-01,2024-05-03
U0117,2024-06-20,2024-06-01,2024-06-20
U0117,2024-06-20,2024-06-01,2024-06-21
U0117,2024-06-20,2024-06-01,2024-06-22
U0117,2024-06-20,2024-06-01,2024-06-23
U0117,2024-06-20,2024-06-01,2024-06-25
U0117,2024-06-20,2024-06-01,2024-06-26
U0117,2024-06-20,2024-06-01,2024-06-27
U0117,2024-06-20,2024-06-01,2024-06-28
U0117,2024-06-20,2024-06-01,2024-06-29
U0117,2024-06-20,2024-06-01,2024-06-30
U0117,2024-06-20,2024-06-01,2024-07-03
U0117,2024-06-20,2024-06-01,2024-07-04
U0117,2024-06-20,2024-06-01,2024-07-06
U0117,2024-06-20,2024-06-01,2024-07-07
U0117,2024-06-20,2024-06-01,2024-07-08
U0117,2024-06-20,2024-06-01,2024-07-09
U0117,2024-06-20,2024-06-01,2024-07-10
U0117,2024-06-20,2024-06-01,2024-07-12
U0117,2024-06-20,2024-06-01,2024-07-13
U0117,2024-06-20,2024-06-01,2024-07-14
U0117,2024-06-20,2024-06-01,2024-07-15
U0117,2024-06-20,2024-06-01,2024-07-19
U0117,2024-06-20,2024-06-01,2024-07-23
U0117,2024-06-20,2024-06-01,2024-07-24
U0117,2024-06-20,2024-06-01,2024-07-25
U0117,2024-06-20,2024-06-01,2024-07-27
U0117,2024-06-20,2024-06-01,2024-07-28
U0117,2024-06-20,2024-06-01,2024-08-01
U0117,2024-06-20,2024-06-01,2024-08-03
U0117,2024-06-20,2024-06-01,2024-08-04
U0117,2024-06-20,2024-06-01,2024-08-05
U0117,2024-06-20,2024-06-01,2024-08-06
U0117,2024-06-20,2024-06-01,2024-08-07
U0117,2024-06-20,2024-06-01,2024-08-09
U0117,2024-06-20,2024-06-01,2024-08-12
U0117,2024-06-20,2024-06-01,2024-08-14
U0117,2024-06-20,2024-06-01,2024-08-17
U0117,2024-06-20,2024-06-01,2024-08-18
U0117,2024-06-20,2024-06-01,2024-08-21
U0118,2024-04-13,2024-04-01,2024-04-13
U0118,2024-04-13,2024-04-01,2024-04-17
U0118,2024-04-13,2024-04-01,2024-04-21
U0118,2024-04-13,2024-04-01,2024-04-25
U0118,2024-04-13,2024-04-01,2024-05-07
U0118,2024-04-13,2024-04-01,2024-05-11
U0119,2024-02-04,2024-02-01,2024-02-04
U0119,2024-02-04,2024-02-01,2024-02-05
U0119,2024-02-04,2024-02-01,2024-02-06
U0119,2024-02-04,2024-02-01,2024-02-07
U0119,2024-02-04,2024-02-01,2024-02-08
U0119,2024-02-04,2024-02-01,2024-02-09
U0119,2024-02-04,2024-02-01,2024-02-10
U0119,2024-02-04,2024-02-01,2024-02-11
U0119,2024-02-04,2024-02-01,2024-02-12
U0119,2024-02-04,2024-02-01,2024-02-13
U0119,2024-02-04,2024-02-01,2024-02-14
U0119,2024-02-04,2024-02-01,2024-02-15
U0119,2024-02-04,2024-02-01,2024-02-16
U0119,2024-02-04,2024-02-01,2024-02-20
U0119,2024-02-04,2024-02-01,2024-02-22
U0119,2024-02-04,2024-02-01,2024-02-23
U0119,2024-02-04,2024-02-01,2024-02-24
U0119,2024-02-04,2024-02-01,2024-02-25
U0119,2024-02-04,2024-02-01,2024-02-26
U0119,2024-02-04,2024-02-01,2024-02-27
U0119,2024-02-04,2024-02-01,2024-02-28
U0119,2024-02-04,2024-02-01,2024-02-29
U0119,2024-02-04,2024-02-01,2024-03-01
U0119,2024-02-04,2024-02-01,2024-03-02
U0119,2024-02-04,2024-02-01,2024-03-03
U0119,2024-02-04,2024-02-01,2024-03-06
U0119,2024-02-04,2024-02-01,2024-03-07
U0119,2024-02-04,2024-02-01,2024-03-08
U0119,2024-02-04,2024-02-01,2024-03-10
U0119,2024-02-04,2024-02-01,2024-03-11
U0119,2024-02-04,2024-02-01,2024-03-12
U0119,2024-02-04,2024-02-01,2024-03-13
U0119,2024-02-04,2024-02-01,2024-03-14
U0119,2024-02-04,2024-02-01,2024-03-16
U0119,2024-02-04,2024-02-01,2024-03-17
U0119,2024-02-04,2024-02-01,2024-03-20
U0119,2024-02-04,2024-02-01,2024-03-21
U0119,2024-02-04,2024-02-01,2024-03-22
U0119,2024-02-04,2024-02-01,2024-03-24
U0119,2024-02-04,2024-02-01,2024-03-28
U0119,2024-02-04,2024-02-01,2024-03-31
U0119,2024-02-04,2024-02-01,2024-04-05
U0119,2024-02-04,2024-02-01,2024-04-07
U0120,2024-04-10,2024-04-01,2024-04-10
U0120,2024-04-10,2024-04-01,2024-04-13
U0120,2024-04-10,2024-04-01,2024-04-16
U0120,2024-04-10,2024-04-01,2024-04-19
U0120,2024-04-10,2024-04-01,2024-04-22
U0120,2024-04-10,2024-04-01,2024-04-25
U0120,2024-04-10,2024-04-01,2024-05-04
U0120,2024-04-10,2024-04-01,2024-05-07
U0121,2024-06-23,2024-06-01,2024-06-23
U0121,2024-06-23,2024-06-01,2024-06-24
U0121,2024-06-23,2024-06-01,2024-06-25
U0121,2024-06-23,2024-06-01,2024-06-26
U0121,2024-06-23,2024-06-01,2024-06-27
U0121,2024-06-23,2024-06-01,2024-06-28
U0121,2024-06-23,2024-06-01,2024-06-29
U0121,2024-06-23,2024-06-01,2024-06-30
U0121,2024-06-23,2024-06-01,2024-07-01
U0121,2024-06-23,2024-06-01,2024-07-03
U0121,2024-06-23,2024-06-01,2024-07-04
U0121,2024-06-23,2024-06-01,2024-07-05
U0121,2024-06-23,2024-06-01,2024-07-06
U0121,2024-06-23,2024-06-01,2024-07-07
U0121,2024-06-23,2024-06-01,2024-07-08
U0121,2024-06-23,2024-06-01,2024-07-10
U0121,2024-06-23,2024-06-01,2024-07-11
U0121,2024-06-23,2024-06-01,2024-07-13
U0121,2024-06-23,2024-06-01,2024-07-14
U0121,2024-06-23,2024-06-01,2024-07-15
U0121,2024-06-23,2024-06-01,2024-07-16
U0121,2024-06-23,2024-06-01,2024-07-17
U0121,2024-06-23,2024-06-01,2024-07-18
U0121,2024-06-23,2024-06-01,2024-07-19
U0121,2024-06-23,2024-06-01,2024-07-20
U0121,2024-06-23,2024-06-01,2024-07-22
U0121,2024-06-23,2024-06-01,2024-07-23
U0121,2024-06-23,2024-06-01,2024-07-26
U0121,2024-06-23,2024-06-01,2024-07-28
U0121,2024-06-23,2024-06-01,2024-07-29
U0121,2024-06-23,2024-06-01,2024-07-31
U0121,2024-06-23,2024-06-01,2024-08-01
U0121,2024-06-23,2024-06-01,2024-08-02
U0121,2024-06-23,2024-06-01,2024-08-04
U0121,2024-06-23,2024-06-01,2024-08-06
U0121,2024-06-23,2024-06-01,2024-08-12
U0121,2024-06-23,2024-06-01,2024-08-13
U0121,2024-06-23,2024-06-01,2024-08-14
U0121,2024-06-23,2024-06-01,2024-08-18
U0121,2024-06-23,2024-06-01,2024-08-19
U0122,2024-05-10,2024-05-01,2024-05-10
U0122,2024-05-10,2024-05-01,2024-05-16
U0122,2024-05-10,2024-05-01,2024-05-19
U0122,2024-05-10,2024-05-01,2024-05-22
U0122,2024-05-10,2024-05-01,2024-05-25
U0122,2024-05-10,2024-05-01,2024-05-28
U0122,2024-05-10,2024-05-01,2024-05-31
U0122,2024-05-10,2024-05-01,2024-06-06
U0122,2024-05-10,2024-05-01,2024-06-09
U0122,2024-05-10,2024-05-01,2024-06-18
U0122,2024-05-10,2024-05-01,2024-06-24
U0122,2024-05-10,2024-05-01,2024-07-06
U0122,2024-05-10,2024-05-01,2024-07-12
U0122,2024-05-10,2024-05-01,2024-07-15
U0122,2024-05-10,2024-05-01,2024-07-21
U0122,2024-05-10,2024-05-01,2024-07-24
U0123,2024-01-01,2024-01-01,2024-01-01
U0123,2024-01-01,2024-01-01,2024-01-03
U0123,2024-01-01,2024-01-01,2024-01-05
U0123,2024-01-01,2024-01-01,2024-01-07
U0123,2024-01-01,2024-01-01,2024-01-09
U0123,2024-01-01,2024-01-01,2024-01-11
U0123,2024-01-01,2024-01-01,2024-01-13
U0123,2024-01-01,2024-01-01,2024-01-15
U0123,2024-01-01,2024-01-01,2024-01-17
U0123,2024-01-01,2024-01-01,2024-01-19
U0123,2024-01-01,2024-01-01,2024-01-23
U0123,2024-01-01,2024-01-01,2024-01-25
U0123,2024-01-01,2024-01-01,2024-01-27
U0123,2024-01-01,2024-01-01,2024-01-29
U0123,2024-01-01,2024-01-01,2024-02-02
U0123,2024-01-01,2024-01-01,2024-02-04
U0123,2024-01-01,2024-01-01,2024-02-08
U0123,2024-01-01,2024-01-01,2024-02-12
U0123,2024-01-01,2024-01-01,2024-02-16
U0123,2024-01-01,2024-01-01,2024-02-18
U0123,2024-01-01,2024-01-01,2024-02-24
U0123,2024-01-01,2024-01-01,2024-02-26
U0123,2024-01-01,2024-01-01,2024-03-03
U0123,2024-01-01,2024-01-01,2024-03-11
U0123,2024-01-01,2024-01-01,2024-03-13
U0124,2024-01-05,2024-01-01,2024-01-05
U0124,2024-01-05,2024-01-01,2024-01-08
U0124,2024-01-05,2024-01-01,2024-01-11
U0124,2024-01-05,2024-01-01,2024-01-14
U0124,2024-01-05,2024-01-01,2024-01-17
U0124,2024-01-05,2024-01-01,2024-01-20
U0124,2024-01-05,2024-01-01,2024-01-23
U0124,2024-01-05,2024-01-01,2024-01-26
U0124,2024-01-05,2024-01-01,2024-02-04
U0124,2024-01-05,2024-01-01,2024-02-07
U0124,2024-01-05,2024-01-01,2024-02-10
U0124,2024-01-05,2024-01-01,2024-02-13
U0124,2024-01-05,2024-01-01,2024-02-16
U0124,2024-01-05,2024-01-01,2024-02-22
U0124,2024-01-05,2024-01-01,2024-02-25
U0124,2024-01-05,2024-01-01,2024-02-28
U0124,2024-01-05,2024-01-01,2024-03-05
U0124,2024-01-05,2024-01-01,2024-03-11
U0124,2024-01-05,2024-01-01,2024-03-23
U0125,2024-05-21,2024-05-01,2024-05-21
U0125,2024-05-21,2024-05-01,2024-05-25
U0125,2024-05-21,2024-05-01,2024-05-29
U0125,2024-05-21,2024-05-01,2024-06-06
U0125,2024-05-21,2024-05-01,2024-06-10
U0125,2024-05-21,2024-05-01,2024-06-18
U0125,2024-05-21,2024-05-01,2024-06-26
U0125,2024-05-21,2024-05-01,2024-06-30
U0125,2024-05-21,2024-05-01,2024-07-08
U0126,2024-04-12,2024-04-01,2024-04-12
U0126,2024-04-12,2024-04-01,2024-04-16
U0126,2024-04-12,2024-04-01,2024-04-20
U0126,2024-04-12,2024-04-01,2024-04-24
U0126,2024-04-12,2024-04-01,2024-04-28
U0126,2024-04-12,2024-04-01,2024-05-06
U0126,2024-04-12,2024-04-01,2024-05-30
U0126,2024-04-12,2024-04-01,2024-06-07
U0127,2024-01-27,2024-01-01,2024-01-27
U0127,2024-01-27,2024-01-01,2024-01-30
U0127,2024-01-27,2024-01-01,2024-02-02
U0127,2024-01-27,2024-01-01,2024-02-08
U0127,2024-01-27,2024-01-01,2024-02-11
U0127,2024-01-27,2024-01-01,2024-02-17
U0127,2024-01-27,2024-01-01,2024-02-23
U0127,2024-01-27,2024-01-01,2024-03-12
U0127,2024-01-27,2024-01-01,2024-03-15
U0127,2024-01-27,2024-01-01,2024-03-21
U0127,2024-01-27,2024-01-01,2024-03-27
U0127,2024-01-27,2024-01-01,2024-04-05
U0127,2024-01-27,2024-01-01,2024-04-08
U0128,2024-05-16,2024-05-01,2024-05-16
U0128,2024-05-16,2024-05-01,2024-05-17
U0128,2024-05-16,2024-05-01,2024-05-18
U0128,2024-05-16,2024-05-01,2024-05-19
U0128,2024-05-16,2024-05-01,2024-05-20
U0128,2024-05-16,2024-05-01,2024-05-21
U0128,2024-05-16,2024-05-01,2024-05-23
U0128,2024-05-16,2024-05-01,2024-05-24
U0128,2024-05-16,2024-05-01,2024-05-25
U0128,2024-05-16,2024-05-01,2024-05-26
U0128,2024-05-16,2024-05-01,2024-05-27
U0128,2024-05-16,2024-05-01,2024-05-28
U0128,2024-05-16,2024-05-01,2024-05-29
U0128,2024-05-16,2024-05-01,2024-05-30
U0128,2024-05-16,2024-05-01,2024-05-31
U0128,2024-05-16,2024-05-01,2024-06-01
U0128,2024-05-16,2024-05-01,2024-06-02
U0128,2024-05-16,2024-05-01,2024-06-03
U0128,2024-05-16,2024-05-01,2024-06-05
U0128,2024-05-16,2024-05-01,2024-06-07
U0128,2024-05-16,2024-05-01,2024-06-08
U0128,2024-05-16,2024-05-01,2024-06-09
U0128,2024-05-16,2024-05-01,2024-06-10
U0128,2024-05-16,2024-05-01,2024-06-11
U0128,2024-05-16,2024-05-01,2024-06-12
U0128,2024-05-16,2024-05-01,2024-06-13
U0128,2024-05-16,2024-05-01,2024-06-15
U0128,2024-05-16,2024-05-01,2024-06-16
U0128,2024-05-16,2024-05-01,2024-06-18
U0128,2024-05-16,2024-05-01,2024-06-19
U0128,2024-05-16,2024-05-01,2024-06-26
U0128,2024-05-16,2024-05-01,2024-06-27
U0128,2024-05-16,2024-05-01,2024-06-28
U0128,2024-05-16,2024-05-01,2024-06-29
U0128,2024-05-16,2024-05-01,2024-07-03
U0128,2024-05-16,2024-05-01,2024-07-05
U0128,2024-05-16,2024-05-01,2024-07-08
U0128,2024-05-16,2024-05-01,2024-07-09
U0128,2024-05-16,2024-05-01,2024-07-10
U0128,2024-05-16,2024-05-01,2024-07-14
U0128,2024-05-16,2024-05-01,2024-07-18
U0128,2024-05-16,2024-05-01,2024-07-19
U0128,2024-05-16,2024-05-01,2024-07-22
U0128,2024-05-16,2024-05-01,2024-07-23
U0128,2024-05-16,2024-05-01,2024-07-29
U0128,2024-05-16,2024-05-01,2024-08-03
U0128,2024-05-16,2024-05-01,2024-08-04
U0128,2024-05-16,2024-05-01,2024-08-06
U0128,2024-05-16,2024-05-01,2024-08-07
U0129,2024-01-15,2024-01-01,2024-01-15
U0129,2024-01-15,2024-01-01,2024-01-18
U0129,2024-01-15,2024-01-01,2024-01-21
U0129,2024-01-15,2024-01-01,2024-01-24
U0129,2024-01-15,2024-01-01,2024-01-27
U0129,2024-01-15,2024-01-01,2024-01-30
U0129,2024-01-15,2024-01-01,2024-02-02
U0129,2024-01-15,2024-01-01,2024-02-05
U0129,2024-01-15,2024-01-01,2024-02-08
U0129,2024-01-15,2024-01-01,2024-02-11
U0129,2024-01-15,2024-01-01,2024-02-14
U0129,2024-01-15,2024-01-01,2024-03-09
U0130,2024-03-30,2024-03-01,2024-03-30
U0130,2024-03-30,2024-03-01,2024-03-31
U0130,2024-03-30,2024-03-01,2024-04-01
U0130,2024-03-30,2024-03-01,2024-04-02
U0130,2024-03-30,2024-03-01,2024-04-03
U0130,2024-03-30,2024-03-01,2024-04-04
U0130,2024-03-30,2024-03-01,2024-04-06
U0130,2024-03-30,2024-03-01,2024-04-07
U0130,2024-03-30,2024-03-01,2024-04-08
U0130,2024-03-30,2024-03-01,2024-04-09
U0130,2024-03-30,2024-03-01,2024-04-10
U0130,2024-03-30,2024-03-01,2024-04-11
U0130,2024-03-30,2024-03-01,2024-04-12
U0130,2024-03-30,2024-03-01,2024-04-13
U0130,2024-03-30,2024-03-01,2024-04-14
U0130,2024-03-30,2024-03-01,2024-04-15
U0130,2024-03-30,2024-03-01,2024-04-16
U0130,2024-03-30,2024-03-01,2024-04-18
U0130,2024-03-30,2024-03-01,2024-04-19
U0130,2024-03-30,2024-03-01,2024-04-20
U0130,2024-03-30,2024-03-01,2024-04-21
U0130,2024-03-30,2024-03-01,2024-04-22
U0130,2024-03-30,2024-03-01,2024-04-23
U0130,2024-03-30,2024-03-01,2024-04-26
U0130,2024-03-30,2024-03-01,2024-04-28
U0130,2024-03-30,2024-03-01,2024-04-30
U0130,2024-03-30,2024-03-01,2024-05-01
U0130,2024-03-30,2024-03-01,2024-05-03
U0130,2024-03-30,2024-03-01,2024-05-04
U0130,2024-03-30,2024-03-01,2024-05-06
U0130,2024-03-30,2024-03-01,2024-05-07
U0130,2024-03-30,2024-03-01,2024-05-08
U0130,2024-03-30,2024-03-01,2024-05-11
U0130,2024-03-30,2024-03-01,2024-05-13
U0130,2024-03-30,2024-03-01,2024-05-15
U0130,2024-03-30,2024-03-01,2024-05-16
U0130,2024-03-30,2024-03-01,2024-05-18
U0130,2024-03-30,2024-03-01,2024-05-19
U0130,2024-03-30,2024-03-01,2024-05-22
U0130,2024-03-30,2024-03-01,2024-05-23
U0130,2024-03-30,2024-03-01,2024-05-24
U0130,2024-03-30,2024-03-01,2024-05-26
U0130,2024-03-30,2024-03-01,2024-05-30
U0130,2024-03-30,2024-03-01,2024-06-01
U0131,2024-02-11,2024-02-01,2024-02-11
U0131,2024-02-11,2024-02-01,2024-02-19
U0131,2024-02-11,2024-02-01,2024-02-27
U0131,2024-02-11,2024-02-01,2024-03-02
U0131,2024-02-11,2024-02-01,2024-03-06
U0131,2024-02-11,2024-02-01,2024-03-10
U0131,2024-02-11,2024-02-01,2024-03-14
U0131,2024-02-11,2024-02-01,2024-03-18
U0131,2024-02-11,2024-02-01,2024-03-22
U0131,2024-02-11,2024-02-01,2024-03-26
U0132,2024-05-03,2024-05-01,2024-05-03
U0132,2024-05-03,2024-05-01,2024-05-07
U0132,2024-05-03,2024-05-01,2024-05-11
U0132,2024-05-03,2024-05-01,2024-05-15
U0132,2024-05-03,2024-05-01,2024-05-19
U0132,2024-05-03,2024-05-01,2024-05-27
U0132,2024-05-03,2024-05-01,2024-05-31
U0132,2024-05-03,2024-05-01,2024-06-08
U0132,2024-05-03,2024-05-01,2024-06-12
U0133,2024-06-27,2024-06-01,2024-06-27
U0133,2024-06-27,2024-06-01,2024-07-01
U0133,2024-06-27,2024-06-01,2024-07-05
U0133,2024-06-27,2024-06-01,2024-07-09
U0133,2024-06-27,2024-06-01,2024-07-13
U0133,2024-06-27,2024-06-01,2024-07-17
U0133,2024-06-27,2024-06-01,2024-07-21
U0133,2024-06-27,2024-06-01,2024-07-25
U0134,2024-03-03,2024-03-01,2024-03-03
U0134,2024-03-03,2024-03-01,2024-03-06
U0134,2024-03-03,2024-03-01,2024-03-09
U0134,2024-03-03,2024-03-01,2024-03-12
U0134,2024-03-03,2024-03-01,2024-03-18
U0134,2024-03-03,2024-03-01,2024-03-21
U0134,2024-03-03,2024-03-01,2024-03-24
U0134,2024-03-03,2024-03-01,2024-03-30
U0134,2024-03-03,2024-03-01,2024-04-05
U0134,2024-03-03,2024-03-01,2024-04-08
U0134,2024-03-03,2024-03-01,2024-04-17
U0134,2024-03-03,2024-03-01,2024-04-20
U0134,2024-03-03,2024-03-01,2024-04-26
U0135,2024-04-05,2024-04-01,2024-04-05
U0135,2024-04-05,2024-04-01,2024-04-06
U0135,2024-04-05,2024-04-01,2024-04-07
U0135,2024-04-05,2024-04-01,2024-04-08
U0135,2024-04-05,2024-04-01,2024-04-09
U0135,2024-04-05,2024-04-01,2024-04-10
U0135,2024-04-05,2024-04-01,2024-04-11
U0135,2024-04-05,2024-04-01,2024-04-12
U0135,2024-04-05,2024-04-01,2024-04-13
U0135,2024-04-05,2024-04-01,2024-04-14
U0135,2024-04-05,2024-04-01,2024-04-15
U0135,2024-04-05,2024-04-01,2024-04-16
U0135,2024-04-05,2024-04-01,2024-04-17
U0135,2024-04-05,2024-04-01,2024-04-18
U0135,2024-04-05,2024-04-01,2024-04-19
U0135,2024-04-05,2024-04-01,2024-04-20
U0135,2024-04-05,2024-04-01,2024-04-23
U0135,2024-04-05,2024-04-01,2024-04-24
U0135,2024-04-05,2024-04-01,2024-04-25
U0135,2024-04-05,2024-04-01,2024-04-26
U0135,2024-04-05,2024-04-01,2024-04-27
U0135,2024-04-05,2024-04-01,2024-04-28
U0135,2024-04-05,2024-04-01,2024-04-29
U0135,2024-04-05,2024-04-01,2024-05-01
U0135,2024-04-05,2024-04-01,2024-05-02
U0135,2024-04-05,2024-04-01,2024-05-03
U0135,2024-04-05,2024-04-01,2024-05-04
U0135,2024-04-05,2024-04-01,2024-05-06
U0135,2024-04-05,2024-04-01,2024-05-07
U0135,2024-04-05,2024-04-01,2024-05-08
U0135,2024-04-05,2024-04-01,2024-05-09
U0135,2024-04-05,2024-04-01,2024-05-10
U0135,2024-04-05,2024-04-01,2024-05-14
U0135,2024-04-05,2024-04-01,2024-05-17
U0135,2024-04-05,2024-04-01,2024-05-19
U0135,2024-04-05,2024-04-01,2024-05-20
U0135,2024-04-05,2024-04-01,2024-05-22
U0135,2024-04-05,2024-04-01,2024-05-24
U0136,2024-02-21,2024-02-01,2024-02-21
U0136,2024-02-21,2024-02-01,2024-02-24
U0136,2024-02-21,2024-02-01,2024-02-27
U0136,2024-02-21,2024-02-01,2024-03-01
U0136,2024-02-21,2024-02-01,2024-03-04
U0136,2024-02-21,2024-02-01,2024-03-07
U0136,2024-02-21,2024-02-01,2024-03-10
U0136,2024-02-21,2024-02-01,2024-03-13
U0136,2024-02-21,2024-02-01,2024-03-19
U0137,2024-04-05,2024-04-01,2024-04-05
U0137,2024-04-05,2024-04-01,2024-04-06
U0137,2024-04-05,2024-04-01,2024-04-07
U0137,2024-04-05,2024-04-01,2024-04-08
U0137,2024-04-05,2024-04-01,2024-04-09
U0137,2024-04-05,2024-04-01,2024-04-10
U0137,2024-04-05,2024-04-01,2024-04-11
U0137,2024-04-05,2024-04-01,2024-04-13
U0137,2024-04-05,2024-04-01,2024-04-14
U0137,2024-04-05,2024-04-01,2024-04-15
U0137,2024-04-05,2024-04-01,2024-04-16
U0137,2024-04-05,2024-04-01,2024-04-17
U0137,2024-04-05,2024-04-01,2024-04-18
U0137,2024-04-05,2024-04-01,2024-04-19
U0137,2024-04-05,2024-04-01,2024-04-20
U0137,2024-04-05,2024-04-01,2024-04-21
U0137,2024-04-05,2024-04-01,2024-04-23
U0137,2024-04-05,2024-04-01,2024-04-25
U0137,2024-04-05,2024-04-01,2024-04-26
U0137,2024-04-05,2024-04-01,2024-04-27
U0137,2024-04-05,2024-04-01,2024-04-28
U0137,2024-04-05,2024-04-01,2024-04-29
U0137,2024-04-05,2024-04-01,2024-05-01
U0137,2024-04-05,2024-04-01,2024-05-02
U0137,2024-04-05,2024-04-01,2024-05-03
U0137,2024-04-05,2024-04-01,2024-05-04
U0137,2024-04-05,2024-04-01,2024-05-05
U0137,2024-04-05,2024-04-01,2024-05-06
U0137,2024-04-05,2024-04-01,2024-05-07
U0137,2024-04-05,2024-04-01,2024-05-08
U0137,2024-04-05,2024-04-01,2024-05-12
U0137,2024-04-05,2024-04-01,2024-05-13
U0137,2024-04-05,2024-04-01,2024-05-14
U0137,2024-04-05,2024-04-01,2024-05-15
U0137,2024-04-05,2024-04-01,2024-05-16
U0137,2024-04-05,2024-04-01,2024-05-22
U0137,2024-04-05,2024-04-01,2024-05-23
U0137,2024-04-05,2024-04-01,2024-05-24
U0137,2024-04-05,2024-04-01,2024-05-27
U0137,2024-04-05,2024-04-01,2024-05-30
U0137,2024-04-05,2024-04-01,2024-06-03
U0137,2024-04-05,2024-04-01,2024-06-05
U0137,2024-04-05,2024-04-01,2024-06-12
U0137,2024-04-05,2024-04-01,2024-06-14
U0137,2024-04-05,2024-04-01,2024-06-20
U0137,2024-04-05,2024-04-01,2024-06-23
U0137,2024-04-05,2024-04-01,2024-06-24
U0137,2024-04-05,2024-04-01,2024-06-29
U0138,2024-05-11,2024-05-01,2024-05-11
U0138,2024-05-11,2024-05-01,2024-05-14
U0138,2024-05-11,2024-05-01,2024-05-17
U0138,2024-05-11,2024-05-01,2024-05-20
U0138,2024-05-11,2024-05-01,2024-05-23
U0138,2024-05-11,2024-05-01,2024-05-26
U0138,2024-05-11,2024-05-01,2024-05-29
U0138,2024-05-11,2024-05-01,2024-06-01
U0138,2024-05-11,2024-05-01,2024-06-04
U0138,2024-05-11,2024-05-01,2024-06-07
U0138,2024-05-11,2024-05-01,2024-06-10
U0139,2024-05-30,2024-05-01,2024-05-30
U0139,2024-05-30,2024-05-01,2024-06-03
U0139,2024-05-30,2024-05-01,2024-06-07
U0139,2024-05-30,2024-05-01,2024-06-11
U0139,2024-05-30,2024-05-01,2024-06-15
U0139,2024-05-30,2024-05-01,2024-06-23
U0139,2024-05-30,2024-05-01,2024-06-27
U0139,2024-05-30,2024-05-01,2024-07-01
U0139,2024-05-30,2024-05-01,2024-07-05
U0139,2024-05-30,2024-05-01,2024-07-09
U0139,2024-05-30,2024-05-01,2024-07-13
U0139,2024-05-30,2024-05-01,2024-07-21
U0140,2024-05-22,2024-05-01,2024-05-22
U0140,2024-05-22,2024-05-01,2024-05-23
U0140,2024-05-22,2024-05-01,2024-05-24
U0140,2024-05-22,2024-05-01,2024-05-25
U0140,2024-05-22,2024-05-01,2024-05-26
U0140,2024-05-22,2024-05-01,2024-05-27
U0140,2024-05-22,2024-05-01,2024-05-28
U0140,2024-05-22,2024-05-01,2024-05-29
U0140,2024-05-22,2024-05-01,2024-05-30
U0140,2024-05-22,2024-05-01,2024-05-31
U0140,2024-05-22,2024-05-01,2024-06-01
U0140,2024-05-22,2024-05-01,2024-06-02
U0140,2024-05-22,2024-05-01,2024-06-03
U0140,2024-05-22,2024-05-01,2024-06-04
U0140,2024-05-22,2024-05-01,2024-06-05
U0140,2024-05-22,2024-05-01,2024-06-06
U0140,2024-05-22,2024-05-01,2024-06-07
U0140,2024-05-22,2024-05-01,2024-06-08
U0140,2024-05-22,2024-05-01,2024-06-09
U0140,2024-05-22,2024-05-01,2024-06-10
U0140,2024-05-22,2024-05-01,2024-06-11
U0140,2024-05-22,2024-05-01,2024-06-12
U0140,2024-05-22,2024-05-01,2024-06-13
U0140,2024-05-22,2024-05-01,2024-06-15
U0140,2024-05-22,2024-05-01,2024-06-16
U0140,2024-05-22,2024-05-01,2024-06-17
U0140,2024-05-22,2024-05-01,2024-06-18
U0140,2024-05-22,2024-05-01,2024-06-19
U0140,2024-05-22,2024-05-01,2024-06-20
U0140,2024-05-22,2024-05-01,2024-06-22
U0140,2024-05-22,2024-05-01,2024-06-23
U0140,2024-05-22,2024-05-01,2024-06-26
U0141,2024-06-19,2024-06-01,2024-06-19
U0141,2024-06-19,2024-06-01,2024-06-22
U0141,2024-06-19,2024-06-01,2024-06-25
U0141,2024-06-19,2024-06-01,2024-06-28
U0141,2024-06-19,2024-06-01,2024-07-01
U0141,2024-06-19,2024-06-01,2024-07-07
U0141,2024-06-19,2024-06-01,2024-07-10
U0141,2024-06-19,2024-06-01,2024-07-13
U0141,2024-06-19,2024-06-01,2024-07-22
U0141,2024-06-19,2024-06-01,2024-07-25
U0141,2024-06-19,2024-06-01,2024-07-31
U0142,2024-01-29,2024-01-01,2024-01-29
U0142,2024-01-29,2024-01-01,2024-02-01
U0142,2024-01-29,2024-01-01,2024-02-07
U0142,2024-01-29,2024-01-01,2024-02-10
U0142,2024-01-29,2024-01-01,2024-02-16
U0142,2024-01-29,2024-01-01,2024-02-19
U0143,2024-02-05,2024-02-01,2024-02-05
U0143,2024-02-05,2024-02-01,2024-02-08
U0143,2024-02-05,2024-02-01,2024-02-11
U0143,2024-02-05,2024-02-01,2024-02-14
U0143,2024-02-05,2024-02-01,2024-02-17
U0143,2024-02-05,2024-02-01,2024-02-23
U0144,2024-01-13,2024-01-01,2024-01-13
U0144,2024-01-13,2024-01-01,2024-01-15
U0144,2024-01-13,2024-01-01,2024-01-17
U0144,2024-01-13,2024-01-01,2024-01-19
U0144,2024-01-13,2024-01-01,2024-01-21
U0144,2024-01-13,2024-01-01,2024-01-23
U0144,2024-01-13,2024-01-01,2024-01-25
U0144,2024-01-13,2024-01-01,2024-01-29
U0144,2024-01-13,2024-01-01,2024-01-31
U0144,2024-01-13,2024-01-01,2024-02-02
U0144,2024-01-13,2024-01-01,2024-02-04
U0144,2024-01-13,2024-01-01,2024-02-06
U0144,2024-01-13,2024-01-01,2024-02-10
U0144,2024-01-13,2024-01-01,2024-02-16
U0144,2024-01-13,2024-01-01,2024-02-18
U0144,2024-01-13,2024-01-01,2024-02-20
U0144,2024-01-13,2024-01-01,2024-02-22
U0144,2024-01-13,2024-01-01,2024-02-26
U0144,2024-01-13,2024-01-01,2024-02-28
U0144,2024-01-13,2024-01-01,2024-03-11
U0144,2024-01-13,2024-01-01,2024-03-15
U0144,2024-01-13,2024-01-01,2024-03-21
U0144,2024-01-13,2024-01-01,2024-03-27
U0144,2024-01-13,2024-01-01,2024-03-31
U0145,2024-06-08,2024-06-01,2024-06-08
U0145,2024-06-08,2024-06-01,2024-06-12
U0145,2024-06-08,2024-06-01,2024-06-28
U0145,2024-06-08,2024-06-01,2024-07-06
U0145,2024-06-08,2024-06-01,2024-07-14
U0145,2024-06-08,2024-06-01,2024-07-18
U0145,2024-06-08,2024-06-01,2024-07-26
U0145,2024-06-08,2024-06-01,2024-07-30
U0145,2024-06-08,2024-06-01,2024-08-03
U0145,2024-06-08,2024-06-01,2024-08-07
U0145,2024-06-08,2024-06-01,2024-08-11
U0145,2024-06-08,2024-06-01,2024-08-15
U0145,2024-06-08,2024-06-01,2024-08-23
U0145,2024-06-08,2024-06-01,2024-08-31
U0146,2024-03-11,2024-03-01,2024-03-11
U0146,2024-03-11,2024-03-01,2024-03-15
U0146,2024-03-11,2024-03-01,2024-03-19
U0146,2024-03-11,2024-03-01,2024-03-27
U0146,2024-03-11,2024-03-01,2024-03-31
U0146,2024-03-11,2024-03-01,2024-04-04
U0146,2024-03-11,2024-03-01,2024-04-08
U0146,2024-03-11,2024-03-01,2024-04-16
U0146,2024-03-11,2024-03-01,2024-04-28
U0146,2024-03-11,2024-03-01,2024-05-02
U0146,2024-03-11,2024-03-01,2024-05-06
U0147,2024-03-26,2024-03-01,2024-03-26
U0147,2024-03-26,2024-03-01,2024-03-28
U0147,2024-03-26,2024-03-01,2024-03-30
U0147,2024-03-26,2024-03-01,2024-04-01
U0147,2024-03-26,2024-03-01,2024-04-03
U0147,2024-03-26,2024-03-01,2024-04-05
U0147,2024-03-26,2024-03-01,2024-04-11
U0147,2024-03-26,2024-03-01,2024-04-13
U0147,2024-03-26,2024-03-01,2024-04-17
U0147,2024-03-26,2024-03-01,2024-04-21
U0147,2024-03-26,2024-03-01,2024-04-27
U0147,2024-03-26,2024-03-01,2024-04-29
U0147,2024-03-26,2024-03-01,2024-05-03
U0147,2024-03-26,2024-03-01,2024-05-11
U0147,2024-03-26,2024-03-01,2024-05-13
U0147,2024-03-26,2024-03-01,2024-05-17
U0147,2024-03-26,2024-03-01,2024-05-21
U0147,2024-03-26,2024-03-01,2024-05-23
U0147,2024-03-26,2024-03-01,2024-05-25
U0147,2024-03-26,2024-03-01,2024-06-16
U0148,2024-01-28,2024-01-01,2024-01-28
U0148,2024-01-28,2024-01-01,2024-01-31
U0148,2024-01-28,2024-01-01,2024-02-03
U0148,2024-01-28,2024-01-01,2024-02-06
U0148,2024-01-28,2024-01-01,2024-02-09
U0148,2024-01-28,2024-01-01,2024-02-12
U0149,2024-03-06,2024-03-01,2024-03-06
U0149,2024-03-06,2024-03-01,2024-03-09
U0149,2024-03-06,2024-03-01,2024-03-12
U0149,2024-03-06,2024-03-01,2024-03-15
U0149,2024-03-06,2024-03-01,2024-03-18
U0149,2024-03-06,2024-03-01,2024-03-21
U0149,2024-03-06,2024-03-01,2024-03-27
U0149,2024-03-06,2024-03-01,2024-04-02
U0150,2024-06-18,2024-06-01,2024-06-18
U0150,2024-06-18,2024-06-01,2024-06-22
U0150,2024-06-18,2024-06-01,2024-06-26
U0150,2024-06-18,2024-06-01,2024-06-30
U0150,2024-06-18,2024-06-01,2024-07-08
U0150,2024-06-18,2024-06-01,2024-07-12
U0150,2024-06-18,2024-06-01,2024-07-16
U0150,2024-06-18,2024-06-01,2024-07-20
U0150,2024-06-18,2024-06-01,2024-08-13
U0150,2024-06-18,2024-06-01,2024-08-21
U0150,2024-06-18,2024-06-01,2024-08-25
U0150,2024-06-18,2024-06-01,2024-08-29
U0151,2024-02-14,2024-02-01,2024-02-14
U0151,2024-02-14,2024-02-01,2024-02-18
U0151,2024-02-14,2024-02-01,2024-02-26
U0151,2024-02-14,2024-02-01,2024-03-01
U0151,2024-02-14,2024-02-01,2024-03-09
U0151,2024-02-14,2024-02-01,2024-03-13
U0151,2024-02-14,2024-02-01,2024-03-17
U0151,2024-02-14,2024-02-01,2024-03-21
U0152,2024-03-02,2024-03-01,2024-03-02
U0152,2024-03-02,2024-03-01,2024-03-05
U0152,2024-03-02,2024-03-01,2024-03-08
U0152,2024-03-02,2024-03-01,2024-03-11
U0152,2024-03-02,2024-03-01,2024-03-14
U0152,2024-03-02,2024-03-01,2024-03-17
U0152,2024-03-02,2024-03-01,2024-03-20
U0152,2024-03-02,2024-03-01,2024-03-26
U0152,2024-03-02,2024-03-01,2024-03-29
U0152,2024-03-02,2024-03-01,2024-04-01
U0152,2024-03-02,2024-03-01,2024-04-10
U0152,2024-03-02,2024-03-01,2024-04-16
U0153,2024-05-13,2024-05-01,2024-05-13
U0153,2024-05-13,2024-05-01,2024-05-17
U0153,2024-05-13,2024-05-01,2024-05-21
U0153,2024-05-13,2024-05-01,2024-05-29
U0153,2024-05-13,2024-05-01,2024-06-10
U0153,2024-05-13,2024-05-01,2024-06-14
U0153,2024-05-13,2024-05-01,2024-06-18
U0153,2024-05-13,2024-05-01,2024-06-22
U0153,2024-05-13,2024-05-01,2024-06-26
U0153,2024-05-13,2024-05-01,2024-06-30
U0153,2024-05-13,2024-05-01,2024-07-04
U0154,2024-01-28,2024-01-01,2024-01-28
U0154,2024-01-28,2024-01-01,2024-01-31
U0154,2024-01-28,2024-01-01,2024-02-03
U0154,2024-01-28,2024-01-01,2024-02-06
U0154,2024-01-28,2024-01-01,2024-02-12
U0154,2024-01-28,2024-01-01,2024-02-15
U0154,2024-01-28,2024-01-01,2024-02-18
U0154,2024-01-28,2024-01-01,2024-02-21
U0154,2024-01-28,2024-01-01,2024-02-24
U0155,2024-01-28,2024-01-01,2024-01-28
U0155,2024-01-28,2024-01-01,2024-01-31
U0155,2024-01-28,2024-01-01,2024-02-03
U0155,2024-01-28,2024-01-01,2024-02-09
U0155,2024-01-28,2024-01-01,2024-02-15
U0155,2024-01-28,2024-01-01,2024-02-18
U0155,2024-01-28,2024-01-01,2024-02-24
U0156,2024-04-17,2024-04-01,2024-04-17
U0156,2024-04-17,2024-04-01,2024-04-19
U0156,2024-04-17,2024-04-01,2024-04-21
U0156,2024-04-17,2024-04-01,2024-04-27
U0156,2024-04-17,2024-04-01,2024-05-01
U0156,2024-04-17,2024-04-01,2024-05-03
U0156,2024-04-17,2024-04-01,2024-05-05
U0156,2024-04-17,2024-04-01,2024-05-07
U0156,2024-04-17,2024-04-01,2024-05-09
U0156,2024-04-17,2024-04-01,2024-05-11
U0156,2024-04-17,2024-04-01,2024-05-13
U0156,2024-04-17,2024-04-01,2024-05-17
U0156,2024-04-17,2024-04-01,2024-05-19
U0156,2024-04-17,2024-04-01,2024-05-21
U0156,2024-04-17,2024-04-01,2024-05-29
U0156,2024-04-17,2024-04-01,2024-06-02
U0156,2024-04-17,2024-04-01,2024-06-04
U0156,2024-04-17,2024-04-01,2024-06-06
U0156,2024-04-17,2024-04-01,2024-06-08
U0156,2024-04-17,2024-04-01,2024-06-10
U0156,2024-04-17,2024-04-01,2024-06-16
U0156,2024-04-17,2024-04-01,2024-06-18
U0156,2024-04-17,2024-04-01,2024-06-20
U0157,2024-02-13,2024-02-01,2024-02-13
U0157,2024-02-13,2024-02-01,2024-02-15
U0157,2024-02-13,2024-02-01,2024-02-19
U0157,2024-02-13,2024-02-01,2024-02-21
U0157,2024-02-13,2024-02-01,2024-02-23
U0157,2024-02-13,2024-02-01,2024-02-25
U0157,2024-02-13,2024-02-01,2024-02-27
U0157,2024-02-13,2024-02-01,2024-02-29
U0157,2024-02-13,2024-02-01,2024-03-08
U0157,2024-02-13,2024-02-01,2024-03-12
U0157,2024-02-13,2024-02-01,2024-03-14
U0157,2024-02-13,2024-02-01,2024-03-16
U0157,2024-02-13,2024-02-01,2024-03-20
U0157,2024-02-13,2024-02-01,2024-03-22
U0157,2024-02-13,2024-02-01,2024-03-28
U0157,2024-02-13,2024-02-01,2024-03-30
U0157,2024-02-13,2024-02-01,2024-04-01
U0157,2024-02-13,2024-02-01,2024-04-03
U0157,2024-02-13,2024-02-01,2024-04-05
U0157,2024-02-13,2024-02-01,2024-04-13
U0157,2024-02-13,2024-02-01,2024-04-17
U0158,2024-03-24,2024-03-01,2024-03-24
U0158,2024-03-24,2024-03-01,2024-03-27
U0158,2024-03-24,2024-03-01,2024-03-30
U0158,2024-03-24,2024-03-01,2024-04-02
U0159,2024-01-30,2024-01-01,2024-01-30
U0159,2024-01-30,2024-01-01,2024-02-03
U0159,2024-01-30,2024-01-01,2024-02-07
U0159,2024-01-30,2024-01-01,2024-02-11
U0159,2024-01-30,2024-01-01,2024-02-15
U0159,2024-01-30,2024-01-01,2024-02-19
U0159,2024-01-30,2024-01-01,2024-02-23
U0159,2024-01-30,2024-01-01,2024-02-27
U0160,2024-03-15,2024-03-01,2024-03-15
U0160,2024-03-15,2024-03-01,2024-03-19
U0160,2024-03-15,2024-03-01,2024-03-23
U0160,2024-03-15,2024-03-01,2024-03-27
U0160,2024-03-15,2024-03-01,2024-03-31
U0160,2024-03-15,2024-03-01,2024-04-08
U0161,2024-05-07,2024-05-01,2024-05-07
U0161,2024-05-07,2024-05-01,2024-05-09
U0161,2024-05-07,2024-05-01,2024-05-11
U0161,2024-05-07,2024-05-01,2024-05-13
U0161,2024-05-07,2024-05-01,2024-05-15
U0161,2024-05-07,2024-05-01,2024-05-17
U0161,2024-05-07,2024-05-01,2024-05-19
U0161,2024-05-07,2024-05-01,2024-05-23
U0161,2024-05-07,2024-05-01,2024-05-25
U0161,2024-05-07,2024-05-01,2024-05-29
U0161,2024-05-07,2024-05-01,2024-06-04
U0161,2024-05-07,2024-05-01,2024-06-08
U0161,2024-05-07,2024-05-01,2024-06-10
U0161,2024-05-07,2024-05-01,2024-06-12
U0161,2024-05-07,2024-05-01,2024-06-14
U0161,2024-05-07,2024-05-01,2024-06-20
U0161,2024-05-07,2024-05-01,2024-06-22
U0162,2024-04-01,2024-04-01,2024-04-01
U0162,2024-04-01,2024-04-01,2024-04-04
U0162,2024-04-01,2024-04-01,2024-04-07
U0162,2024-04-01,2024-04-01,2024-04-10
U0162,2024-04-01,2024-04-01,2024-04-13
U0162,2024-04-01,2024-04-01,2024-04-16
U0162,2024-04-01,2024-04-01,2024-04-19
U0162,2024-04-01,2024-04-01,2024-04-25
U0162,2024-04-01,2024-04-01,2024-05-16
U0162,2024-04-01,2024-04-01,2024-05-19
U0162,2024-04-01,2024-04-01,2024-05-22
U0163,2024-05-08,2024-05-01,2024-05-08
U0163,2024-05-08,2024-05-01,2024-05-12
U0163,2024-05-08,2024-05-01,2024-05-16
U0163,2024-05-08,2024-05-01,2024-05-20
U0164,2024-04-30,2024-04-01,2024-04-30
U0164,2024-04-30,2024-04-01,2024-05-03
U0164,2024-04-30,2024-04-01,2024-05-06
U0164,2024-04-30,2024-04-01,2024-05-09
U0164,2024-04-30,2024-04-01,2024-05-12
U0164,2024-04-30,2024-04-01,2024-05-15
U0164,2024-04-30,2024-04-01,2024-05-18
U0164,2024-04-30,2024-04-01,2024-05-24
U0164,2024-04-30,2024-04-01,2024-05-30
U0164,2024-04-30,2024-04-01,2024-06-14
U0164,2024-04-30,2024-04-01,2024-06-17
U0164,2024-04-30,2024-04-01,2024-06-20
U0164,2024-04-30,2024-04-01,2024-06-23
U0164,2024-04-30,2024-04-01,2024-06-26
U0164,2024-04-30,2024-04-01,2024-07-02
U0165,2024-01-27,2024-01-01,2024-01-27
U0165,2024-01-27,2024-01-01,2024-01-31
U0165,2024-01-27,2024-01-01,2024-02-08
U0165,2024-01-27,2024-01-01,2024-02-12
U0165,2024-01-27,2024-01-01,2024-02-20
U0165,2024-01-27,2024-01-01,2024-02-24
U0165,2024-01-27,2024-01-01,2024-02-28
U0165,2024-01-27,2024-01-01,2024-03-07
U0166,2024-04-30,2024-04-01,2024-04-30
U0166,2024-04-30,2024-04-01,2024-05-01
U0166,2024-04-30,2024-04-01,2024-05-02
U0166,2024-04-30,2024-04-01,2024-05-03
U0166,2024-04-30,2024-04-01,2024-05-04
U0166,2024-04-30,2024-04-01,2024-05-05
U0166,2024-04-30,2024-04-01,2024-05-06
U0166,2024-04-30,2024-04-01,2024-05-07
U0166,2024-04-30,2024-04-01,2024-05-08
U0166,2024-04-30,2024-04-01,2024-05-09
U0166,2024-04-30,2024-04-01,2024-05-10
U0166,2024-04-30,2024-04-01,2024-05-11
U0166,2024-04-30,2024-04-01,2024-05-12
U0166,2024-04-30,2024-04-01,2024-05-13
U0166,2024-04-30,2024-04-01,2024-05-15
U0166,2024-04-30,2024-04-01,2024-05-16
U0166,2024-04-30,2024-04-01,2024-05-18
U0166,2024-04-30,2024-04-01,2024-05-20
U0166,2024-04-30,2024-04-01,2024-05-21
U0166,2024-04-30,2024-04-01,2024-05-22
U0166,2024-04-30,2024-04-01,2024-05-24
U0166,2024-04-30,2024-04-01,2024-05-25
U0166,2024-04-30,2024-04-01,2024-05-26
U0166,2024-04-30,2024-04-01,2024-05-27
U0166,2024-04-30,2024-04-01,2024-05-28
U0166,2024-04-30,2024-04-01,2024-05-29
U0166,2024-04-30,2024-04-01,2024-05-30
U0167,2024-04-25,2024-04-01,2024-04-25
U0167,2024-04-25,2024-04-01,2024-04-29
U0167,2024-04-25,2024-04-01,2024-05-03
U0167,2024-04-25,2024-04-01,2024-05-07
U0168,2024-01-03,2024-01-01,2024-01-03
U0168,2024-01-03,2024-01-01,2024-01-07
U0168,2024-01-03,2024-01-01,2024-01-11
U0169,2024-04-12,2024-04-01,2024-04-12
U0169,2024-04-12,2024-04-01,2024-04-16
U0169,2024-04-12,2024-04-01,2024-04-20
U0169,2024-04-12,2024-04-01,2024-04-24
U0169,2024-04-12,2024-04-01,2024-04-28
U0170,2024-06-03,2024-06-01,2024-06-03
U0170,2024-06-03,2024-06-01,2024-06-07
U0170,2024-06-03,2024-06-01,2024-06-15
U0170,2024-06-03,2024-06-01,2024-06-19
U0170,2024-06-03,2024-06-01,2024-06-27
U0170,2024-06-03,2024-06-01,2024-07-01
U0171,2024-05-16,2024-05-01,2024-05-16
U0171,2024-05-16,2024-05-01,2024-05-18
U0171,2024-05-16,2024-05-01,2024-05-20
U0171,2024-05-16,2024-05-01,2024-05-22
U0171,2024-05-16,2024-05-01,2024-05-24
U0171,2024-05-16,2024-05-01,2024-05-26
U0171,2024-05-16,2024-05-01,2024-05-30
U0171,2024-05-16,2024-05-01,2024-06-01
U0171,2024-05-16,2024-05-01,2024-06-03
U0171,2024-05-16,2024-05-01,2024-06-05
U0171,2024-05-16,2024-05-01,2024-06-07
U0171,2024-05-16,2024-05-01,2024-06-09
U0171,2024-05-16,2024-05-01,2024-06-11
U0171,2024-05-16,2024-05-01,2024-06-15
U0171,2024-05-16,2024-05-01,2024-06-17
U0171,2024-05-16,2024-05-01,2024-06-19
U0171,2024-05-16,2024-05-01,2024-06-23
U0171,2024-05-16,2024-05-01,2024-06-27
U0171,2024-05-16,2024-05-01,2024-06-29
U0171,2024-05-16,2024-05-01,2024-07-01
U0171,2024-05-16,2024-05-01,2024-07-05
U0171,2024-05-16,2024-05-01,2024-07-07
U0172,2024-03-02,2024-03-01,2024-03-02
U0172,2024-03-02,2024-03-01,2024-03-03
U0172,2024-03-02,2024-03-01,2024-03-04
U0172,2024-03-02,2024-03-01,2024-03-05
U0172,2024-03-02,2024-03-01,2024-03-06
U0172,2024-03-02,2024-03-01,2024-03-07
U0172,2024-03-02,2024-03-01,2024-03-08
U0172,2024-03-02,2024-03-01,2024-03-09
U0172,2024-03-02,2024-03-01,2024-03-10
U0172,2024-03-02,2024-03-01,2024-03-12
U0172,2024-03-02,2024-03-01,2024-03-13
U0172,2024-03-02,2024-03-01,2024-03-16
U0172,2024-03-02,2024-03-01,2024-03-17
U0172,2024-03-02,2024-03-01,2024-03-18
U0172,2024-03-02,2024-03-01,2024-03-19
U0172,2024-03-02,2024-03-01,2024-03-21
U0172,2024-03-02,2024-03-01,2024-03-22
U0172,2024-03-02,2024-03-01,2024-03-23
U0172,2024-03-02,2024-03-01,2024-03-24
U0172,2024-03-02,2024-03-01,2024-03-25
U0172,2024-03-02,2024-03-01,2024-03-26
U0172,2024-03-02,2024-03-01,2024-03-27
U0172,2024-03-02,2024-03-01,2024-03-28
U0172,2024-03-02,2024-03-01,2024-03-29
U0172,2024-03-02,2024-03-01,2024-03-30
U0172,2024-03-02,2024-03-01,2024-03-31
U0172,2024-03-02,2024-03-01,2024-04-01
U0172,2024-03-02,2024-03-01,2024-04-02
U0172,2024-03-02,2024-03-01,2024-04-03
U0172,2024-03-02,2024-03-01,2024-04-04
U0172,2024-03-02,2024-03-01,2024-04-05
U0172,2024-03-02,2024-03-01,2024-04-12
U0173,2024-06-13,2024-06-01,2024-06-13
U0173,2024-06-13,2024-06-01,2024-06-15
U0173,2024-06-13,2024-06-01,2024-06-17
U0173,2024-06-13,2024-06-01,2024-06-19
U0173,2024-06-13,2024-06-01,2024-06-21
U0173,2024-06-13,2024-06-01,2024-06-23
U0173,2024-06-13,2024-06-01,2024-06-25
U0173,2024-06-13,2024-06-01,2024-06-27
U0174,2024-02-20,2024-02-01,2024-02-20
U0174,2024-02-20,2024-02-01,2024-02-21
U0174,2024-02-20,2024-02-01,2024-02-22
U0174,2024-02-20,2024-02-01,2024-02-23
U0174,2024-02-20,2024-02-01,2024-02-24
U0174,2024-02-20,2024-02-01,2024-02-25
U0174,2024-02-20,2024-02-01,2024-02-26
U0174,2024-02-20,2024-02-01,2024-02-27
U0174,2024-02-20,2024-02-01,2024-02-28
U0174,2024-02-20,2024-02-01,2024-02-29
U0174,2024-02-20,2024-02-01,2024-03-01
U0174,2024-02-20,2024-02-01,2024-03-02
U0174,2024-02-20,2024-02-01,2024-03-05
U0174,2024-02-20,2024-02-01,2024-03-06
U0174,2024-02-20,2024-02-01,2024-03-07
U0174,2024-02-20,2024-02-01,2024-03-09
U0174,2024-02-20,2024-02-01,2024-03-11
U0174,2024-02-20,2024-02-01,2024-03-15
U0174,2024-02-20,2024-02-01,2024-03-16
U0174,2024-02-20,2024-02-01,2024-03-17
U0174,2024-02-20,2024-02-01,2024-03-18
U0174,2024-02-20,2024-02-01,2024-03-19
U0174,2024-02-20,2024-02-01,2024-03-20
U0174,2024-02-20,2024-02-01,2024-03-21
U0174,2024-02-20,2024-02-01,2024-03-24
U0174,2024-02-20,2024-02-01,2024-03-26
U0174,2024-02-20,2024-02-01,2024-03-27
U0174,2024-02-20,2024-02-01,2024-03-28
U0174,2024-02-20,2024-02-01,2024-03-30
U0174,2024-02-20,2024-02-01,2024-03-31
U0174,2024-02-20,2024-02-01,2024-04-02
U0174,2024-02-20,2024-02-01,2024-04-06
U0174,2024-02-20,2024-02-01,2024-04-07
U0174,2024-02-20,2024-02-01,2024-04-08
U0174,2024-02-20,2024-02-01,2024-04-09
U0174,2024-02-20,2024-02-01,2024-04-10
U0174,2024-02-20,2024-02-01,2024-04-11
U0174,2024-02-20,2024-02-01,2024-04-14
U0174,2024-02-20,2024-02-01,2024-04-15
U0174,2024-02-20,2024-02-01,2024-04-17
U0175,2024-06-20,2024-06-01,2024-06-20
U0175,2024-06-20,2024-06-01,2024-06-23
U0175,2024-06-20,2024-06-01,2024-06-26
U0175,2024-06-20,2024-06-01,2024-06-29
U0175,2024-06-20,2024-06-01,2024-07-02
U0175,2024-06-20,2024-06-01,2024-07-05
U0175,2024-06-20,2024-06-01,2024-07-08
U0175,2024-06-20,2024-06-01,2024-07-11
U0175,2024-06-20,2024-06-01,2024-07-17
U0175,2024-06-20,2024-06-01,2024-07-20
U0175,2024-06-20,2024-06-01,2024-07-23
U0175,2024-06-20,2024-06-01,2024-07-29
U0176,2024-05-31,2024-05-01,2024-05-31
U0176,2024-05-31,2024-05-01,2024-06-02
U0176,2024-05-31,2024-05-01,2024-06-04
U0176,2024-05-31,2024-05-01,2024-06-06
U0176,2024-05-31,2024-05-01,2024-06-08
U0176,2024-05-31,2024-05-01,2024-06-10
U0176,2024-05-31,2024-05-01,2024-06-12
U0176,2024-05-31,2024-05-01,2024-06-14
U0176,2024-05-31,2024-05-01,2024-06-16
U0176,2024-05-31,2024-05-01,2024-06-18
U0176,2024-05-31,2024-05-01,2024-06-22
U0176,2024-05-31,2024-05-01,2024-06-24
U0176,2024-05-31,2024-05-01,2024-06-30
U0176,2024-05-31,2024-05-01,2024-07-06
U0176,2024-05-31,2024-05-01,2024-07-08
U0176,2024-05-31,2024-05-01,2024-07-10
U0176,2024-05-31,2024-05-01,2024-07-16
U0176,2024-05-31,2024-05-01,2024-07-22
U0177,2024-02-28,2024-02-01,2024-02-28
U0177,2024-02-28,2024-02-01,2024-03-02
U0177,2024-02-28,2024-02-01,2024-03-05
U0177,2024-02-28,2024-02-01,2024-03-08
U0177,2024-02-28,2024-02-01,2024-03-11
U0177,2024-02-28,2024-02-01,2024-03-14
U0177,2024-02-28,2024-02-01,2024-03-17
U0177,2024-02-28,2024-02-01,2024-03-23
U0177,2024-02-28,2024-02-01,2024-03-26
U0177,2024-02-28,2024-02-01,2024-03-29
U0177,2024-02-28,2024-02-01,2024-04-01
U0177,2024-02-28,2024-02-01,2024-04-10
U0177,2024-02-28,2024-02-01,2024-04-13
U0177,2024-02-28,2024-02-01,2024-04-16
U0177,2024-02-28,2024-02-01,2024-04-19
U0178,2024-04-27,2024-04-01,2024-04-27
U0178,2024-04-27,2024-04-01,2024-04-28
U0178,2024-04-27,2024-04-01,2024-04-29
U0178,2024-04-27,2024-04-01,2024-04-30
U0178,2024-04-27,2024-04-01,2024-05-01
U0178,2024-04-27,2024-04-01,2024-05-02
U0178,2024-04-27,2024-04-01,2024-05-03
U0178,2024-04-27,2024-04-01,2024-05-04
U0178,2024-04-27,2024-04-01,2024-05-05
U0178,2024-04-27,2024-04-01,2024-05-06
U0178,2024-04-27,2024-04-01,2024-05-08
U0178,2024-04-27,2024-04-01,2024-05-09
U0178,2024-04-27,2024-04-01,2024-05-10
U0178,2024-04-27,2024-04-01,2024-05-11
U0178,2024-04-27,2024-04-01,2024-05-12
U0178,2024-04-27,2024-04-01,2024-05-13
U0178,2024-04-27,2024-04-01,2024-05-14
U0178,2024-04-27,2024-04-01,2024-05-16
U0178,2024-04-27,2024-04-01,2024-05-17
U0178,2024-04-27,2024-04-01,2024-05-18
U0178,2024-04-27,2024-04-01,2024-05-19
U0178,2024-04-27,2024-04-01,2024-05-20
U0178,2024-04-27,2024-04-01,2024-05-21
U0178,2024-04-27,2024-04-01,2024-05-24
U0178,2024-04-27,2024-04-01,2024-05-25
U0178,2024-04-27,2024-04-01,2024-05-28
U0178,2024-04-27,2024-04-01,2024-05-30
U0178,2024-04-27,2024-04-01,2024-06-01
U0178,2024-04-27,2024-04-01,2024-06-02
U0178,2024-04-27,2024-04-01,2024-06-04
U0178,2024-04-27,2024-04-01,2024-06-05
U0178,2024-04-27,2024-04-01,2024-06-06
U0178,2024-04-27,2024-04-01,2024-06-12
U0178,2024-04-27,2024-04-01,2024-06-13
U0178,2024-04-27,2024-04-01,2024-06-15
U0178,2024-04-27,2024-04-01,2024-06-16
U0178,2024-04-27,2024-04-01,2024-06-17
U0178,2024-04-27,2024-04-01,2024-06-18
U0178,2024-04-27,2024-04-01,2024-06-22
U0178,2024-04-27,2024-04-01,2024-06-23
U0178,2024-04-27,2024-04-01,2024-06-24
U0178,2024-04-27,2024-04-01,2024-07-03
U0178,2024-04-27,2024-04-01,2024-07-07
U0178,2024-04-27,2024-04-01,2024-07-10
U0179,2024-06-08,2024-06-01,2024-06-08
U0179,2024-06-08,2024-06-01,2024-06-12
U0179,2024-06-08,2024-06-01,2024-06-16
U0179,2024-06-08,2024-06-01,2024-06-20
U0179,2024-06-08,2024-06-01,2024-06-28
U0179,2024-06-08,2024-06-01,2024-07-02
U0179,2024-06-08,2024-06-01,2024-07-06
U0179,2024-06-08,2024-06-01,2024-07-10
U0179,2024-06-08,2024-06-01,2024-07-14
U0179,2024-06-08,2024-06-01,2024-07-22
U0180,2024-04-05,2024-04-01,2024-04-05
U0180,2024-04-05,2024-04-01,2024-04-09
U0180,2024-04-05,2024-04-01,2024-04-17
U0180,2024-04-05,2024-04-01,2024-04-21
U0180,2024-04-05,2024-04-01,2024-04-25
U0180,2024-04-05,2024-04-01,2024-04-29
U0180,2024-04-05,2024-04-01,2024-05-03
U0180,2024-04-05,2024-04-01,2024-05-11
U0181,2024-06-28,2024-06-01,2024-06-28
U0181,2024-06-28,2024-06-01,2024-06-29
U0181,2024-06-28,2024-06-01,2024-06-30
U0181,2024-06-28,2024-06-01,2024-07-01
U0181,2024-06-28,2024-06-01,2024-07-02
U0181,2024-06-28,2024-06-01,2024-07-03
U0181,2024-06-28,2024-06-01,2024-07-04
U0181,2024-06-28,2024-06-01,2024-07-05
U0181,2024-06-28,2024-06-01,2024-07-06
U0181,2024-06-28,2024-06-01,2024-07-07
U0181,2024-06-28,2024-06-01,2024-07-08
U0181,2024-06-28,2024-06-01,2024-07-10
U0181,2024-06-28,2024-06-01,2024-07-11
U0181,2024-06-28,2024-06-01,2024-07-13
U0181,2024-06-28,2024-06-01,2024-07-14
U0181,2024-06-28,2024-06-01,2024-07-15
U0181,2024-06-28,2024-06-01,2024-07-16
U0181,2024-06-28,2024-06-01,2024-07-17
U0181,2024-06-28,2024-06-01,2024-07-19
U0181,2024-06-28,2024-06-01,2024-07-20
U0181,2024-06-28,2024-06-01,2024-07-21
U0181,2024-06-28,2024-06-01,2024-07-22
U0181,2024-06-28,2024-06-01,2024-07-25
U0182,2024-04-22,2024-04-01,2024-04-22
U0182,2024-04-22,2024-04-01,2024-04-25
U0182,2024-04-22,2024-04-01,2024-04-28
U0182,2024-04-22,2024-04-01,2024-05-01
U0182,2024-04-22,2024-04-01,2024-05-04
U0182,2024-04-22,2024-04-01,2024-05-10
U0182,2024-04-22,2024-04-01,2024-05-16
U0182,2024-04-22,2024-04-01,2024-05-25
U0182,2024-04-22,2024-04-01,2024-05-31
U0182,2024-04-22,2024-04-01,2024-06-15
U0182,2024-04-22,2024-04-01,2024-06-18
U0182,2024-04-22,2024-04-01,2024-06-30
U0183,2024-03-02,2024-03-01,2024-03-02
U0183,2024-03-02,2024-03-01,2024-03-04
U0183,2024-03-02,2024-03-01,2024-03-06
U0183,2024-03-02,2024-03-01,2024-03-08
U0183,2024-03-02,2024-03-01,2024-03-10
U0183,2024-03-02,2024-03-01,2024-03-12
U0183,2024-03-02,2024-03-01,2024-03-16
U0183,2024-03-02,2024-03-01,2024-03-18
U0183,2024-03-02,2024-03-01,2024-03-20
U0183,2024-03-02,2024-03-01,2024-03-22
U0183,2024-03-02,2024-03-01,2024-03-24
U0183,2024-03-02,2024-03-01,2024-03-26
U0183,2024-03-02,2024-03-01,2024-03-30
U0183,2024-03-02,2024-03-01,2024-04-03
U0183,2024-03-02,2024-03-01,2024-04-09
U0183,2024-03-02,2024-03-01,2024-04-11
U0183,2024-03-02,2024-03-01,2024-04-13
U0183,2024-03-02,2024-03-01,2024-04-19
U0183,2024-03-02,2024-03-01,2024-04-23
U0184,2024-02-21,2024-02-01,2024-02-21
U0184,2024-02-21,2024-02-01,2024-02-23
U0184,2024-02-21,2024-02-01,2024-02-25
U0184,2024-02-21,2024-02-01,2024-02-27
U0184,2024-02-21,2024-02-01,2024-02-29
U0184,2024-02-21,2024-02-01,2024-03-02
U0184,2024-02-21,2024-02-01,2024-03-04
U0184,2024-02-21,2024-02-01,2024-03-06
U0184,2024-02-21,2024-02-01,2024-03-08
U0184,2024-02-21,2024-02-01,2024-03-10
U0184,2024-02-21,2024-02-01,2024-03-16
U0184,2024-02-21,2024-02-01,2024-03-18
U0184,2024-02-21,2024-02-01,2024-03-22
U0184,2024-02-21,2024-02-01,2024-03-24
U0184,2024-02-21,2024-02-01,2024-04-05
U0184,2024-02-21,2024-02-01,2024-04-07
U0184,2024-02-21,2024-02-01,2024-04-15
U0185,2024-01-12,2024-01-01,2024-01-12
U0185,2024-01-12,2024-01-01,2024-01-15
U0185,2024-01-12,2024-01-01,2024-01-18
U0185,2024-01-12,2024-01-01,2024-01-24
U0185,2024-01-12,2024-01-01,2024-01-27
U0185,2024-01-12,2024-01-01,2024-01-30
U0185,2024-01-12,2024-01-01,2024-02-02
U0185,2024-01-12,2024-01-01,2024-02-05
U0185,2024-01-12,2024-01-01,2024-02-08
U0185,2024-01-12,2024-01-01,2024-02-11
U0185,2024-01-12,2024-01-01,2024-02-14
U0185,2024-01-12,2024-01-01,2024-02-17
U0185,2024-01-12,2024-01-01,2024-02-20
U0185,2024-01-12,2024-01-01,2024-02-23
U0185,2024-01-12,2024-01-01,2024-02-26
U0185,2024-01-12,2024-01-01,2024-02-29
U0186,2024-02-08,2024-02-01,2024-02-08
U0186,2024-02-08,2024-02-01,2024-02-10
U0186,2024-02-08,2024-02-01,2024-02-12
U0186,2024-02-08,2024-02-01,2024-02-14
U0186,2024-02-08,2024-02-01,2024-02-16
U0186,2024-02-08,2024-02-01,2024-02-18
U0186,2024-02-08,2024-02-01,2024-02-20
U0186,2024-02-08,2024-02-01,2024-02-24
U0186,2024-02-08,2024-02-01,2024-02-26
U0187,2024-05-09,2024-05-01,2024-05-09
U0187,2024-05-09,2024-05-01,2024-05-11
U0187,2024-05-09,2024-05-01,2024-05-13
U0187,2024-05-09,2024-05-01,2024-05-15
U0187,2024-05-09,2024-05-01,2024-05-17
U0187,2024-05-09,2024-05-01,2024-05-19
U0187,2024-05-09,2024-05-01,2024-05-21
U0187,2024-05-09,2024-05-01,2024-05-23
U0187,2024-05-09,2024-05-01,2024-05-25
U0187,2024-05-09,2024-05-01,2024-05-29
U0187,2024-05-09,2024-05-01,2024-05-31
U0187,2024-05-09,2024-05-01,2024-06-02
U0187,2024-05-09,2024-05-01,2024-06-06
U0187,2024-05-09,2024-05-01,2024-06-08
U0188,2024-05-10,2024-05-01,2024-05-10
U0188,2024-05-10,2024-05-01,2024-05-11
U0188,2024-05-10,2024-05-01,2024-05-12
U0188,2024-05-10,2024-05-01,2024-05-13
U0188,2024-05-10,2024-05-01,2024-05-14
U0188,2024-05-10,2024-05-01,2024-05-15
U0188,2024-05-10,2024-05-01,2024-05-16
U0188,2024-05-10,2024-05-01,2024-05-17
U0188,2024-05-10,2024-05-01,2024-05-18
U0188,2024-05-10,2024-05-01,2024-05-19
U0188,2024-05-10,2024-05-01,2024-05-20
U0188,2024-05-10,2024-05-01,2024-05-22
U0188,2024-05-10,2024-05-01,2024-05-24
U0188,2024-05-10,2024-05-01,2024-05-25
U0188,2024-05-10,2024-05-01,2024-05-26
U0188,2024-05-10,2024-05-01,2024-05-27
U0188,2024-05-10,2024-05-01,2024-05-28
U0188,2024-05-10,2024-05-01,2024-05-29
U0188,2024-05-10,2024-05-01,2024-05-31
U0188,2024-05-10,2024-05-01,2024-06-01
U0188,2024-05-10,2024-05-01,2024-06-03
U0188,2024-05-10,2024-05-01,2024-06-09
U0188,2024-05-10,2024-05-01,2024-06-13
U0188,2024-05-10,2024-05-01,2024-06-17
U0188,2024-05-10,2024-05-01,2024-06-18
U0188,2024-05-10,2024-05-01,2024-06-19
U0188,2024-05-10,2024-05-01,2024-06-22
U0188,2024-05-10,2024-05-01,2024-06-23
U0188,2024-05-10,2024-05-01,2024-06-24
U0188,2024-05-10,2024-05-01,2024-06-28
U0188,2024-05-10,2024-05-01,2024-06-30
U0188,2024-05-10,2024-05-01,2024-07-02
U0188,2024-05-10,2024-05-01,2024-07-04
U0188,2024-05-10,2024-05-01,2024-07-08
U0188,2024-05-10,2024-05-01,2024-07-09
U0188,2024-05-10,2024-05-01,2024-07-10
U0188,2024-05-10,2024-05-01,2024-07-12
U0189,2024-04-22,2024-04-01,2024-04-22
U0189,2024-04-22,2024-04-01,2024-04-25
U0189,2024-04-22,2024-04-01,2024-04-28
U0189,2024-04-22,2024-04-01,2024-05-01
U0189,2024-04-22,2024-04-01,2024-05-04
U0189,2024-04-22,2024-04-01,2024-05-13
U0189,2024-04-22,2024-04-01,2024-05-16
U0189,2024-04-22,2024-04-01,2024-05-19
U0189,2024-04-22,2024-04-01,2024-05-22
U0189,2024-04-22,2024-04-01,2024-06-03
U0189,2024-04-22,2024-04-01,2024-06-09
U0189,2024-04-22,2024-04-01,2024-06-12
U0189,2024-04-22,2024-04-01,2024-06-18
U0190,2024-04-10,2024-04-01,2024-04-10
U0190,2024-04-10,2024-04-01,2024-04-14
U0190,2024-04-10,2024-04-01,2024-04-18
U0190,2024-04-10,2024-04-01,2024-04-22
U0190,2024-04-10,2024-04-01,2024-04-30
U0190,2024-04-10,2024-04-01,2024-05-04
U0190,2024-04-10,2024-04-01,2024-05-08
U0190,2024-04-10,2024-04-01,2024-05-16
U0190,2024-04-10,2024-04-01,2024-05-20
U0190,2024-04-10,2024-04-01,2024-05-28
U0190,2024-04-10,2024-04-01,2024-06-01
U0190,2024-04-10,2024-04-01,2024-06-25
U0190,2024-04-10,2024-04-01,2024-07-03
U0190,2024-04-10,2024-04-01,2024-07-07
U0191,2024-04-22,2024-04-01,2024-04-22
U0191,2024-04-22,2024-04-01,2024-04-23
U0191,2024-04-22,2024-04-01,2024-04-24
U0191,2024-04-22,2024-04-01,2024-04-25
U0191,2024-04-22,2024-04-01,2024-04-26
U0191,2024-04-22,2024-04-01,2024-04-27
U0191,2024-04-22,2024-04-01,2024-04-28
U0191,2024-04-22,2024-04-01,2024-04-29
U0191,2024-04-22,2024-04-01,2024-04-30
U0191,2024-04-22,2024-04-01,2024-05-01
U0191,2024-04-22,2024-04-01,2024-05-02
U0191,2024-04-22,2024-04-01,2024-05-03
U0191,2024-04-22,2024-04-01,2024-05-04
U0191,2024-04-22,2024-04-01,2024-05-06
U0191,2024-04-22,2024-04-01,2024-05-07
U0191,2024-04-22,2024-04-01,2024-05-08
U0191,2024-04-22,2024-04-01,2024-05-10
U0191,2024-04-22,2024-04-01,2024-05-11
U0191,2024-04-22,2024-04-01,2024-05-12
U0191,2024-04-22,2024-04-01,2024-05-14
U0191,2024-04-22,2024-04-01,2024-05-15
U0191,2024-04-22,2024-04-01,2024-05-16
U0191,2024-04-22,2024-04-01,2024-05-18
U0191,2024-04-22,2024-04-01,2024-05-19
U0191,2024-04-22,2024-04-01,2024-05-21
U0191,2024-04-22,2024-04-01,2024-05-23
U0191,2024-04-22,2024-04-01,2024-05-25
U0192,2024-03-21,2024-03-01,2024-03-21
U0192,2024-03-21,2024-03-01,2024-03-24
U0192,2024-03-21,2024-03-01,2024-03-27
U0192,2024-03-21,2024-03-01,2024-03-30
U0192,2024-03-21,2024-03-01,2024-04-02
U0192,2024-03-21,2024-03-01,2024-04-05
U0192,2024-03-21,2024-03-01,2024-04-11
U0192,2024-03-21,2024-03-01,2024-04-14
U0193,2024-04-22,2024-04-01,2024-04-22
U0193,2024-04-22,2024-04-01,2024-04-25
U0193,2024-04-22,2024-04-01,2024-04-28
U0193,2024-04-22,2024-04-01,2024-05-04
U0193,2024-04-22,2024-04-01,2024-05-10
U0193,2024-04-22,2024-04-01,2024-05-13
U0193,2024-04-22,2024-04-01,2024-05-16
U0193,2024-04-22,2024-04-01,2024-05-19
U0193,2024-04-22,2024-04-01,2024-05-25
U0193,2024-04-22,2024-04-01,2024-05-28
U0193,2024-04-22,2024-04-01,2024-05-31
U0193,2024-04-22,2024-04-01,2024-06-03
U0193,2024-04-22,2024-04-01,2024-06-09
U0194,2024-01-02,2024-01-01,2024-01-02
U0194,2024-01-02,2024-01-01,2024-01-06
U0194,2024-01-02,2024-01-01,2024-01-10
U0194,2024-01-02,2024-01-01,2024-01-18
U0194,2024-01-02,2024-01-01,2024-01-22
U0194,2024-01-02,2024-01-01,2024-01-26
U0194,2024-01-02,2024-01-01,2024-01-30
U0194,2024-01-02,2024-01-01,2024-02-03
U0194,2024-01-02,2024-01-01,2024-02-07
U0194,2024-01-02,2024-01-01,2024-02-11
U0194,2024-01-02,2024-01-01,2024-02-15
U0194,2024-01-02,2024-01-01,2024-02-19
U0194,2024-01-02,2024-01-01,2024-02-23
U0194,2024-01-02,2024-01-01,2024-02-27
U0194,2024-01-02,2024-01-01,2024-03-02
U0194,2024-01-02,2024-01-01,2024-03-14
U0195,2024-05-09,2024-05-01,2024-05-09
U0195,2024-05-09,2024-05-01,2024-05-10
U0195,2024-05-09,2024-05-01,2024-05-11
U0195,2024-05-09,2024-05-01,2024-05-12
U0195,2024-05-09,2024-05-01,2024-05-13
U0195,2024-05-09,2024-05-01,2024-05-14
U0195,2024-05-09,2024-05-01,2024-05-15
U0195,2024-05-09,2024-05-01,2024-05-16
U0195,2024-05-09,2024-05-01,2024-05-17
U0195,2024-05-09,2024-05-01,2024-05-18
U0195,2024-05-09,2024-05-01,2024-05-19
U0195,2024-05-09,2024-05-01,2024-05-20
U0195,2024-05-09,2024-05-01,2024-05-21
U0195,2024-05-09,2024-05-01,2024-05-22
U0195,2024-05-09,2024-05-01,2024-05-23
U0195,2024-05-09,2024-05-01,2024-05-24
U0195,2024-05-09,2024-05-01,2024-05-25
U0195,2024-05-09,2024-05-01,2024-05-26
U0195,2024-05-09,2024-05-01,2024-05-29
U0195,2024-05-09,2024-05-01,2024-05-30
U0195,2024-05-09,2024-05-01,2024-05-31
U0195,2024-05-09,2024-05-01,2024-06-02
U0195,2024-05-09,2024-05-01,2024-06-03
U0195,2024-05-09,2024-05-01,2024-06-04
U0195,2024-05-09,2024-05-01,2024-06-05
U0195,2024-05-09,2024-05-01,2024-06-06
U0195,2024-05-09,2024-05-01,2024-06-09
U0195,2024-05-09,2024-05-01,2024-06-10
U0195,2024-05-09,2024-05-01,2024-06-11
U0195,2024-05-09,2024-05-01,2024-06-16
U0195,2024-05-09,2024-05-01,2024-06-17
U0195,2024-05-09,2024-05-01,2024-06-20
U0195,2024-05-09,2024-05-01,2024-06-21
U0195,2024-05-09,2024-05-01,2024-06-23
U0195,2024-05-09,2024-05-01,2024-06-24
U0195,2024-05-09,2024-05-01,2024-06-26
U0195,2024-05-09,2024-05-01,2024-06-27
U0195,2024-05-09,2024-05-01,2024-07-01
U0195,2024-05-09,2024-05-01,2024-07-02
U0195,2024-05-09,2024-05-01,2024-07-05
U0196,2024-02-23,2024-02-01,2024-02-23
U0196,2024-02-23,2024-02-01,2024-02-26
U0196,2024-02-23,2024-02-01,2024-02-29
U0196,2024-02-23,2024-02-01,2024-03-03
U0196,2024-02-23,2024-02-01,2024-03-06
U0196,2024-02-23,2024-02-01,2024-03-09
U0196,2024-02-23,2024-02-01,2024-03-12
U0196,2024-02-23,2024-02-01,2024-03-18
U0196,2024-02-23,2024-02-01,2024-03-21
U0196,2024-02-23,2024-02-01,2024-03-24
U0196,2024-02-23,2024-02-01,2024-03-27
U0197,2024-03-27,2024-03-01,2024-03-27
U0197,2024-03-27,2024-03-01,2024-03-31
U0197,2024-03-27,2024-03-01,2024-04-04
U0197,2024-03-27,2024-03-01,2024-04-08
U0197,2024-03-27,2024-03-01,2024-04-12
U0197,2024-03-27,2024-03-01,2024-04-16
U0197,2024-03-27,2024-03-01,2024-04-24
U0197,2024-03-27,2024-03-01,2024-05-02
U0198,2024-05-08,2024-05-01,2024-05-08
U0198,2024-05-08,2024-05-01,2024-05-12
U0198,2024-05-08,2024-05-01,2024-05-14
U0198,2024-05-08,2024-05-01,2024-05-16
U0198,2024-05-08,2024-05-01,2024-05-18
U0198,2024-05-08,2024-05-01,2024-05-20
U0198,2024-05-08,2024-05-01,2024-05-24
U0198,2024-05-08,2024-05-01,2024-05-26
U0198,2024-05-08,2024-05-01,2024-05-28
U0198,2024-05-08,2024-05-01,2024-05-30
U0198,2024-05-08,2024-05-01,2024-06-01
U0198,2024-05-08,2024-05-01,2024-06-03
U0198,2024-05-08,2024-05-01,2024-06-05
U0198,2024-05-08,2024-05-01,2024-06-09
U0198,2024-05-08,2024-05-01,2024-06-11
U0198,2024-05-08,2024-05-01,2024-06-15
U0198,2024-05-08,2024-05-01,2024-06-17
U0198,2024-05-08,2024-05-01,2024-06-19
U0198,2024-05-08,2024-05-01,2024-06-27
U0198,2024-05-08,2024-05-01,2024-07-01
U0198,2024-05-08,2024-05-01,2024-07-03
U0198,2024-05-08,2024-05-01,2024-07-05
U0198,2024-05-08,2024-05-01,2024-07-13
U0198,2024-05-08,2024-05-01,2024-07-23
U0199,2024-05-26,2024-05-01,2024-05-26
U0199,2024-05-26,2024-05-01,2024-05-30
U0199,2024-05-26,2024-05-01,2024-06-03
U0199,2024-05-26,2024-05-01,2024-06-11
U0199,2024-05-26,2024-05-01,2024-06-15
U0199,2024-05-26,2024-05-01,2024-06-27
U0200,2024-05-05,2024-05-01,2024-05-05
U0200,2024-05-05,2024-05-01,2024-05-07
U0200,2024-05-05,2024-05-01,2024-05-09
U0200,2024-05-05,2024-05-01,2024-05-11
U0200,2024-05-05,2024-05-01,2024-05-13
U0200,2024-05-05,2024-05-01,2024-05-15
U0200,2024-05-05,2024-05-01,2024-05-17
U0200,2024-05-05,2024-05-01,2024-05-23
U0200,2024-05-05,2024-05-01,2024-05-25
U0200,2024-05-05,2024-05-01,2024-05-29
U0200,2024-05-05,2024-05-01,2024-05-31
U0201,2024-05-09,2024-05-01,2024-05-09
U0201,2024-05-09,2024-05-01,2024-05-10
U0201,2024-05-09,2024-05-01,2024-05-11
U0201,2024-05-09,2024-05-01,2024-05-12
U0201,2024-05-09,2024-05-01,2024-05-13
U0201,2024-05-09,2024-05-01,2024-05-14
U0201,2024-05-09,2024-05-01,2024-05-15
U0201,2024-05-09,2024-05-01,2024-05-16
U0201,2024-05-09,2024-05-01,2024-05-17
U0201,2024-05-09,2024-05-01,2024-05-19
U0201,2024-05-09,2024-05-01,2024-05-20
U0201,2024-05-09,2024-05-01,2024-05-21
U0201,2024-05-09,2024-05-01,2024-05-22
U0201,2024-05-09,2024-05-01,2024-05-23
U0201,2024-05-09,2024-05-01,2024-05-27
U0201,2024-05-09,2024-05-01,2024-05-28
U0201,2024-05-09,2024-05-01,2024-05-29
U0201,2024-05-09,2024-05-01,2024-05-31
U0201,2024-05-09,2024-05-01,2024-06-01
U0201,2024-05-09,2024-05-01,2024-06-03
U0201,2024-05-09,2024-05-01,2024-06-04
U0201,2024-05-09,2024-05-01,2024-06-07
U0201,2024-05-09,2024-05-01,2024-06-08
U0201,2024-05-09,2024-05-01,2024-06-10
U0201,2024-05-09,2024-05-01,2024-06-11
U0201,2024-05-09,2024-05-01,2024-06-12
U0201,2024-05-09,2024-05-01,2024-06-13
U0201,2024-05-09,2024-05-01,2024-06-14
U0201,2024-05-09,2024-05-01,2024-06-15
U0201,2024-05-09,2024-05-01,2024-06-16
U0201,2024-05-09,2024-05-01,2024-06-22
U0201,2024-05-09,2024-05-01,2024-06-23
U0201,2024-05-09,2024-05-01,2024-06-25
U0201,2024-05-09,2024-05-01,2024-06-26
U0201,2024-05-09,2024-05-01,2024-06-28
U0201,2024-05-09,2024-05-01,2024-06-29
U0201,2024-05-09,2024-05-01,2024-07-06
U0201,2024-05-09,2024-05-01,2024-07-07
U0201,2024-05-09,2024-05-01,2024-07-11
U0201,2024-05-09,2024-05-01,2024-07-12
U0201,2024-05-09,2024-05-01,2024-07-14
U0201,2024-05-09,2024-05-01,2024-07-16
U0201,2024-05-09,2024-05-01,2024-07-17
U0202,2024-02-22,2024-02-01,2024-02-22
U0202,2024-02-22,2024-02-01,2024-02-24
U0202,2024-02-22,2024-02-01,2024-02-26
U0202,2024-02-22,2024-02-01,2024-02-28
U0202,2024-02-22,2024-02-01,2024-03-01
U0202,2024-02-22,2024-02-01,2024-03-05
U0202,2024-02-22,2024-02-01,2024-03-09
U0202,2024-02-22,2024-02-01,2024-03-11
U0202,2024-02-22,2024-02-01,2024-03-13
U0202,2024-02-22,2024-02-01,2024-03-15
U0202,2024-02-22,2024-02-01,2024-03-17
U0202,2024-02-22,2024-02-01,2024-03-19
U0202,2024-02-22,2024-02-01,2024-03-23
U0202,2024-02-22,2024-02-01,2024-03-25
U0202,2024-02-22,2024-02-01,2024-03-27
U0202,2024-02-22,2024-02-01,2024-04-06
U0203,2024-06-20,2024-06-01,2024-06-20
U0203,2024-06-20,2024-06-01,2024-06-22
U0203,2024-06-20,2024-06-01,2024-06-24
U0203,2024-06-20,2024-06-01,2024-06-26
U0203,2024-06-20,2024-06-01,2024-06-28
U0203,2024-06-20,2024-06-01,2024-06-30
U0203,2024-06-20,2024-06-01,2024-07-02
U0203,2024-06-20,2024-06-01,2024-07-06
U0203,2024-06-20,2024-06-01,2024-07-08
U0203,2024-06-20,2024-06-01,2024-07-10
U0203,2024-06-20,2024-06-01,2024-07-12
U0203,2024-06-20,2024-06-01,2024-07-16
U0203,2024-06-20,2024-06-01,2024-07-18
U0203,2024-06-20,2024-06-01,2024-07-20
U0203,2024-06-20,2024-06-01,2024-07-22
U0203,2024-06-20,2024-06-01,2024-07-28
U0203,2024-06-20,2024-06-01,2024-08-09
U0203,2024-06-20,2024-06-01,2024-08-11
U0203,2024-06-20,2024-06-01,2024-08-13
U0203,2024-06-20,2024-06-01,2024-08-21
U0203,2024-06-20,2024-06-01,2024-08-25
U0203,2024-06-20,2024-06-01,2024-08-27
U0204,2024-06-08,2024-06-01,2024-06-08
U0204,2024-06-08,2024-06-01,2024-06-09
U0204,2024-06-08,2024-06-01,2024-06-10
U0204,2024-06-08,2024-06-01,2024-06-11
U0204,2024-06-08,2024-06-01,2024-06-12
U0204,2024-06-08,2024-06-01,2024-06-13
U0204,2024-06-08,2024-06-01,2024-06-14
U0204,2024-06-08,2024-06-01,2024-06-15
U0204,2024-06-08,2024-06-01,2024-06-16
U0204,2024-06-08,2024-06-01,2024-06-17
U0204,2024-06-08,2024-06-01,2024-06-18
U0204,2024-06-08,2024-06-01,2024-06-19
U0204,2024-06-08,2024-06-01,2024-06-20
U0204,2024-06-08,2024-06-01,2024-06-21
U0204,2024-06-08,2024-06-01,2024-06-22
U0204,2024-06-08,2024-06-01,2024-06-24
U0204,2024-06-08,2024-06-01,2024-06-25
U0204,2024-06-08,2024-06-01,2024-06-26
U0204,2024-06-08,2024-06-01,2024-06-27
U0204,2024-06-08,2024-06-01,2024-06-28
U0204,2024-06-08,2024-06-01,2024-06-29
U0204,2024-06-08,2024-06-01,2024-06-30
U0204,2024-06-08,2024-06-01,2024-07-01
U0204,2024-06-08,2024-06-01,2024-07-03
U0204,2024-06-08,2024-06-01,2024-07-05
U0204,2024-06-08,2024-06-01,2024-07-06
U0204,2024-06-08,2024-06-01,2024-07-07
U0204,2024-06-08,2024-06-01,2024-07-08
U0204,2024-06-08,2024-06-01,2024-07-14
U0204,2024-06-08,2024-06-01,2024-07-18
U0204,2024-06-08,2024-06-01,2024-07-20
U0204,2024-06-08,2024-06-01,2024-07-21
U0204,2024-06-08,2024-06-01,2024-07-22
U0204,2024-06-08,2024-06-01,2024-07-25
U0204,2024-06-08,2024-06-01,2024-07-26
U0204,2024-06-08,2024-06-01,2024-07-27
U0204,2024-06-08,2024-06-01,2024-07-29
U0204,2024-06-08,2024-06-01,2024-07-30
U0204,2024-06-08,2024-06-01,2024-07-31
U0204,2024-06-08,2024-06-01,2024-08-02
U0204,2024-06-08,2024-06-01,2024-08-04
U0205,2024-06-08,2024-06-01,2024-06-08
U0205,2024-06-08,2024-06-01,2024-06-11
U0205,2024-06-08,2024-06-01,2024-06-14
U0205,2024-06-08,2024-06-01,2024-06-23
U0205,2024-06-08,2024-06-01,2024-06-26
U0205,2024-06-08,2024-06-01,2024-07-05
U0205,2024-06-08,2024-06-01,2024-07-11
U0205,2024-06-08,2024-06-01,2024-07-14
U0205,2024-06-08,2024-06-01,2024-07-17
U0205,2024-06-08,2024-06-01,2024-07-20
U0206,2024-03-08,2024-03-01,2024-03-08
U0206,2024-03-08,2024-03-01,2024-03-12
U0206,2024-03-08,2024-03-01,2024-03-16
U0206,2024-03-08,2024-03-01,2024-03-20
U0206,2024-03-08,2024-03-01,2024-03-24
U0206,2024-03-08,2024-03-01,2024-03-28
U0206,2024-03-08,2024-03-01,2024-04-01
U0206,2024-03-08,2024-03-01,2024-04-09
U0206,2024-03-08,2024-03-01,2024-04-13
U0206,2024-03-08,2024-03-01,2024-04-17
U0207,2024-05-02,2024-05-01,2024-05-02
U0207,2024-05-02,2024-05-01,2024-05-03
U0207,2024-05-02,2024-05-01,2024-05-04
U0207,2024-05-02,2024-05-01,2024-05-05
U0207,2024-05-02,2024-05-01,2024-05-06
U0207,2024-05-02,2024-05-01,2024-05-07
U0207,2024-05-02,2024-05-01,2024-05-08
U0207,2024-05-02,2024-05-01,2024-05-09
U0207,2024-05-02,2024-05-01,2024-05-10
U0207,2024-05-02,2024-05-01,2024-05-11
U0207,2024-05-02,2024-05-01,2024-05-13
U0207,2024-05-02,2024-05-01,2024-05-14
U0207,2024-05-02,2024-05-01,2024-05-15
U0207,2024-05-02,2024-05-01,2024-05-16
U0207,2024-05-02,2024-05-01,2024-05-17
U0207,2024-05-02,2024-05-01,2024-05-18
U0207,2024-05-02,2024-05-01,2024-05-20
U0207,2024-05-02,2024-05-01,2024-05-21
U0207,2024-05-02,2024-05-01,2024-05-24
U0207,2024-05-02,2024-05-01,2024-05-26
U0207,2024-05-02,2024-05-01,2024-05-27
U0207,2024-05-02,2024-05-01,2024-05-28
U0207,2024-05-02,2024-05-01,2024-05-30
U0207,2024-05-02,2024-05-01,2024-06-01
U0207,2024-05-02,2024-05-01,2024-06-03
U0207,2024-05-02,2024-05-01,2024-06-05
U0207,2024-05-02,2024-05-01,2024-06-09
U0208,2024-05-24,2024-05-01,2024-05-24
U0208,2024-05-24,2024-05-01,2024-05-27
U0208,2024-05-24,2024-05-01,2024-05-30
U0208,2024-05-24,2024-05-01,2024-06-02
U0208,2024-05-24,2024-05-01,2024-06-08
U0208,2024-05-24,2024-05-01,2024-06-11
U0208,2024-05-24,2024-05-01,2024-06-14
U0208,2024-05-24,2024-05-01,2024-06-17
U0208,2024-05-24,2024-05-01,2024-06-20
U0208,2024-05-24,2024-05-01,2024-06-26
U0208,2024-05-24,2024-05-01,2024-06-29
U0208,2024-05-24,2024-05-01,2024-07-05
U0208,2024-05-24,2024-05-01,2024-07-08
U0208,2024-05-24,2024-05-01,2024-07-11
U0208,2024-05-24,2024-05-01,2024-07-17
U0208,2024-05-24,2024-05-01,2024-07-20
U0209,2024-02-07,2024-02-01,2024-02-07
U0209,2024-02-07,2024-02-01,2024-02-09
U0209,2024-02-07,2024-02-01,2024-02-11
U0209,2024-02-07,2024-02-01,2024-02-13
U0209,2024-02-07,2024-02-01,2024-02-15
U0209,2024-02-07,2024-02-01,2024-02-17
U0209,2024-02-07,2024-02-01,2024-02-19
U0209,2024-02-07,2024-02-01,2024-02-21
U0209,2024-02-07,2024-02-01,2024-02-27
U0209,2024-02-07,2024-02-01,2024-02-29
U0209,2024-02-07,2024-02-01,2024-03-02
U0209,2024-02-07,2024-02-01,2024-03-06
U0209,2024-02-07,2024-02-01,2024-03-08
U0209,2024-02-07,2024-02-01,2024-03-12
U0210,2024-01-24,2024-01-01,2024-01-24
U0210,2024-01-24,2024-01-01,2024-01-28
U0210,2024-01-24,2024-01-01,2024-02-01
U0210,2024-01-24,2024-01-01,2024-02-05
U0210,2024-01-24,2024-01-01,2024-02-09
U0210,2024-01-24,2024-01-01,2024-02-13
U0210,2024-01-24,2024-01-01,2024-02-17
U0210,2024-01-24,2024-01-01,2024-02-21
U0210,2024-01-24,2024-01-01,2024-02-25
U0211,2024-03-09,2024-03-01,2024-03-09
U0211,2024-03-09,2024-03-01,2024-03-13
U0211,2024-03-09,2024-03-01,2024-03-17
U0211,2024-03-09,2024-03-01,2024-03-21
U0211,2024-03-09,2024-03-01,2024-03-25
U0211,2024-03-09,2024-03-01,2024-03-29
U0211,2024-03-09,2024-03-01,2024-04-02
U0211,2024-03-09,2024-03-01,2024-04-06
U0211,2024-03-09,2024-03-01,2024-04-14
U0212,2024-04-25,2024-04-01,2024-04-25
U0212,2024-04-25,2024-04-01,2024-04-27
U0212,2024-04-25,2024-04-01,2024-04-29
U0212,2024-04-25,2024-04-01,2024-05-03
U0212,2024-04-25,2024-04-01,2024-05-05
U0212,2024-04-25,2024-04-01,2024-05-07
U0213,2024-04-07,2024-04-01,2024-04-07
U0213,2024-04-07,2024-04-01,2024-04-10
U0213,2024-04-07,2024-04-01,2024-04-13
U0213,2024-04-07,2024-04-01,2024-04-22
U0213,2024-04-07,2024-04-01,2024-04-25
U0213,2024-04-07,2024-04-01,2024-05-04
U0214,2024-05-18,2024-05-01,2024-05-18
U0214,2024-05-18,2024-05-01,2024-05-19
U0214,2024-05-18,2024-05-01,2024-05-20
U0214,2024-05-18,2024-05-01,2024-05-21
U0214,2024-05-18,2024-05-01,2024-05-22
U0214,2024-05-18,2024-05-01,2024-05-23
U0214,2024-05-18,2024-05-01,2024-05-24
U0214,2024-05-18,2024-05-01,2024-05-25
U0214,2024-05-18,2024-05-01,2024-05-26
U0214,2024-05-18,2024-05-01,2024-05-27
U0214,2024-05-18,2024-05-01,2024-05-28
U0214,2024-05-18,2024-05-01,2024-05-30
U0214,2024-05-18,2024-05-01,2024-05-31
U0214,2024-05-18,2024-05-01,2024-06-02
U0214,2024-05-18,2024-05-01,2024-06-05
U0214,2024-05-18,2024-05-01,2024-06-07
U0214,2024-05-18,2024-05-01,2024-06-08
U0214,2024-05-18,2024-05-01,2024-06-09
U0214,2024-05-18,2024-05-01,2024-06-10
U0214,2024-05-18,2024-05-01,2024-06-12
U0214,2024-05-18,2024-05-01,2024-06-13
U0214,2024-05-18,2024-05-01,2024-06-14
U0214,2024-05-18,2024-05-01,2024-06-16
U0214,2024-05-18,2024-05-01,2024-06-17
U0214,2024-05-18,2024-05-01,2024-06-19
U0214,2024-05-18,2024-05-01,2024-06-21
U0214,2024-05-18,2024-05-01,2024-06-24
U0214,2024-05-18,2024-05-01,2024-06-27
U0214,2024-05-18,2024-05-01,2024-06-29
U0214,2024-05-18,2024-05-01,2024-06-30
U0214,2024-05-18,2024-05-01,2024-07-01
U0214,2024-05-18,2024-05-01,2024-07-03
U0214,2024-05-18,2024-05-01,2024-07-06
U0214,2024-05-18,2024-05-01,2024-07-07
U0214,2024-05-18,2024-05-01,2024-07-09
U0215,2024-05-23,2024-05-01,2024-05-23
U0215,2024-05-23,2024-05-01,2024-05-27
U0215,2024-05-23,2024-05-01,2024-05-31
U0215,2024-05-23,2024-05-01,2024-06-04
U0215,2024-05-23,2024-05-01,2024-06-12
U0215,2024-05-23,2024-05-01,2024-06-16
U0215,2024-05-23,2024-05-01,2024-06-24
U0215,2024-05-23,2024-05-01,2024-06-28
U0216,2024-04-06,2024-04-01,2024-04-06
U0216,2024-04-06,2024-04-01,2024-04-08
U0216,2024-04-06,2024-04-01,2024-04-10
U0216,2024-04-06,2024-04-01,2024-04-12
U0216,2024-04-06,2024-04-01,2024-04-14
U0216,2024-04-06,2024-04-01,2024-04-16
U0216,2024-04-06,2024-04-01,2024-04-18
U0216,2024-04-06,2024-04-01,2024-04-20
U0216,2024-04-06,2024-04-01,2024-04-24
U0216,2024-04-06,2024-04-01,2024-04-26
U0216,2024-04-06,2024-04-01,2024-04-28
U0216,2024-04-06,2024-04-01,2024-04-30
U0216,2024-04-06,2024-04-01,2024-05-04
U0217,2024-05-03,2024-05-01,2024-05-03
U0217,2024-05-03,2024-05-01,2024-05-04
U0217,2024-05-03,2024-05-01,2024-05-05
U0217,2024-05-03,2024-05-01,2024-05-06
U0217,2024-05-03,2024-05-01,2024-05-07
U0217,2024-05-03,2024-05-01,2024-05-08
U0217,2024-05-03,2024-05-01,2024-05-09
U0217,2024-05-03,2024-05-01,2024-05-10
U0217,2024-05-03,2024-05-01,2024-05-11
U0217,2024-05-03,2024-05-01,2024-05-12
U0217,2024-05-03,2024-05-01,2024-05-13
U0217,2024-05-03,2024-05-01,2024-05-14
U0217,2024-05-03,2024-05-01,2024-05-15
U0217,2024-05-03,2024-05-01,2024-05-17
U0217,2024-05-03,2024-05-01,2024-05-18
U0217,2024-05-03,2024-05-01,2024-05-19
U0217,2024-05-03,2024-05-01,2024-05-20
U0217,2024-05-03,2024-05-01,2024-05-21
U0217,2024-05-03,2024-05-01,2024-05-22
U0217,2024-05-03,2024-05-01,2024-05-25
U0217,2024-05-03,2024-05-01,2024-05-26
U0217,2024-05-03,2024-05-01,2024-05-29
U0217,2024-05-03,2024-05-01,2024-05-30
U0217,2024-05-03,2024-05-01,2024-05-31
U0217,2024-05-03,2024-05-01,2024-06-01
U0217,2024-05-03,2024-05-01,2024-06-02
U0217,2024-05-03,2024-05-01,2024-06-03
U0217,2024-05-03,2024-05-01,2024-06-04
U0217,2024-05-03,2024-05-01,2024-06-05
U0217,2024-05-03,2024-05-01,2024-06-06
U0217,2024-05-03,2024-05-01,2024-06-09
U0217,2024-05-03,2024-05-01,2024-06-12
U0217,2024-05-03,2024-05-01,2024-06-13
U0218,2024-03-10,2024-03-01,2024-03-10
U0218,2024-03-10,2024-03-01,2024-03-13
U0218,2024-03-10,2024-03-01,2024-03-19
U0218,2024-03-10,2024-03-01,2024-03-25
U0218,2024-03-10,2024-03-01,2024-03-28
U0218,2024-03-10,2024-03-01,2024-04-03
U0218,2024-03-10,2024-03-01,2024-04-06
U0218,2024-03-10,2024-03-01,2024-04-09
U0218,2024-03-10,2024-03-01,2024-04-12
U0218,2024-03-10,2024-03-01,2024-04-18
U0218,2024-03-10,2024-03-01,2024-04-24
U0219,2024-04-02,2024-04-01,2024-04-02
U0219,2024-04-02,2024-04-01,2024-04-03
U0219,2024-04-02,2024-04-01,2024-04-04
U0219,2024-04-02,2024-04-01,2024-04-05
U0219,2024-04-02,2024-04-01,2024-04-06
U0219,2024-04-02,2024-04-01,2024-04-07
U0219,2024-04-02,2024-04-01,2024-04-08
U0219,2024-04-02,2024-04-01,2024-04-09
U0219,2024-04-02,2024-04-01,2024-04-10
U0219,2024-04-02,2024-04-01,2024-04-11
U0219,2024-04-02,2024-04-01,2024-04-12
U0219,2024-04-02,2024-04-01,2024-04-14
U0219,2024-04-02,2024-04-01,2024-04-15
U0219,2024-04-02,2024-04-01,2024-04-17
U0219,2024-04-02,2024-04-01,2024-04-19
U0219,2024-04-02,2024-04-01,2024-04-20
U0219,2024-04-02,2024-04-01,2024-04-21
U0219,2024-04-02,2024-04-01,2024-04-22
U0219,2024-04-02,2024-04-01,2024-04-24
U0219,2024-04-02,2024-04-01,2024-04-26
U0220,2024-01-03,2024-01-01,2024-01-03
U0220,2024-01-03,2024-01-01,2024-01-06
U0220,2024-01-03,2024-01-01,2024-01-09
U0220,2024-01-03,2024-01-01,2024-01-12
U0220,2024-01-03,2024-01-01,2024-01-15
U0220,2024-01-03,2024-01-01,2024-01-18
U0220,2024-01-03,2024-01-01,2024-02-02
U0220,2024-01-03,2024-01-01,2024-02-08
U0220,2024-01-03,2024-01-01,2024-02-11
U0221,2024-05-27,2024-05-01,2024-05-27
U0221,2024-05-27,2024-05-01,2024-05-30
U0221,2024-05-27,2024-05-01,2024-06-02
U0221,2024-05-27,2024-05-01,2024-06-05
U0221,2024-05-27,2024-05-01,2024-06-08
U0221,2024-05-27,2024-05-01,2024-06-11
U0221,2024-05-27,2024-05-01,2024-06-14
U0221,2024-05-27,2024-05-01,2024-06-17
U0221,2024-05-27,2024-05-01,2024-06-20
U0221,2024-05-27,2024-05-01,2024-06-23
U0221,2024-05-27,2024-05-01,2024-06-29
U0222,2024-06-12,2024-06-01,2024-06-12
U0222,2024-06-12,2024-06-01,2024-06-13
U0222,2024-06-12,2024-06-01,2024-06-14
U0222,2024-06-12,2024-06-01,2024-06-15
U0222,2024-06-12,2024-06-01,2024-06-16
U0222,2024-06-12,2024-06-01,2024-06-17
U0222,2024-06-12,2024-06-01,2024-06-19
U0222,2024-06-12,2024-06-01,2024-06-20
U0222,2024-06-12,2024-06-01,2024-06-21
U0222,2024-06-12,2024-06-01,2024-06-22
U0222,2024-06-12,2024-06-01,2024-06-23
U0222,2024-06-12,2024-06-01,2024-06-24
U0222,2024-06-12,2024-06-01,2024-06-25
U0222,2024-06-12,2024-06-01,2024-06-26
U0222,2024-06-12,2024-06-01,2024-06-27
U0222,2024-06-12,2024-06-01,2024-06-28
U0222,2024-06-12,2024-06-01,2024-06-29
U0222,2024-06-12,2024-06-01,2024-06-30
U0222,2024-06-12,2024-06-01,2024-07-01
U0222,2024-06-12,2024-06-01,2024-07-02
U0222,2024-06-12,2024-06-01,2024-07-04
U0222,2024-06-12,2024-06-01,2024-07-05
U0222,2024-06-12,2024-06-01,2024-07-06
U0222,2024-06-12,2024-06-01,2024-07-08
U0222,2024-06-12,2024-06-01,2024-07-09
U0222,2024-06-12,2024-06-01,2024-07-10
U0222,2024-06-12,2024-06-01,2024-07-12
U0222,2024-06-12,2024-06-01,2024-07-13
U0222,2024-06-12,2024-06-01,2024-07-14
U0222,2024-06-12,2024-06-01,2024-07-16
U0222,2024-06-12,2024-06-01,2024-07-17
U0222,2024-06-12,2024-06-01,2024-07-18
U0223,2024-05-26,2024-05-01,2024-05-26
U0223,2024-05-26,2024-05-01,2024-05-28
U0223,2024-05-26,2024-05-01,2024-05-30
U0223,2024-05-26,2024-05-01,2024-06-01
U0223,2024-05-26,2024-05-01,2024-06-03
U0223,2024-05-26,2024-05-01,2024-06-05
U0223,2024-05-26,2024-05-01,2024-06-07
U0223,2024-05-26,2024-05-01,2024-06-11
U0223,2024-05-26,2024-05-01,2024-06-15
U0223,2024-05-26,2024-05-01,2024-06-17
U0223,2024-05-26,2024-05-01,2024-06-21
U0223,2024-05-26,2024-05-01,2024-06-25
U0223,2024-05-26,2024-05-01,2024-06-27
U0223,2024-05-26,2024-05-01,2024-07-03
U0223,2024-05-26,2024-05-01,2024-07-15
U0223,2024-05-26,2024-05-01,2024-07-17
U0223,2024-05-26,2024-05-01,2024-07-21
U0223,2024-05-26,2024-05-01,2024-07-23
U0223,2024-05-26,2024-05-01,2024-07-25
U0223,2024-05-26,2024-05-01,2024-07-27
U0223,2024-05-26,2024-05-01,2024-08-04
U0224,2024-03-30,2024-03-01,2024-03-30
U0224,2024-03-30,2024-03-01,2024-04-07
U0224,2024-03-30,2024-03-01,2024-04-11
U0224,2024-03-30,2024-03-01,2024-04-15
U0224,2024-03-30,2024-03-01,2024-04-27
U0224,2024-03-30,2024-03-01,2024-05-01
U0224,2024-03-30,2024-03-01,2024-05-05
U0224,2024-03-30,2024-03-01,2024-05-09
U0224,2024-03-30,2024-03-01,2024-05-13
U0224,2024-03-30,2024-03-01,2024-05-17
U0224,2024-03-30,2024-03-01,2024-05-25
U0224,2024-03-30,2024-03-01,2024-05-29
U0225,2024-05-26,2024-05-01,2024-05-26
U0225,2024-05-26,2024-05-01,2024-05-28
U0225,2024-05-26,2024-05-01,2024-05-30
U0225,2024-05-26,2024-05-01,2024-06-01
U0225,2024-05-26,2024-05-01,2024-06-03
U0225,2024-05-26,2024-05-01,2024-06-05
U0225,2024-05-26,2024-05-01,2024-06-07
U0225,2024-05-26,2024-05-01,2024-06-09
U0225,2024-05-26,2024-05-01,2024-06-11
U0225,2024-05-26,2024-05-01,2024-06-13
U0225,2024-05-26,2024-05-01,2024-06-17
U0225,2024-05-26,2024-05-01,2024-06-23
U0225,2024-05-26,2024-05-01,2024-06-25
U0225,2024-05-26,2024-05-01,2024-06-27
U0226,2024-05-27,2024-05-01,2024-05-27
U0226,2024-05-27,2024-05-01,2024-05-28
U0226,2024-05-27,2024-05-01,2024-05-29
U0226,2024-05-27,2024-05-01,2024-05-30
U0226,2024-05-27,2024-05-01,2024-05-31
U0226,2024-05-27,2024-05-01,2024-06-01
U0226,2024-05-27,2024-05-01,2024-06-02
U0226,2024-05-27,2024-05-01,2024-06-03
U0226,2024-05-27,2024-05-01,2024-06-04
U0226,2024-05-27,2024-05-01,2024-06-05
U0226,2024-05-27,2024-05-01,2024-06-06
U0226,2024-05-27,2024-05-01,2024-06-07
U0226,2024-05-27,2024-05-01,2024-06-08
U0226,2024-05-27,2024-05-01,2024-06-09
U0226,2024-05-27,2024-05-01,2024-06-11
U0226,2024-05-27,2024-05-01,2024-06-14
U0226,2024-05-27,2024-05-01,2024-06-15
U0226,2024-05-27,2024-05-01,2024-06-17
U0226,2024-05-27,2024-05-01,2024-06-18
U0226,2024-05-27,2024-05-01,2024-06-19
U0226,2024-05-27,2024-05-01,2024-06-20
U0227,2024-04-05,2024-04-01,2024-04-05
U0227,2024-04-05,2024-04-01,2024-04-08
U0227,2024-04-05,2024-04-01,2024-04-11
U0227,2024-04-05,2024-04-01,2024-04-14
U0227,2024-04-05,2024-04-01,2024-04-17
U0227,2024-04-05,2024-04-01,2024-04-20
U0227,2024-04-05,2024-04-01,2024-04-23
U0227,2024-04-05,2024-04-01,2024-04-26
U0227,2024-04-05,2024-04-01,2024-05-02
U0227,2024-04-05,2024-04-01,2024-05-05
U0228,2024-02-21,2024-02-01,2024-02-21
U0228,2024-02-21,2024-02-01,2024-02-25
U0228,2024-02-21,2024-02-01,2024-02-29
U0228,2024-02-21,2024-02-01,2024-03-04
U0228,2024-02-21,2024-02-01,2024-03-08
U0228,2024-02-21,2024-02-01,2024-03-12
U0228,2024-02-21,2024-02-01,2024-03-20
U0228,2024-02-21,2024-02-01,2024-04-01
U0228,2024-02-21,2024-02-01,2024-04-05
U0228,2024-02-21,2024-02-01,2024-04-13
U0228,2024-02-21,2024-02-01,2024-04-25
U0229,2024-06-09,2024-06-01,2024-06-09
U0229,2024-06-09,2024-06-01,2024-06-12
U0229,2024-06-09,2024-06-01,2024-06-15
U0229,2024-06-09,2024-06-01,2024-06-18
U0229,2024-06-09,2024-06-01,2024-06-24
U0229,2024-06-09,2024-06-01,2024-06-27
U0229,2024-06-09,2024-06-01,2024-06-30
U0229,2024-06-09,2024-06-01,2024-07-03
U0229,2024-06-09,2024-06-01,2024-07-06
U0229,2024-06-09,2024-06-01,2024-07-09
U0229,2024-06-09,2024-06-01,2024-07-12
U0229,2024-06-09,2024-06-01,2024-07-15
U0229,2024-06-09,2024-06-01,2024-07-18
U0229,2024-06-09,2024-06-01,2024-07-27
U0229,2024-06-09,2024-06-01,2024-08-02
U0229,2024-06-09,2024-06-01,2024-08-08
U0229,2024-06-09,2024-06-01,2024-08-11
U0230,2024-06-16,2024-06-01,2024-06-16
U0230,2024-06-16,2024-06-01,2024-06-18
U0230,2024-06-16,2024-06-01,2024-06-20
U0230,2024-06-16,2024-06-01,2024-06-22
U0230,2024-06-16,2024-06-01,2024-06-24
U0230,2024-06-16,2024-06-01,2024-06-26
U0230,2024-06-16,2024-06-01,2024-06-30
U0230,2024-06-16,2024-06-01,2024-07-02
U0230,2024-06-16,2024-06-01,2024-07-04
U0231,2024-05-07,2024-05-01,2024-05-07
U0231,2024-05-07,2024-05-01,2024-05-11
U0231,2024-05-07,2024-05-01,2024-05-15
U0231,2024-05-07,2024-05-01,2024-05-19
U0231,2024-05-07,2024-05-01,2024-05-23
U0231,2024-05-07,2024-05-01,2024-05-27
U0231,2024-05-07,2024-05-01,2024-05-31
U0231,2024-05-07,2024-05-01,2024-06-04
U0231,2024-05-07,2024-05-01,2024-06-12
U0231,2024-05-07,2024-05-01,2024-06-24
U0231,2024-05-07,2024-05-01,2024-06-28
U0231,2024-05-07,2024-05-01,2024-07-02
U0232,2024-02-08,2024-02-01,2024-02-08
U0232,2024-02-08,2024-02-01,2024-02-09
U0232,2024-02-08,2024-02-01,2024-02-10
U0232,2024-02-08,2024-02-01,2024-02-11
U0232,2024-02-08,2024-02-01,2024-02-12
U0232,2024-02-08,2024-02-01,2024-02-13
U0232,2024-02-08,2024-02-01,2024-02-15
U0232,2024-02-08,2024-02-01,2024-02-16
U0232,2024-02-08,2024-02-01,2024-02-18
U0233,2024-03-22,2024-03-01,2024-03-22
U0233,2024-03-22,2024-03-01,2024-03-24
U0233,2024-03-22,2024-03-01,2024-03-26
U0233,2024-03-22,2024-03-01,2024-03-28
U0233,2024-03-22,2024-03-01,2024-03-30
U0233,2024-03-22,2024-03-01,2024-04-01
U0233,2024-03-22,2024-03-01,2024-04-03
U0233,2024-03-22,2024-03-01,2024-04-05
U0233,2024-03-22,2024-03-01,2024-04-07
U0233,2024-03-22,2024-03-01,2024-04-11
U0233,2024-03-22,2024-03-01,2024-04-13
U0233,2024-03-22,2024-03-01,2024-04-15
U0233,2024-03-22,2024-03-01,2024-04-17
U0233,2024-03-22,2024-03-01,2024-04-19
U0234,2024-04-13,2024-04-01,2024-04-13
U0234,2024-04-13,2024-04-01,2024-04-16
U0234,2024-04-13,2024-04-01,2024-04-22
U0234,2024-04-13,2024-04-01,2024-04-25
U0234,2024-04-13,2024-04-01,2024-04-28
U0234,2024-04-13,2024-04-01,2024-05-04
U0234,2024-04-13,2024-04-01,2024-05-07
U0234,2024-04-13,2024-04-01,2024-05-13
U0234,2024-04-13,2024-04-01,2024-05-16
U0235,2024-05-08,2024-05-01,2024-05-08
U0235,2024-05-08,2024-05-01,2024-05-09
U0235,2024-05-08,2024-05-01,2024-05-10
U0235,2024-05-08,2024-05-01,2024-05-12
U0235,2024-05-08,2024-05-01,2024-05-13
U0235,2024-05-08,2024-05-01,2024-05-14
U0235,2024-05-08,2024-05-01,2024-05-15
U0235,2024-05-08,2024-05-01,2024-05-16
U0235,2024-05-08,2024-05-01,2024-05-18
U0235,2024-05-08,2024-05-01,2024-05-19
U0235,2024-05-08,2024-05-01,2024-05-21
U0235,2024-05-08,2024-05-01,2024-05-22
U0235,2024-05-08,2024-05-01,2024-05-23
U0235,2024-05-08,2024-05-01,2024-05-24
U0235,2024-05-08,2024-05-01,2024-05-25
U0236,2024-01-11,2024-01-01,2024-01-11
U0236,2024-01-11,2024-01-01,2024-01-12
U0236,2024-01-11,2024-01-01,2024-01-13
U0236,2024-01-11,2024-01-01,2024-01-14
U0236,2024-01-11,2024-01-01,2024-01-15
U0236,2024-01-11,2024-01-01,2024-01-16
U0236,2024-01-11,2024-01-01,2024-01-17
U0236,2024-01-11,2024-01-01,2024-01-18
U0236,2024-01-11,2024-01-01,2024-01-19
U0236,2024-01-11,2024-01-01,2024-01-20
U0236,2024-01-11,2024-01-01,2024-01-21
U0236,2024-01-11,2024-01-01,2024-01-22
U0236,2024-01-11,2024-01-01,2024-01-23
U0236,2024-01-11,2024-01-01,2024-01-24
U0236,2024-01-11,2024-01-01,2024-01-25
U0236,2024-01-11,2024-01-01,2024-01-26
U0236,2024-01-11,2024-01-01,2024-01-27
U0236,2024-01-11,2024-01-01,2024-01-28
U0236,2024-01-11,2024-01-01,2024-01-29
U0236,2024-01-11,2024-01-01,2024-01-30
U0236,2024-01-11,2024-01-01,2024-02-03
U0236,2024-01-11,2024-01-01,2024-02-04
U0236,2024-01-11,2024-01-01,2024-02-05
U0236,2024-01-11,2024-01-01,2024-02-06
U0236,2024-01-11,2024-01-01,2024-02-07
U0236,2024-01-11,2024-01-01,2024-02-09
U0236,2024-01-11,2024-01-01,2024-02-10
U0236,2024-01-11,2024-01-01,2024-02-12
U0236,2024-01-11,2024-01-01,2024-02-13
U0236,2024-01-11,2024-01-01,2024-02-14
U0236,2024-01-11,2024-01-01,2024-02-17
U0236,2024-01-11,2024-01-01,2024-02-24
U0236,2024-01-11,2024-01-01,2024-02-25
U0236,2024-01-11,2024-01-01,2024-02-26
U0236,2024-01-11,2024-01-01,2024-03-01
U0236,2024-01-11,2024-01-01,2024-03-10
U0236,2024-01-11,2024-01-01,2024-03-11
U0236,2024-01-11,2024-01-01,2024-03-13
U0236,2024-01-11,2024-01-01,2024-03-15
U0236,2024-01-11,2024-01-01,2024-03-18
U0237,2024-06-26,2024-06-01,2024-06-26
U0237,2024-06-26,2024-06-01,2024-06-29
U0237,2024-06-26,2024-06-01,2024-07-02
U0237,2024-06-26,2024-06-01,2024-07-05
U0237,2024-06-26,2024-06-01,2024-07-08
U0237,2024-06-26,2024-06-01,2024-07-11
U0237,2024-06-26,2024-06-01,2024-07-14
U0237,2024-06-26,2024-06-01,2024-07-17
U0237,2024-06-26,2024-06-01,2024-07-23
U0237,2024-06-26,2024-06-01,2024-07-26
U0237,2024-06-26,2024-06-01,2024-07-29
U0237,2024-06-26,2024-06-01,2024-08-04
U0237,2024-06-26,2024-06-01,2024-08-07
U0238,2024-05-30,2024-05-01,2024-05-30
U0238,2024-05-30,2024-05-01,2024-05-31
U0238,2024-05-30,2024-05-01,2024-06-01
U0238,2024-05-30,2024-05-01,2024-06-03
U0238,2024-05-30,2024-05-01,2024-06-04
U0238,2024-05-30,2024-05-01,2024-06-05
U0238,2024-05-30,2024-05-01,2024-06-06
U0238,2024-05-30,2024-05-01,2024-06-07
U0238,2024-05-30,2024-05-01,2024-06-08
U0238,2024-05-30,2024-05-01,2024-06-09
U0238,2024-05-30,2024-05-01,2024-06-10
U0238,2024-05-30,2024-05-01,2024-06-11
U0238,2024-05-30,2024-05-01,2024-06-12
U0238,2024-05-30,2024-05-01,2024-06-13
U0238,2024-05-30,2024-05-01,2024-06-14
U0238,2024-05-30,2024-05-01,2024-06-15
U0238,2024-05-30,2024-05-01,2024-06-16
U0238,2024-05-30,2024-05-01,2024-06-17
U0238,2024-05-30,2024-05-01,2024-06-18
U0238,2024-05-30,2024-05-01,2024-06-19
U0238,2024-05-30,2024-05-01,2024-06-20
U0238,2024-05-30,2024-05-01,2024-06-21
U0238,2024-05-30,2024-05-01,2024-06-22
U0238,2024-05-30,2024-05-01,2024-06-24
U0238,2024-05-30,2024-05-01,2024-06-25
U0238,2024-05-30,2024-05-01,2024-06-26
U0238,2024-05-30,2024-05-01,2024-06-27
U0238,2024-05-30,2024-05-01,2024-06-29
U0238,2024-05-30,2024-05-01,2024-07-01
U0238,2024-05-30,2024-05-01,2024-07-03
U0238,2024-05-30,2024-05-01,2024-07-05
U0238,2024-05-30,2024-05-01,2024-07-06
U0238,2024-05-30,2024-05-01,2024-07-09
U0238,2024-05-30,2024-05-01,2024-07-10
U0238,2024-05-30,2024-05-01,2024-07-11
U0238,2024-05-30,2024-05-01,2024-07-20
U0238,2024-05-30,2024-05-01,2024-07-21
U0238,2024-05-30,2024-05-01,2024-07-23
U0238,2024-05-30,2024-05-01,2024-07-25
U0238,2024-05-30,2024-05-01,2024-07-26
U0239,2024-06-07,2024-06-01,2024-06-07
U0239,2024-06-07,2024-06-01,2024-06-11
U0239,2024-06-07,2024-06-01,2024-06-15
U0239,2024-06-07,2024-06-01,2024-06-19
U0239,2024-06-07,2024-06-01,2024-06-27
U0239,2024-06-07,2024-06-01,2024-07-01
U0239,2024-06-07,2024-06-01,2024-07-05
U0239,2024-06-07,2024-06-01,2024-07-13
U0239,2024-06-07,2024-06-01,2024-07-17
U0239,2024-06-07,2024-06-01,2024-08-02
U0239,2024-06-07,2024-06-01,2024-08-06
U0239,2024-06-07,2024-06-01,2024-08-14
U0240,2024-02-11,2024-02-01,2024-02-11
U0240,2024-02-11,2024-02-01,2024-02-13
U0240,2024-02-11,2024-02-01,2024-02-15
U0240,2024-02-11,2024-02-01,2024-02-17
U0240,2024-02-11,2024-02-01,2024-02-19
U0240,2024-02-11,2024-02-01,2024-02-21
U0240,2024-02-11,2024-02-01,2024-02-23
U0240,2024-02-11,2024-02-01,2024-02-27
U0240,2024-02-11,2024-02-01,2024-02-29
U0240,2024-02-11,2024-02-01,2024-03-06
U0240,2024-02-11,2024-02-01,2024-03-10
U0240,2024-02-11,2024-02-01,2024-03-12
U0240,2024-02-11,2024-02-01,2024-03-18
U0240,2024-02-11,2024-02-01,2024-03-20
U0240,2024-02-11,2024-02-01,2024-03-22
U0240,2024-02-11,2024-02-01,2024-03-26
U0240,2024-02-11,2024-02-01,2024-04-13
U0240,2024-02-11,2024-02-01,2024-04-15
U0240,2024-02-11,2024-02-01,2024-04-23
U0240,2024-02-11,2024-02-01,2024-04-25
U0241,2024-04-08,2024-04-01,2024-04-08
U0241,2024-04-08,2024-04-01,2024-04-09
U0241,2024-04-08,2024-04-01,2024-04-10
U0241,2024-04-08,2024-04-01,2024-04-11
U0241,2024-04-08,2024-04-01,2024-04-12
U0241,2024-04-08,2024-04-01,2024-04-13
U0241,2024-04-08,2024-04-01,2024-04-14
U0241,2024-04-08,2024-04-01,2024-04-15
U0241,2024-04-08,2024-04-01,2024-04-17
U0241,2024-04-08,2024-04-01,2024-04-18
U0241,2024-04-08,2024-04-01,2024-04-19
U0241,2024-04-08,2024-04-01,2024-04-21
U0241,2024-04-08,2024-04-01,2024-04-22
U0241,2024-04-08,2024-04-01,2024-04-23
U0241,2024-04-08,2024-04-01,2024-04-24
U0241,2024-04-08,2024-04-01,2024-04-26
U0241,2024-04-08,2024-04-01,2024-04-27
U0241,2024-04-08,2024-04-01,2024-04-28
U0241,2024-04-08,2024-04-01,2024-04-30
U0241,2024-04-08,2024-04-01,2024-05-01
U0241,2024-04-08,2024-04-01,2024-05-02
U0241,2024-04-08,2024-04-01,2024-05-03
U0241,2024-04-08,2024-04-01,2024-05-05
U0241,2024-04-08,2024-04-01,2024-05-06
U0241,2024-04-08,2024-04-01,2024-05-08
U0241,2024-04-08,2024-04-01,2024-05-10
U0241,2024-04-08,2024-04-01,2024-05-11
U0241,2024-04-08,2024-04-01,2024-05-12
U0241,2024-04-08,2024-04-01,2024-05-15
U0241,2024-04-08,2024-04-01,2024-05-16
U0241,2024-04-08,2024-04-01,2024-05-18
U0241,2024-04-08,2024-04-01,2024-05-20
U0241,2024-04-08,2024-04-01,2024-05-22
U0241,2024-04-08,2024-04-01,2024-05-25
U0241,2024-04-08,2024-04-01,2024-05-26
U0241,2024-04-08,2024-04-01,2024-05-29
U0241,2024-04-08,2024-04-01,2024-05-30
U0241,2024-04-08,2024-04-01,2024-06-01
U0241,2024-04-08,2024-04-01,2024-06-07
U0241,2024-04-08,2024-04-01,2024-06-09
U0241,2024-04-08,2024-04-01,2024-06-12
U0241,2024-04-08,2024-04-01,2024-06-14
U0242,2024-01-07,2024-01-01,2024-01-07
U0242,2024-01-07,2024-01-01,2024-01-10
U0242,2024-01-07,2024-01-01,2024-01-16
U0242,2024-01-07,2024-01-01,2024-01-19
U0242,2024-01-07,2024-01-01,2024-01-22
U0242,2024-01-07,2024-01-01,2024-01-28
U0242,2024-01-07,2024-01-01,2024-02-09
U0243,2024-05-23,2024-05-01,2024-05-23
U0243,2024-05-23,2024-05-01,2024-05-27
U0243,2024-05-23,2024-05-01,2024-05-31
U0243,2024-05-23,2024-05-01,2024-06-04
U0243,2024-05-23,2024-05-01,2024-06-08
U0243,2024-05-23,2024-05-01,2024-06-12
U0243,2024-05-23,2024-05-01,2024-06-16
U0243,2024-05-23,2024-05-01,2024-06-20
U0243,2024-05-23,2024-05-01,2024-06-24
U0243,2024-05-23,2024-05-01,2024-07-02
U0243,2024-05-23,2024-05-01,2024-07-10
U0244,2024-03-30,2024-03-01,2024-03-30
U0244,2024-03-30,2024-03-01,2024-04-03
U0244,2024-03-30,2024-03-01,2024-04-07
U0244,2024-03-30,2024-03-01,2024-04-11
U0244,2024-03-30,2024-03-01,2024-04-15
U0244,2024-03-30,2024-03-01,2024-04-19
U0244,2024-03-30,2024-03-01,2024-04-23
U0244,2024-03-30,2024-03-01,2024-04-27
U0244,2024-03-30,2024-03-01,2024-05-05
U0244,2024-03-30,2024-03-01,2024-05-13
U0244,2024-03-30,2024-03-01,2024-05-17
U0244,2024-03-30,2024-03-01,2024-05-21
U0244,2024-03-30,2024-03-01,2024-05-25
U0244,2024-03-30,2024-03-01,2024-06-06
U0245,2024-04-21,2024-04-01,2024-04-21
U0245,2024-04-21,2024-04-01,2024-04-23
U0245,2024-04-21,2024-04-01,2024-04-24
U0245,2024-04-21,2024-04-01,2024-04-25
U0245,2024-04-21,2024-04-01,2024-04-26
U0245,2024-04-21,2024-04-01,2024-04-27
U0245,2024-04-21,2024-04-01,2024-04-29
U0245,2024-04-21,2024-04-01,2024-04-30
U0245,2024-04-21,2024-04-01,2024-05-01
U0245,2024-04-21,2024-04-01,2024-05-02
U0245,2024-04-21,2024-04-01,2024-05-03
U0245,2024-04-21,2024-04-01,2024-05-04
U0245,2024-04-21,2024-04-01,2024-05-05
U0245,2024-04-21,2024-04-01,2024-05-06
U0245,2024-04-21,2024-04-01,2024-05-07
U0245,2024-04-21,2024-04-01,2024-05-08
U0245,2024-04-21,2024-04-01,2024-05-09
U0245,2024-04-21,2024-04-01,2024-05-11
U0245,2024-04-21,2024-04-01,2024-05-13
U0245,2024-04-21,2024-04-01,2024-05-14
U0245,2024-04-21,2024-04-01,2024-05-16
U0245,2024-04-21,2024-04-01,2024-05-17
U0245,2024-04-21,2024-04-01,2024-05-18
U0245,2024-04-21,2024-04-01,2024-05-21
U0245,2024-04-21,2024-04-01,2024-05-22
U0245,2024-04-21,2024-04-01,2024-05-24
U0245,2024-04-21,2024-04-01,2024-05-26
U0245,2024-04-21,2024-04-01,2024-05-31
U0245,2024-04-21,2024-04-01,2024-06-02
U0245,2024-04-21,2024-04-01,2024-06-07
U0245,2024-04-21,2024-04-01,2024-06-08
U0245,2024-04-21,2024-04-01,2024-06-10
U0245,2024-04-21,2024-04-01,2024-06-11
U0245,2024-04-21,2024-04-01,2024-06-15
U0245,2024-04-21,2024-04-01,2024-06-17
U0245,2024-04-21,2024-04-01,2024-06-19
U0245,2024-04-21,2024-04-01,2024-06-25
U0245,2024-04-21,2024-04-01,2024-06-27
U0245,2024-04-21,2024-04-01,2024-07-03
U0245,2024-04-21,2024-04-01,2024-07-10
U0246,2024-02-29,2024-02-01,2024-02-29
U0246,2024-02-29,2024-02-01,2024-03-01
U0246,2024-02-29,2024-02-01,2024-03-02
U0246,2024-02-29,2024-02-01,2024-03-03
U0246,2024-02-29,2024-02-01,2024-03-04
U0246,2024-02-29,2024-02-01,2024-03-05
U0246,2024-02-29,2024-02-01,2024-03-06
U0246,2024-02-29,2024-02-01,2024-03-07
U0246,2024-02-29,2024-02-01,2024-03-08
U0246,2024-02-29,2024-02-01,2024-03-09
U0246,2024-02-29,2024-02-01,2024-03-10
U0247,2024-04-22,2024-04-01,2024-04-22
U0247,2024-04-22,2024-04-01,2024-04-24
U0247,2024-04-22,2024-04-01,2024-04-26
U0247,2024-04-22,2024-04-01,2024-04-28
U0247,2024-04-22,2024-04-01,2024-05-02
U0247,2024-04-22,2024-04-01,2024-05-04
U0247,2024-04-22,2024-04-01,2024-05-06
U0247,2024-04-22,2024-04-01,2024-05-08
U0247,2024-04-22,2024-04-01,2024-05-10
U0247,2024-04-22,2024-04-01,2024-05-18
U0247,2024-04-22,2024-04-01,2024-05-24
U0247,2024-04-22,2024-04-01,2024-05-26
U0247,2024-04-22,2024-04-01,2024-05-28
U0247,2024-04-22,2024-04-01,2024-05-30
U0247,2024-04-22,2024-04-01,2024-06-05
U0248,2024-01-02,2024-01-01,2024-01-02
U0248,2024-01-02,2024-01-01,2024-01-03
U0248,2024-01-02,2024-01-01,2024-01-04
U0248,2024-01-02,2024-01-01,2024-01-05
U0248,2024-01-02,2024-01-01,2024-01-06
U0248,2024-01-02,2024-01-01,2024-01-07
U0248,2024-01-02,2024-01-01,2024-01-08
U0248,2024-01-02,2024-01-01,2024-01-09
U0248,2024-01-02,2024-01-01,2024-01-10
U0248,2024-01-02,2024-01-01,2024-01-11
U0248,2024-01-02,2024-01-01,2024-01-12
U0248,2024-01-02,2024-01-01,2024-01-14
U0248,2024-01-02,2024-01-01,2024-01-15
U0248,2024-01-02,2024-01-01,2024-01-18
U0248,2024-01-02,2024-01-01,2024-01-19
U0248,2024-01-02,2024-01-01,2024-01-20
U0248,2024-01-02,2024-01-01,2024-01-21
U0248,2024-01-02,2024-01-01,2024-01-22
U0248,2024-01-02,2024-01-01,2024-01-24
U0248,2024-01-02,2024-01-01,2024-01-28
U0248,2024-01-02,2024-01-01,2024-01-30
U0248,2024-01-02,2024-01-01,2024-01-31
U0248,2024-01-02,2024-01-01,2024-02-01
U0248,2024-01-02,2024-01-01,2024-02-02
U0249,2024-05-08,2024-05-01,2024-05-08
U0249,2024-05-08,2024-05-01,2024-05-09
U0249,2024-05-08,2024-05-01,2024-05-10
U0249,2024-05-08,2024-05-01,2024-05-11
U0249,2024-05-08,2024-05-01,2024-05-12
U0249,2024-05-08,2024-05-01,2024-05-13
U0249,2024-05-08,2024-05-01,2024-05-14
U0249,2024-05-08,2024-05-01,2024-05-15
U0249,2024-05-08,2024-05-01,2024-05-16
U0249,2024-05-08,2024-05-01,2024-05-17
U0249,2024-05-08,2024-05-01,2024-05-18
U0249,2024-05-08,2024-05-01,2024-05-20
U0249,2024-05-08,2024-05-01,2024-05-21
U0249,2024-05-08,2024-05-01,2024-05-22
U0249,2024-05-08,2024-05-01,2024-05-24
U0249,2024-05-08,2024-05-01,2024-05-25
U0249,2024-05-08,2024-05-01,2024-05-27
U0249,2024-05-08,2024-05-01,2024-05-28
U0249,2024-05-08,2024-05-01,2024-05-29
U0250,2024-02-17,2024-02-01,2024-02-17
U0250,2024-02-17,2024-02-01,2024-02-21
U0250,2024-02-17,2024-02-01,2024-02-25
U0250,2024-02-17,2024-02-01,2024-02-29
U0250,2024-02-17,2024-02-01,2024-03-04
U0250,2024-02-17,2024-02-01,2024-03-20
U0250,2024-02-17,2024-02-01,2024-03-24
U0250,2024-02-17,2024-02-01,2024-03-28
U0250,2024-02-17,2024-02-01,2024-04-01
U0250,2024-02-17,2024-02-01,2024-04-09
U0250,2024-02-17,2024-02-01,2024-04-17
U0251,2024-05-19,2024-05-01,2024-05-19
U0251,2024-05-19,2024-05-01,2024-05-20
U0251,2024-05-19,2024-05-01,2024-05-21
U0251,2024-05-19,2024-05-01,2024-05-22
U0251,2024-05-19,2024-05-01,2024-05-23
U0251,2024-05-19,2024-05-01,2024-05-24
U0251,2024-05-19,2024-05-01,2024-05-25
U0251,2024-05-19,2024-05-01,2024-05-26
U0251,2024-05-19,2024-05-01,2024-05-27
U0251,2024-05-19,2024-05-01,2024-05-29
U0251,2024-05-19,2024-05-01,2024-05-30
U0251,2024-05-19,2024-05-01,2024-05-31
U0251,2024-05-19,2024-05-01,2024-06-01
U0251,2024-05-19,2024-05-01,2024-06-03
U0251,2024-05-19,2024-05-01,2024-06-04
U0251,2024-05-19,2024-05-01,2024-06-05
U0251,2024-05-19,2024-05-01,2024-06-07
U0251,2024-05-19,2024-05-01,2024-06-08
U0251,2024-05-19,2024-05-01,2024-06-09
U0251,2024-05-19,2024-05-01,2024-06-11
U0251,2024-05-19,2024-05-01,2024-06-12
U0251,2024-05-19,2024-05-01,2024-06-13
U0251,2024-05-19,2024-05-01,2024-06-15
U0251,2024-05-19,2024-05-01,2024-06-16
U0251,2024-05-19,2024-05-01,2024-06-17
U0251,2024-05-19,2024-05-01,2024-06-20
U0251,2024-05-19,2024-05-01,2024-06-21
U0251,2024-05-19,2024-05-01,2024-06-22
U0251,2024-05-19,2024-05-01,2024-06-23
U0251,2024-05-19,2024-05-01,2024-06-24
U0251,2024-05-19,2024-05-01,2024-06-28
U0251,2024-05-19,2024-05-01,2024-06-30
U0251,2024-05-19,2024-05-01,2024-07-02
U0251,2024-05-19,2024-05-01,2024-07-03
U0251,2024-05-19,2024-05-01,2024-07-07
U0251,2024-05-19,2024-05-01,2024-07-08
U0251,2024-05-19,2024-05-01,2024-07-11
U0251,2024-05-19,2024-05-01,2024-07-15
U0252,2024-02-06,2024-02-01,2024-02-06
U0252,2024-02-06,2024-02-01,2024-02-07
U0252,2024-02-06,2024-02-01,2024-02-08
U0252,2024-02-06,2024-02-01,2024-02-09
U0252,2024-02-06,2024-02-01,2024-02-10
U0252,2024-02-06,2024-02-01,2024-02-11
U0252,2024-02-06,2024-02-01,2024-02-12
U0252,2024-02-06,2024-02-01,2024-02-13
U0252,2024-02-06,2024-02-01,2024-02-14
U0252,2024-02-06,2024-02-01,2024-02-15
U0252,2024-02-06,2024-02-01,2024-02-16
U0252,2024-02-06,2024-02-01,2024-02-17
U0252,2024-02-06,2024-02-01,2024-02-18
U0252,2024-02-06,2024-02-01,2024-02-19
U0252,2024-02-06,2024-02-01,2024-02-20
U0252,2024-02-06,2024-02-01,2024-02-22
U0252,2024-02-06,2024-02-01,2024-02-23
U0252,2024-02-06,2024-02-01,2024-02-24
U0252,2024-02-06,2024-02-01,2024-02-25
U0252,2024-02-06,2024-02-01,2024-02-27
U0252,2024-02-06,2024-02-01,2024-02-28
U0252,2024-02-06,2024-02-01,2024-02-29
U0252,2024-02-06,2024-02-01,2024-03-01
U0252,2024-02-06,2024-02-01,2024-03-03
U0252,2024-02-06,2024-02-01,2024-03-04
U0252,2024-02-06,2024-02-01,2024-03-05
U0252,2024-02-06,2024-02-01,2024-03-06
U0252,2024-02-06,2024-02-01,2024-03-09
U0252,2024-02-06,2024-02-01,2024-03-10
U0252,2024-02-06,2024-02-01,2024-03-13
U0252,2024-02-06,2024-02-01,2024-03-14
U0252,2024-02-06,2024-02-01,2024-03-15
U0252,2024-02-06,2024-02-01,2024-03-18
U0252,2024-02-06,2024-02-01,2024-03-20
U0252,2024-02-06,2024-02-01,2024-03-21
U0252,2024-02-06,2024-02-01,2024-03-22
U0252,2024-02-06,2024-02-01,2024-03-26
U0252,2024-02-06,2024-02-01,2024-03-27
U0252,2024-02-06,2024-02-01,2024-03-28
U0252,2024-02-06,2024-02-01,2024-03-30
U0252,2024-02-06,2024-02-01,2024-04-01
U0252,2024-02-06,2024-02-01,2024-04-04
U0252,2024-02-06,2024-02-01,2024-04-05
U0252,2024-02-06,2024-02-01,2024-04-06
U0252,2024-02-06,2024-02-01,2024-04-09
U0252,2024-02-06,2024-02-01,2024-04-11
U0252,2024-02-06,2024-02-01,2024-04-12
U0252,2024-02-06,2024-02-01,2024-04-13
U0252,2024-02-06,2024-02-01,2024-04-15
U0253,2024-06-08,2024-06-01,2024-06-08
U0253,2024-06-08,2024-06-01,2024-06-09
U0253,2024-06-08,2024-06-01,2024-06-10
U0253,2024-06-08,2024-06-01,2024-06-11
U0253,2024-06-08,2024-06-01,2024-06-12
U0253,2024-06-08,2024-06-01,2024-06-13
U0253,2024-06-08,2024-06-01,2024-06-14
U0253,2024-06-08,2024-06-01,2024-06-15
U0253,2024-06-08,2024-06-01,2024-06-16
U0253,2024-06-08,2024-06-01,2024-06-17
U0253,2024-06-08,2024-06-01,2024-06-18
U0253,2024-06-08,2024-06-01,2024-06-19
U0253,2024-06-08,2024-06-01,2024-06-20
U0253,2024-06-08,2024-06-01,2024-06-21
U0253,2024-06-08,2024-06-01,2024-06-22
U0253,2024-06-08,2024-06-01,2024-06-23
U0253,2024-06-08,2024-06-01,2024-06-26
U0253,2024-06-08,2024-06-01,2024-06-27
U0253,2024-06-08,2024-06-01,2024-06-28
U0253,2024-06-08,2024-06-01,2024-06-29
U0253,2024-06-08,2024-06-01,2024-06-30
U0253,2024-06-08,2024-06-01,2024-07-01
U0253,2024-06-08,2024-06-01,2024-07-03
U0253,2024-06-08,2024-06-01,2024-07-04
U0253,2024-06-08,2024-06-01,2024-07-05
U0253,2024-06-08,2024-06-01,2024-07-09
U0253,2024-06-08,2024-06-01,2024-07-11
U0253,2024-06-08,2024-06-01,2024-07-13
U0253,2024-06-08,2024-06-01,2024-07-14
U0253,2024-06-08,2024-06-01,2024-07-15
U0254,2024-01-09,2024-01-01,2024-01-09
U0254,2024-01-09,2024-01-01,2024-01-13
U0254,2024-01-09,2024-01-01,2024-01-17
U0254,2024-01-09,2024-01-01,2024-01-21
U0254,2024-01-09,2024-01-01,2024-01-25
U0255,2024-04-08,2024-04-01,2024-04-08
U0255,2024-04-08,2024-04-01,2024-04-11
U0255,2024-04-08,2024-04-01,2024-04-14
U0255,2024-04-08,2024-04-01,2024-04-17
U0255,2024-04-08,2024-04-01,2024-04-23
U0255,2024-04-08,2024-04-01,2024-04-29
U0255,2024-04-08,2024-04-01,2024-05-02
U0255,2024-04-08,2024-04-01,2024-05-05
U0255,2024-04-08,2024-04-01,2024-05-08
U0255,2024-04-08,2024-04-01,2024-05-14
U0256,2024-05-26,2024-05-01,2024-05-26
U0256,2024-05-26,2024-05-01,2024-05-27
U0256,2024-05-26,2024-05-01,2024-05-28
U0256,2024-05-26,2024-05-01,2024-05-29
U0256,2024-05-26,2024-05-01,2024-05-30
U0256,2024-05-26,2024-05-01,2024-05-31
U0256,2024-05-26,2024-05-01,2024-06-01
U0256,2024-05-26,2024-05-01,2024-06-02
U0256,2024-05-26,2024-05-01,2024-06-04
U0256,2024-05-26,2024-05-01,2024-06-05
U0256,2024-05-26,2024-05-01,2024-06-06
U0256,2024-05-26,2024-05-01,2024-06-10
U0257,2024-02-17,2024-02-01,2024-02-17
U0257,2024-02-17,2024-02-01,2024-02-20
U0257,2024-02-17,2024-02-01,2024-02-23
U0257,2024-02-17,2024-02-01,2024-02-26
U0257,2024-02-17,2024-02-01,2024-02-29
U0257,2024-02-17,2024-02-01,2024-03-03
U0257,2024-02-17,2024-02-01,2024-03-06
U0257,2024-02-17,2024-02-01,2024-03-12
U0257,2024-02-17,2024-02-01,2024-03-15
U0257,2024-02-17,2024-02-01,2024-03-18
U0257,2024-02-17,2024-02-01,2024-03-21
U0257,2024-02-17,2024-02-01,2024-03-27
U0257,2024-02-17,2024-02-01,2024-03-30
U0257,2024-02-17,2024-02-01,2024-04-02
U0257,2024-02-17,2024-02-01,2024-04-05
U0258,2024-05-10,2024-05-01,2024-05-10
U0258,2024-05-10,2024-05-01,2024-05-16
U0258,2024-05-10,2024-05-01,2024-05-19
U0259,2024-05-27,2024-05-01,2024-05-27
U0259,2024-05-27,2024-05-01,2024-05-29
U0259,2024-05-27,2024-05-01,2024-05-31
U0259,2024-05-27,2024-05-01,2024-06-02
U0259,2024-05-27,2024-05-01,2024-06-04
U0259,2024-05-27,2024-05-01,2024-06-06
U0259,2024-05-27,2024-05-01,2024-06-08
U0259,2024-05-27,2024-05-01,2024-06-10
U0259,2024-05-27,2024-05-01,2024-06-12
U0259,2024-05-27,2024-05-01,2024-06-14
U0259,2024-05-27,2024-05-01,2024-06-16
U0259,2024-05-27,2024-05-01,2024-06-20
U0259,2024-05-27,2024-05-01,2024-06-22
U0259,2024-05-27,2024-05-01,2024-06-24
U0259,2024-05-27,2024-05-01,2024-06-26
U0259,2024-05-27,2024-05-01,2024-06-28
U0259,2024-05-27,2024-05-01,2024-06-30
U0259,2024-05-27,2024-05-01,2024-07-04
U0259,2024-05-27,2024-05-01,2024-07-08
U0259,2024-05-27,2024-05-01,2024-07-16
U0259,2024-05-27,2024-05-01,2024-07-18
U0259,2024-05-27,2024-05-01,2024-07-20
U0259,2024-05-27,2024-05-01,2024-08-11
U0260,2024-05-31,2024-05-01,2024-05-31
U0260,2024-05-31,2024-05-01,2024-06-01
U0260,2024-05-31,2024-05-01,2024-06-02
U0260,2024-05-31,2024-05-01,2024-06-03
U0260,2024-05-31,2024-05-01,2024-06-05
U0260,2024-05-31,2024-05-01,2024-06-06
U0260,2024-05-31,2024-05-01,2024-06-07
U0260,2024-05-31,2024-05-01,2024-06-08
U0260,2024-05-31,2024-05-01,2024-06-09
U0260,2024-05-31,2024-05-01,2024-06-10
U0260,2024-05-31,2024-05-01,2024-06-11
U0260,2024-05-31,2024-05-01,2024-06-12
U0260,2024-05-31,2024-05-01,2024-06-13
U0260,2024-05-31,2024-05-01,2024-06-20
U0260,2024-05-31,2024-05-01,2024-06-21
U0260,2024-05-31,2024-05-01,2024-06-24
U0260,2024-05-31,2024-05-01,2024-06-25
U0260,2024-05-31,2024-05-01,2024-06-26
U0260,2024-05-31,2024-05-01,2024-06-27
U0260,2024-05-31,2024-05-01,2024-06-30
U0260,2024-05-31,2024-05-01,2024-07-02
U0260,2024-05-31,2024-05-01,2024-07-04
U0260,2024-05-31,2024-05-01,2024-07-06
U0260,2024-05-31,2024-05-01,2024-07-07
U0260,2024-05-31,2024-05-01,2024-07-08
U0260,2024-05-31,2024-05-01,2024-07-09
U0260,2024-05-31,2024-05-01,2024-07-11
U0261,2024-02-23,2024-02-01,2024-02-23
U0261,2024-02-23,2024-02-01,2024-02-25
U0261,2024-02-23,2024-02-01,2024-02-27
U0261,2024-02-23,2024-02-01,2024-03-02
U0261,2024-02-23,2024-02-01,2024-03-04
U0261,2024-02-23,2024-02-01,2024-03-06
U0261,2024-02-23,2024-02-01,2024-03-12
U0261,2024-02-23,2024-02-01,2024-03-14
U0261,2024-02-23,2024-02-01,2024-03-16
U0261,2024-02-23,2024-02-01,2024-03-20
U0261,2024-02-23,2024-02-01,2024-03-22
U0261,2024-02-23,2024-02-01,2024-03-24
U0261,2024-02-23,2024-02-01,2024-03-30
U0261,2024-02-23,2024-02-01,2024-04-09
U0261,2024-02-23,2024-02-01,2024-04-11
U0261,2024-02-23,2024-02-01,2024-04-15
U0261,2024-02-23,2024-02-01,2024-04-23
U0261,2024-02-23,2024-02-01,2024-04-25
U0262,2024-04-29,2024-04-01,2024-04-29
U0262,2024-04-29,2024-04-01,2024-05-03
U0262,2024-04-29,2024-04-01,2024-05-07
U0262,2024-04-29,2024-04-01,2024-05-11
U0262,2024-04-29,2024-04-01,2024-05-15
U0262,2024-04-29,2024-04-01,2024-05-19
U0263,2024-06-09,2024-06-01,2024-06-09
U0263,2024-06-09,2024-06-01,2024-06-11
U0263,2024-06-09,2024-06-01,2024-06-13
U0263,2024-06-09,2024-06-01,2024-06-15
U0263,2024-06-09,2024-06-01,2024-06-19
U0263,2024-06-09,2024-06-01,2024-06-21
U0263,2024-06-09,2024-06-01,2024-06-23
U0263,2024-06-09,2024-06-01,2024-06-25
U0263,2024-06-09,2024-06-01,2024-06-27
U0263,2024-06-09,2024-06-01,2024-06-29
U0263,2024-06-09,2024-06-01,2024-07-01
U0263,2024-06-09,2024-06-01,2024-07-03
U0263,2024-06-09,2024-06-01,2024-07-07
U0263,2024-06-09,2024-06-01,2024-07-11
U0263,2024-06-09,2024-06-01,2024-07-17
U0263,2024-06-09,2024-06-01,2024-07-19
U0264,2024-05-31,2024-05-01,2024-05-31
U0264,2024-05-31,2024-05-01,2024-06-01
U0264,2024-05-31,2024-05-01,2024-06-02
U0264,2024-05-31,2024-05-01,2024-06-03
U0264,2024-05-31,2024-05-01,2024-06-04
U0264,2024-05-31,2024-05-01,2024-06-05
U0264,2024-05-31,2024-05-01,2024-06-06
U0264,2024-05-31,2024-05-01,2024-06-07
U0264,2024-05-31,2024-05-01,2024-06-08
U0264,2024-05-31,2024-05-01,2024-06-09
U0264,2024-05-31,2024-05-01,2024-06-10
U0264,2024-05-31,2024-05-01,2024-06-11
U0264,2024-05-31,2024-05-01,2024-06-12
U0264,2024-05-31,2024-05-01,2024-06-13
U0264,2024-05-31,2024-05-01,2024-06-14
U0264,2024-05-31,2024-05-01,2024-06-15
U0264,2024-05-31,2024-05-01,2024-06-16
U0264,2024-05-31,2024-05-01,2024-06-17
U0264,2024-05-31,2024-05-01,2024-06-18
U0264,2024-05-31,2024-05-01,2024-06-19
U0264,2024-05-31,2024-05-01,2024-06-20
U0264,2024-05-31,2024-05-01,2024-06-21
U0264,2024-05-31,2024-05-01,2024-06-22
U0264,2024-05-31,2024-05-01,2024-06-23
U0264,2024-05-31,2024-05-01,2024-06-25
U0264,2024-05-31,2024-05-01,2024-06-26
U0264,2024-05-31,2024-05-01,2024-06-28
U0264,2024-05-31,2024-05-01,2024-06-30
U0264,2024-05-31,2024-05-01,2024-07-02
U0264,2024-05-31,2024-05-01,2024-07-03
U0264,2024-05-31,2024-05-01,2024-07-06
U0264,2024-05-31,2024-05-01,2024-07-09
U0264,2024-05-31,2024-05-01,2024-07-11
U0264,2024-05-31,2024-05-01,2024-07-14
U0264,2024-05-31,2024-05-01,2024-07-15
U0264,2024-05-31,2024-05-01,2024-07-16
U0264,2024-05-31,2024-05-01,2024-07-17
U0264,2024-05-31,2024-05-01,2024-07-19
U0264,2024-05-31,2024-05-01,2024-07-29
U0264,2024-05-31,2024-05-01,2024-07-30
U0264,2024-05-31,2024-05-01,2024-08-11
U0264,2024-05-31,2024-05-01,2024-08-13
U0265,2024-04-25,2024-04-01,2024-04-25
U0265,2024-04-25,2024-04-01,2024-04-27
U0265,2024-04-25,2024-04-01,2024-04-29
U0265,2024-04-25,2024-04-01,2024-05-01
U0265,2024-04-25,2024-04-01,2024-05-05
U0265,2024-04-25,2024-04-01,2024-05-09
U0265,2024-04-25,2024-04-01,2024-05-11
U0265,2024-04-25,2024-04-01,2024-05-15
U0265,2024-04-25,2024-04-01,2024-05-17
U0265,2024-04-25,2024-04-01,2024-05-19
U0265,2024-04-25,2024-04-01,2024-05-23
U0265,2024-04-25,2024-04-01,2024-05-27
U0265,2024-04-25,2024-04-01,2024-05-29
U0265,2024-04-25,2024-04-01,2024-06-02
U0265,2024-04-25,2024-04-01,2024-06-04
U0265,2024-04-25,2024-04-01,2024-06-08
U0265,2024-04-25,2024-04-01,2024-06-10
U0265,2024-04-25,2024-04-01,2024-06-18
U0266,2024-03-15,2024-03-01,2024-03-15
U0266,2024-03-15,2024-03-01,2024-03-19
U0266,2024-03-15,2024-03-01,2024-03-23
U0266,2024-03-15,2024-03-01,2024-03-27
U0266,2024-03-15,2024-03-01,2024-04-04
U0266,2024-03-15,2024-03-01,2024-04-12
U0266,2024-03-15,2024-03-01,2024-04-24
U0266,2024-03-15,2024-03-01,2024-04-28
U0266,2024-03-15,2024-03-01,2024-05-02
U0266,2024-03-15,2024-03-01,2024-05-06
U0266,2024-03-15,2024-03-01,2024-05-10
U0266,2024-03-15,2024-03-01,2024-05-18
U0267,2024-04-22,2024-04-01,2024-04-22
U0267,2024-04-22,2024-04-01,2024-04-25
U0267,2024-04-22,2024-04-01,2024-04-28
U0267,2024-04-22,2024-04-01,2024-05-01
U0267,2024-04-22,2024-04-01,2024-05-07
U0267,2024-04-22,2024-04-01,2024-05-10
U0267,2024-04-22,2024-04-01,2024-05-13
U0267,2024-04-22,2024-04-01,2024-05-16
U0267,2024-04-22,2024-04-01,2024-05-28
U0267,2024-04-22,2024-04-01,2024-05-31
U0267,2024-04-22,2024-04-01,2024-06-03
U0267,2024-04-22,2024-04-01,2024-06-06
U0267,2024-04-22,2024-04-01,2024-06-15
U0267,2024-04-22,2024-04-01,2024-06-27
U0267,2024-04-22,2024-04-01,2024-06-30
U0268,2024-06-12,2024-06-01,2024-06-12
U0268,2024-06-12,2024-06-01,2024-06-14
U0268,2024-06-12,2024-06-01,2024-06-16
U0268,2024-06-12,2024-06-01,2024-06-20
U0268,2024-06-12,2024-06-01,2024-06-22
U0268,2024-06-12,2024-06-01,2024-06-24
U0268,2024-06-12,2024-06-01,2024-06-26
U0268,2024-06-12,2024-06-01,2024-06-30
U0268,2024-06-12,2024-06-01,2024-07-06
U0268,2024-06-12,2024-06-01,2024-07-08
U0268,2024-06-12,2024-06-01,2024-07-12
U0268,2024-06-12,2024-06-01,2024-07-16
U0268,2024-06-12,2024-06-01,2024-07-18
U0268,2024-06-12,2024-06-01,2024-07-20
U0268,2024-06-12,2024-06-01,2024-07-26
U0268,2024-06-12,2024-06-01,2024-07-30
U0268,2024-06-12,2024-06-01,2024-08-01
U0268,2024-06-12,2024-06-01,2024-08-03
U0268,2024-06-12,2024-06-01,2024-08-05
U0268,2024-06-12,2024-06-01,2024-08-07
U0268,2024-06-12,2024-06-01,2024-08-23
U0268,2024-06-12,2024-06-01,2024-08-29
U0268,2024-06-12,2024-06-01,2024-09-04
U0268,2024-06-12,2024-06-01,2024-09-08
U0269,2024-06-14,2024-06-01,2024-06-14
U0269,2024-06-14,2024-06-01,2024-06-17
U0269,2024-06-14,2024-06-01,2024-06-20
U0269,2024-06-14,2024-06-01,2024-06-23
U0269,2024-06-14,2024-06-01,2024-06-26
U0269,2024-06-14,2024-06-01,2024-06-29
U0269,2024-06-14,2024-06-01,2024-07-02
U0269,2024-06-14,2024-06-01,2024-07-05
U0269,2024-06-14,2024-06-01,2024-07-11
U0269,2024-06-14,2024-06-01,2024-07-14
U0269,2024-06-14,2024-06-01,2024-07-17
U0270,2024-04-13,2024-04-01,2024-04-13
U0270,2024-04-13,2024-04-01,2024-04-17
U0270,2024-04-13,2024-04-01,2024-04-21
U0270,2024-04-13,2024-04-01,2024-04-25
U0270,2024-04-13,2024-04-01,2024-04-29
U0270,2024-04-13,2024-04-01,2024-05-03
U0270,2024-04-13,2024-04-01,2024-05-07
U0270,2024-04-13,2024-04-01,2024-05-11
U0270,2024-04-13,2024-04-01,2024-05-15
U0270,2024-04-13,2024-04-01,2024-05-23
U0270,2024-04-13,2024-04-01,2024-05-31
U0270,2024-04-13,2024-04-01,2024-06-08
U0270,2024-04-13,2024-04-01,2024-06-12
U0270,2024-04-13,2024-04-01,2024-06-24
U0271,2024-03-24,2024-03-01,2024-03-24
U0271,2024-03-24,2024-03-01,2024-03-25
U0271,2024-03-24,2024-03-01,2024-03-26
U0271,2024-03-24,2024-03-01,2024-03-29
U0271,2024-03-24,2024-03-01,2024-03-30
U0271,2024-03-24,2024-03-01,2024-03-31
U0271,2024-03-24,2024-03-01,2024-04-01
U0271,2024-03-24,2024-03-01,2024-04-02
U0271,2024-03-24,2024-03-01,2024-04-03
U0271,2024-03-24,2024-03-01,2024-04-04
U0271,2024-03-24,2024-03-01,2024-04-09
U0271,2024-03-24,2024-03-01,2024-04-11
U0271,2024-03-24,2024-03-01,2024-04-12
U0271,2024-03-24,2024-03-01,2024-04-15
U0271,2024-03-24,2024-03-01,2024-04-16
U0271,2024-03-24,2024-03-01,2024-04-18
U0271,2024-03-24,2024-03-01,2024-04-20
U0271,2024-03-24,2024-03-01,2024-04-21
U0271,2024-03-24,2024-03-01,2024-04-22
U0271,2024-03-24,2024-03-01,2024-04-23
U0271,2024-03-24,2024-03-01,2024-04-24
U0271,2024-03-24,2024-03-01,2024-04-26
U0271,2024-03-24,2024-03-01,2024-04-27
U0271,2024-03-24,2024-03-01,2024-04-28
U0271,2024-03-24,2024-03-01,2024-04-29
U0271,2024-03-24,2024-03-01,2024-05-03
U0271,2024-03-24,2024-03-01,2024-05-04
U0271,2024-03-24,2024-03-01,2024-05-05
U0271,2024-03-24,2024-03-01,2024-05-06
U0271,2024-03-24,2024-03-01,2024-05-08
U0271,2024-03-24,2024-03-01,2024-05-10
U0271,2024-03-24,2024-03-01,2024-05-17
U0271,2024-03-24,2024-03-01,2024-05-18
U0271,2024-03-24,2024-03-01,2024-05-21
U0271,2024-03-24,2024-03-01,2024-05-22
U0271,2024-03-24,2024-03-01,2024-05-24
U0272,2024-04-21,2024-04-01,2024-04-21
U0272,2024-04-21,2024-04-01,2024-04-25
U0272,2024-04-21,2024-04-01,2024-04-29
U0272,2024-04-21,2024-04-01,2024-05-03
U0272,2024-04-21,2024-04-01,2024-05-07
U0272,2024-04-21,2024-04-01,2024-05-15
U0272,2024-04-21,2024-04-01,2024-05-19
U0272,2024-04-21,2024-04-01,2024-05-23
U0272,2024-04-21,2024-04-01,2024-05-27
U0272,2024-04-21,2024-04-01,2024-06-04
U0272,2024-04-21,2024-04-01,2024-06-12
U0272,2024-04-21,2024-04-01,2024-06-16
U0272,2024-04-21,2024-04-01,2024-06-20
U0273,2024-04-08,2024-04-01,2024-04-08
U0273,2024-04-08,2024-04-01,2024-04-09
U0273,2024-04-08,2024-04-01,2024-04-10
U0273,2024-04-08,2024-04-01,2024-04-11
U0273,2024-04-08,2024-04-01,2024-04-12
U0273,2024-04-08,2024-04-01,2024-04-13
U0273,2024-04-08,2024-04-01,2024-04-14
U0273,2024-04-08,2024-04-01,2024-04-15
U0273,2024-04-08,2024-04-01,2024-04-16
U0273,2024-04-08,2024-04-01,2024-04-17
U0273,2024-04-08,2024-04-01,2024-04-20
U0273,2024-04-08,2024-04-01,2024-04-21
U0273,2024-04-08,2024-04-01,2024-04-23
U0273,2024-04-08,2024-04-01,2024-04-24
U0273,2024-04-08,2024-04-01,2024-04-25
U0273,2024-04-08,2024-04-01,2024-04-28
U0273,2024-04-08,2024-04-01,2024-05-01
U0273,2024-04-08,2024-04-01,2024-05-02
U0273,2024-04-08,2024-04-01,2024-05-04
U0273,2024-04-08,2024-04-01,2024-05-05
U0273,2024-04-08,2024-04-01,2024-05-10
U0273,2024-04-08,2024-04-01,2024-05-11
U0273,2024-04-08,2024-04-01,2024-05-13
U0273,2024-04-08,2024-04-01,2024-05-15
U0273,2024-04-08,2024-04-01,2024-05-16
U0273,2024-04-08,2024-04-01,2024-05-17
U0273,2024-04-08,2024-04-01,2024-05-19
U0273,2024-04-08,2024-04-01,2024-05-20
U0273,2024-04-08,2024-04-01,2024-05-21
U0273,2024-04-08,2024-04-01,2024-05-23
U0273,2024-04-08,2024-04-01,2024-05-24
U0273,2024-04-08,2024-04-01,2024-05-25
U0273,2024-04-08,2024-04-01,2024-05-27
U0273,2024-04-08,2024-04-01,2024-05-28
U0273,2024-04-08,2024-04-01,2024-05-29
U0273,2024-04-08,2024-04-01,2024-06-04
U0273,2024-04-08,2024-04-01,2024-06-12
U0273,2024-04-08,2024-04-01,2024-06-13
U0273,2024-04-08,2024-04-01,2024-06-15
U0273,2024-04-08,2024-04-01,2024-06-17
U0273,2024-04-08,2024-04-01,2024-06-22
U0273,2024-04-08,2024-04-01,2024-06-23
U0274,2024-06-01,2024-06-01,2024-06-01
U0274,2024-06-01,2024-06-01,2024-06-03
U0274,2024-06-01,2024-06-01,2024-06-05
U0274,2024-06-01,2024-06-01,2024-06-07
U0274,2024-06-01,2024-06-01,2024-06-09
U0274,2024-06-01,2024-06-01,2024-06-11
U0274,2024-06-01,2024-06-01,2024-06-13
U0274,2024-06-01,2024-06-01,2024-06-15
U0274,2024-06-01,2024-06-01,2024-06-17
U0274,2024-06-01,2024-06-01,2024-06-19
U0274,2024-06-01,2024-06-01,2024-06-23
U0274,2024-06-01,2024-06-01,2024-07-03
U0274,2024-06-01,2024-06-01,2024-07-05
U0274,2024-06-01,2024-06-01,2024-07-07
U0274,2024-06-01,2024-06-01,2024-07-09
U0274,2024-06-01,2024-06-01,2024-07-13
U0274,2024-06-01,2024-06-01,2024-07-25
U0274,2024-06-01,2024-06-01,2024-07-27
U0275,2024-04-02,2024-04-01,2024-04-02
U0275,2024-04-02,2024-04-01,2024-04-05
U0275,2024-04-02,2024-04-01,2024-04-08
U0275,2024-04-02,2024-04-01,2024-04-11
U0275,2024-04-02,2024-04-01,2024-04-14
U0275,2024-04-02,2024-04-01,2024-04-20
U0275,2024-04-02,2024-04-01,2024-04-23
U0275,2024-04-02,2024-04-01,2024-04-29
U0275,2024-04-02,2024-04-01,2024-05-05
U0275,2024-04-02,2024-04-01,2024-05-11
U0275,2024-04-02,2024-04-01,2024-05-17
U0275,2024-04-02,2024-04-01,2024-06-07
U0275,2024-04-02,2024-04-01,2024-06-10
U0276,2024-05-25,2024-05-01,2024-05-25
U0276,2024-05-25,2024-05-01,2024-05-27
U0276,2024-05-25,2024-05-01,2024-05-29
U0276,2024-05-25,2024-05-01,2024-05-31
U0276,2024-05-25,2024-05-01,2024-06-02
U0276,2024-05-25,2024-05-01,2024-06-04
U0276,2024-05-25,2024-05-01,2024-06-06
U0276,2024-05-25,2024-05-01,2024-06-08
U0276,2024-05-25,2024-05-01,2024-06-10
U0276,2024-05-25,2024-05-01,2024-06-12
U0276,2024-05-25,2024-05-01,2024-06-14
U0276,2024-05-25,2024-05-01,2024-06-16
U0276,2024-05-25,2024-05-01,2024-06-18
U0276,2024-05-25,2024-05-01,2024-06-20
U0277,2024-05-07,2024-05-01,2024-05-07
U0277,2024-05-07,2024-05-01,2024-05-11
U0277,2024-05-07,2024-05-01,2024-05-15
U0277,2024-05-07,2024-05-01,2024-05-19
U0277,2024-05-07,2024-05-01,2024-05-23
U0278,2024-04-19,2024-04-01,2024-04-19
U0278,2024-04-19,2024-04-01,2024-04-23
U0278,2024-04-19,2024-04-01,2024-04-27
U0278,2024-04-19,2024-04-01,2024-05-01
U0278,2024-04-19,2024-04-01,2024-05-05
U0278,2024-04-19,2024-04-01,2024-05-13
U0278,2024-04-19,2024-04-01,2024-05-21
U0279,2024-03-22,2024-03-01,2024-03-22
U0279,2024-03-22,2024-03-01,2024-03-23
U0279,2024-03-22,2024-03-01,2024-03-24
U0279,2024-03-22,2024-03-01,2024-03-25
U0279,2024-03-22,2024-03-01,2024-03-26
U0279,2024-03-22,2024-03-01,2024-03-27
U0279,2024-03-22,2024-03-01,2024-03-28
U0279,2024-03-22,2024-03-01,2024-03-29
U0279,2024-03-22,2024-03-01,2024-03-30
U0279,2024-03-22,2024-03-01,2024-03-31
U0279,2024-03-22,2024-03-01,2024-04-01
U0279,2024-03-22,2024-03-01,2024-04-02
U0279,2024-03-22,2024-03-01,2024-04-03
U0279,2024-03-22,2024-03-01,2024-04-04
U0279,2024-03-22,2024-03-01,2024-04-05
U0279,2024-03-22,2024-03-01,2024-04-06
U0279,2024-03-22,2024-03-01,2024-04-07
U0279,2024-03-22,2024-03-01,2024-04-08
U0279,2024-03-22,2024-03-01,2024-04-10
U0279,2024-03-22,2024-03-01,2024-04-11
U0279,2024-03-22,2024-03-01,2024-04-13
U0279,2024-03-22,2024-03-01,2024-04-14
U0279,2024-03-22,2024-03-01,2024-04-15
U0279,2024-03-22,2024-03-01,2024-04-16
U0279,2024-03-22,2024-03-01,2024-04-17
U0279,2024-03-22,2024-03-01,2024-04-18
U0279,2024-03-22,2024-03-01,2024-04-19
U0279,2024-03-22,2024-03-01,2024-04-20
U0279,2024-03-22,2024-03-01,2024-04-22
U0279,2024-03-22,2024-03-01,2024-04-23
U0279,2024-03-22,2024-03-01,2024-04-24
U0279,2024-03-22,2024-03-01,2024-04-28
U0279,2024-03-22,2024-03-01,2024-05-01
U0279,2024-03-22,2024-03-01,2024-05-02
U0279,2024-03-22,2024-03-01,2024-05-03
U0280,2024-02-23,2024-02-01,2024-02-23
U0280,2024-02-23,2024-02-01,2024-02-24
U0280,2024-02-23,2024-02-01,2024-02-25
U0280,2024-02-23,2024-02-01,2024-02-26
U0280,2024-02-23,2024-02-01,2024-02-28
U0280,2024-02-23,2024-02-01,2024-02-29
U0280,2024-02-23,2024-02-01,2024-03-01
U0280,2024-02-23,2024-02-01,2024-03-02
U0280,2024-02-23,2024-02-01,2024-03-03
U0280,2024-02-23,2024-02-01,2024-03-05
U0280,2024-02-23,2024-02-01,2024-03-06
U0280,2024-02-23,2024-02-01,2024-03-07
U0280,2024-02-23,2024-02-01,2024-03-08
U0280,2024-02-23,2024-02-01,2024-03-09
U0280,2024-02-23,2024-02-01,2024-03-10
U0280,2024-02-23,2024-02-01,2024-03-12
U0280,2024-02-23,2024-02-01,2024-03-13
U0280,2024-02-23,2024-02-01,2024-03-14
U0280,2024-02-23,2024-02-01,2024-03-15
U0280,2024-02-23,2024-02-01,2024-03-17
U0280,2024-02-23,2024-02-01,2024-03-18
U0280,2024-02-23,2024-02-01,2024-03-19
U0280,2024-02-23,2024-02-01,2024-03-20
U0280,2024-02-23,2024-02-01,2024-03-21
U0280,2024-02-23,2024-02-01,2024-03-23
U0280,2024-02-23,2024-02-01,2024-03-24
U0280,2024-02-23,2024-02-01,2024-03-25
U0280,2024-02-23,2024-02-01,2024-03-26
U0280,2024-02-23,2024-02-01,2024-03-27
U0280,2024-02-23,2024-02-01,2024-03-30
U0280,2024-02-23,2024-02-01,2024-04-02
U0280,2024-02-23,2024-02-01,2024-04-03
U0280,2024-02-23,2024-02-01,2024-04-04
U0280,2024-02-23,2024-02-01,2024-04-08
U0281,2024-06-11,2024-06-01,2024-06-11
U0281,2024-06-11,2024-06-01,2024-06-12
U0281,2024-06-11,2024-06-01,2024-06-13
U0281,2024-06-11,2024-06-01,2024-06-14
U0281,2024-06-11,2024-06-01,2024-06-15
U0281,2024-06-11,2024-06-01,2024-06-16
U0281,2024-06-11,2024-06-01,2024-06-17
U0281,2024-06-11,2024-06-01,2024-06-18
U0281,2024-06-11,2024-06-01,2024-06-19
U0281,2024-06-11,2024-06-01,2024-06-20
U0281,2024-06-11,2024-06-01,2024-06-21
U0281,2024-06-11,2024-06-01,2024-06-22
U0281,2024-06-11,2024-06-01,2024-06-23
U0281,2024-06-11,2024-06-01,2024-06-24
U0281,2024-06-11,2024-06-01,2024-06-25
U0281,2024-06-11,2024-06-01,2024-06-26
U0281,2024-06-11,2024-06-01,2024-06-27
U0281,2024-06-11,2024-06-01,2024-06-28
U0281,2024-06-11,2024-06-01,2024-06-29
U0281,2024-06-11,2024-06-01,2024-06-30
U0281,2024-06-11,2024-06-01,2024-07-01
U0281,2024-06-11,2024-06-01,2024-07-02
U0281,2024-06-11,2024-06-01,2024-07-06
U0281,2024-06-11,2024-06-01,2024-07-07
U0281,2024-06-11,2024-06-01,2024-07-09
U0281,2024-06-11,2024-06-01,2024-07-10
U0281,2024-06-11,2024-06-01,2024-07-11
U0281,2024-06-11,2024-06-01,2024-07-13
U0281,2024-06-11,2024-06-01,2024-07-16
U0281,2024-06-11,2024-06-01,2024-07-20
U0281,2024-06-11,2024-06-01,2024-07-22
U0281,2024-06-11,2024-06-01,2024-07-24
U0281,2024-06-11,2024-06-01,2024-07-25
U0281,2024-06-11,2024-06-01,2024-07-29
U0281,2024-06-11,2024-06-01,2024-08-03
U0281,2024-06-11,2024-06-01,2024-08-07
U0281,2024-06-11,2024-06-01,2024-08-10
U0281,2024-06-11,2024-06-01,2024-08-11
U0281,2024-06-11,2024-06-01,2024-08-12
U0281,2024-06-11,2024-06-01,2024-08-14
U0281,2024-06-11,2024-06-01,2024-08-15
U0281,2024-06-11,2024-06-01,2024-08-17
U0281,2024-06-11,2024-06-01,2024-08-18
U0281,2024-06-11,2024-06-01,2024-08-25
U0281,2024-06-11,2024-06-01,2024-08-26
U0282,2024-06-17,2024-06-01,2024-06-17
U0282,2024-06-17,2024-06-01,2024-06-18
U0282,2024-06-17,2024-06-01,2024-06-19
U0282,2024-06-17,2024-06-01,2024-06-20
U0282,2024-06-17,2024-06-01,2024-06-21
U0282,2024-06-17,2024-06-01,2024-06-22
U0282,2024-06-17,2024-06-01,2024-06-23
U0282,2024-06-17,2024-06-01,2024-06-24
U0282,2024-06-17,2024-06-01,2024-06-25
U0282,2024-06-17,2024-06-01,2024-06-26
U0282,2024-06-17,2024-06-01,2024-06-28
U0282,2024-06-17,2024-06-01,2024-06-29
U0282,2024-06-17,2024-06-01,2024-07-01
U0282,2024-06-17,2024-06-01,2024-07-02
U0282,2024-06-17,2024-06-01,2024-07-03
U0282,2024-06-17,2024-06-01,2024-07-04
U0282,2024-06-17,2024-06-01,2024-07-05
U0282,2024-06-17,2024-06-01,2024-07-07
U0282,2024-06-17,2024-06-01,2024-07-10
U0282,2024-06-17,2024-06-01,2024-07-11
U0282,2024-06-17,2024-06-01,2024-07-14
U0282,2024-06-17,2024-06-01,2024-07-16
U0282,2024-06-17,2024-06-01,2024-07-17
U0282,2024-06-17,2024-06-01,2024-07-18
U0282,2024-06-17,2024-06-01,2024-07-19
U0282,2024-06-17,2024-06-01,2024-07-20
U0282,2024-06-17,2024-06-01,2024-07-21
U0282,2024-06-17,2024-06-01,2024-07-22
U0282,2024-06-17,2024-06-01,2024-07-23
U0282,2024-06-17,2024-06-01,2024-07-24
U0283,2024-06-09,2024-06-01,2024-06-09
U0283,2024-06-09,2024-06-01,2024-06-12
U0283,2024-06-09,2024-06-01,2024-06-15
U0283,2024-06-09,2024-06-01,2024-06-18
U0283,2024-06-09,2024-06-01,2024-06-21
U0283,2024-06-09,2024-06-01,2024-06-24
U0283,2024-06-09,2024-06-01,2024-06-27
U0283,2024-06-09,2024-06-01,2024-06-30
U0283,2024-06-09,2024-06-01,2024-07-03
U0283,2024-06-09,2024-06-01,2024-07-06
U0283,2024-06-09,2024-06-01,2024-07-09
U0283,2024-06-09,2024-06-01,2024-07-12
U0283,2024-06-09,2024-06-01,2024-07-15
U0283,2024-06-09,2024-06-01,2024-07-18
U0283,2024-06-09,2024-06-01,2024-07-24
U0283,2024-06-09,2024-06-01,2024-07-27
U0283,2024-06-09,2024-06-01,2024-07-30
U0284,2024-03-08,2024-03-01,2024-03-08
U0284,2024-03-08,2024-03-01,2024-03-09
U0284,2024-03-08,2024-03-01,2024-03-10
U0284,2024-03-08,2024-03-01,2024-03-11
U0284,2024-03-08,2024-03-01,2024-03-12
U0284,2024-03-08,2024-03-01,2024-03-13
U0284,2024-03-08,2024-03-01,2024-03-14
U0284,2024-03-08,2024-03-01,2024-03-15
U0284,2024-03-08,2024-03-01,2024-03-16
U0284,2024-03-08,2024-03-01,2024-03-17
U0284,2024-03-08,2024-03-01,2024-03-18
U0284,2024-03-08,2024-03-01,2024-03-19
U0284,2024-03-08,2024-03-01,2024-03-20
U0284,2024-03-08,2024-03-01,2024-03-21
U0284,2024-03-08,2024-03-01,2024-03-23
U0285,2024-02-02,2024-02-01,2024-02-02
U0285,2024-02-02,2024-02-01,2024-02-05
U0285,2024-02-02,2024-02-01,2024-02-08
U0285,2024-02-02,2024-02-01,2024-02-14
U0285,2024-02-02,2024-02-01,2024-02-17
U0286,2024-05-21,2024-05-01,2024-05-21
U0286,2024-05-21,2024-05-01,2024-05-25
U0286,2024-05-21,2024-05-01,2024-06-06
U0286,2024-05-21,2024-05-01,2024-06-18
U0286,2024-05-21,2024-05-01,2024-06-22
U0286,2024-05-21,2024-05-01,2024-06-26
U0286,2024-05-21,2024-05-01,2024-06-30
U0287,2024-01-21,2024-01-01,2024-01-21
U0287,2024-01-21,2024-01-01,2024-01-24
U0287,2024-01-21,2024-01-01,2024-01-27
U0287,2024-01-21,2024-01-01,2024-01-30
U0288,2024-02-17,2024-02-01,2024-02-17
U0288,2024-02-17,2024-02-01,2024-02-18
U0288,2024-02-17,2024-02-01,2024-02-19
U0288,2024-02-17,2024-02-01,2024-02-20
U0288,2024-02-17,2024-02-01,2024-02-21
U0288,2024-02-17,2024-02-01,2024-02-22
U0288,2024-02-17,2024-02-01,2024-02-23
U0288,2024-02-17,2024-02-01,2024-02-24
U0288,2024-02-17,2024-02-01,2024-02-25
U0288,2024-02-17,2024-02-01,2024-02-26
U0288,2024-02-17,2024-02-01,2024-02-27
U0288,2024-02-17,2024-02-01,2024-02-29
U0288,2024-02-17,2024-02-01,2024-03-01
U0288,2024-02-17,2024-02-01,2024-03-05
U0288,2024-02-17,2024-02-01,2024-03-06
U0288,2024-02-17,2024-02-01,2024-03-07
U0288,2024-02-17,2024-02-01,2024-03-08
U0288,2024-02-17,2024-02-01,2024-03-09
U0288,2024-02-17,2024-02-01,2024-03-11
U0288,2024-02-17,2024-02-01,2024-03-12
U0288,2024-02-17,2024-02-01,2024-03-17
U0288,2024-02-17,2024-02-01,2024-03-18
U0289,2024-05-27,2024-05-01,2024-05-27
U0289,2024-05-27,2024-05-01,2024-05-28
U0289,2024-05-27,2024-05-01,2024-05-29
U0289,2024-05-27,2024-05-01,2024-05-30
U0289,2024-05-27,2024-05-01,2024-05-31
U0289,2024-05-27,2024-05-01,2024-06-01
U0289,2024-05-27,2024-05-01,2024-06-02
U0289,2024-05-27,2024-05-01,2024-06-03
U0289,2024-05-27,2024-05-01,2024-06-04
U0289,2024-05-27,2024-05-01,2024-06-05
U0289,2024-05-27,2024-05-01,2024-06-06
U0289,2024-05-27,2024-05-01,2024-06-07
U0289,2024-05-27,2024-05-01,2024-06-08
U0289,2024-05-27,2024-05-01,2024-06-09
U0289,2024-05-27,2024-05-01,2024-06-10
U0289,2024-05-27,2024-05-01,2024-06-11
U0289,2024-05-27,2024-05-01,2024-06-12
U0289,2024-05-27,2024-05-01,2024-06-13
U0289,2024-05-27,2024-05-01,2024-06-14
U0289,2024-05-27,2024-05-01,2024-06-15
U0289,2024-05-27,2024-05-01,2024-06-17
U0289,2024-05-27,2024-05-01,2024-06-18
U0289,2024-05-27,2024-05-01,2024-06-19
U0289,2024-05-27,2024-05-01,2024-06-20
U0289,2024-05-27,2024-05-01,2024-06-21
U0289,2024-05-27,2024-05-01,2024-06-22
U0289,2024-05-27,2024-05-01,2024-06-23
U0289,2024-05-27,2024-05-01,2024-06-28
U0290,2024-05-07,2024-05-01,2024-05-07
U0290,2024-05-07,2024-05-01,2024-05-11
U0290,2024-05-07,2024-05-01,2024-05-15
U0290,2024-05-07,2024-05-01,2024-05-19
U0291,2024-05-15,2024-05-01,2024-05-15
U0291,2024-05-15,2024-05-01,2024-05-19
U0291,2024-05-15,2024-05-01,2024-05-23
U0291,2024-05-15,2024-05-01,2024-05-27
U0291,2024-05-15,2024-05-01,2024-05-31
U0291,2024-05-15,2024-05-01,2024-06-04
U0291,2024-05-15,2024-05-01,2024-06-08
U0291,2024-05-15,2024-05-01,2024-06-12
U0291,2024-05-15,2024-05-01,2024-06-24
U0292,2024-05-14,2024-05-01,2024-05-14
U0292,2024-05-14,2024-05-01,2024-05-17
U0292,2024-05-14,2024-05-01,2024-05-20
U0292,2024-05-14,2024-05-01,2024-05-23
U0292,2024-05-14,2024-05-01,2024-05-29
U0292,2024-05-14,2024-05-01,2024-06-01
U0292,2024-05-14,2024-05-01,2024-06-04
U0292,2024-05-14,2024-05-01,2024-06-07
U0292,2024-05-14,2024-05-01,2024-06-13
U0292,2024-05-14,2024-05-01,2024-06-16
U0292,2024-05-14,2024-05-01,2024-06-22
U0292,2024-05-14,2024-05-01,2024-06-25
U0292,2024-05-14,2024-05-01,2024-06-28
U0292,2024-05-14,2024-05-01,2024-07-01
U0292,2024-05-14,2024-05-01,2024-07-04
U0293,2024-05-24,2024-05-01,2024-05-24
U0293,2024-05-24,2024-05-01,2024-05-25
U0293,2024-05-24,2024-05-01,2024-05-26
U0293,2024-05-24,2024-05-01,2024-05-27
U0293,2024-05-24,2024-05-01,2024-05-28
U0293,2024-05-24,2024-05-01,2024-05-29
U0293,2024-05-24,2024-05-01,2024-05-30
U0293,2024-05-24,2024-05-01,2024-05-31
U0293,2024-05-24,2024-05-01,2024-06-02
U0293,2024-05-24,2024-05-01,2024-06-03
U0293,2024-05-24,2024-05-01,2024-06-04
U0293,2024-05-24,2024-05-01,2024-06-05
U0293,2024-05-24,2024-05-01,2024-06-06
U0293,2024-05-24,2024-05-01,2024-06-07
U0293,2024-05-24,2024-05-01,2024-06-08
U0293,2024-05-24,2024-05-01,2024-06-09
U0293,2024-05-24,2024-05-01,2024-06-11
U0293,2024-05-24,2024-05-01,2024-06-12
U0293,2024-05-24,2024-05-01,2024-06-13
U0293,2024-05-24,2024-05-01,2024-06-14
U0293,2024-05-24,2024-05-01,2024-06-15
U0293,2024-05-24,2024-05-01,2024-06-16
U0293,2024-05-24,2024-05-01,2024-06-18
U0293,2024-05-24,2024-05-01,2024-06-21
U0293,2024-05-24,2024-05-01,2024-06-22
U0293,2024-05-24,2024-05-01,2024-06-25
U0293,2024-05-24,2024-05-01,2024-06-26
U0293,2024-05-24,2024-05-01,2024-06-27
U0293,2024-05-24,2024-05-01,2024-06-29
U0293,2024-05-24,2024-05-01,2024-06-30
U0293,2024-05-24,2024-05-01,2024-07-02
U0293,2024-05-24,2024-05-01,2024-07-04
U0293,2024-05-24,2024-05-01,2024-07-06
U0293,2024-05-24,2024-05-01,2024-07-09
U0293,2024-05-24,2024-05-01,2024-07-10
U0293,2024-05-24,2024-05-01,2024-07-11
U0293,2024-05-24,2024-05-01,2024-07-12
U0293,2024-05-24,2024-05-01,2024-07-20
U0294,2024-05-07,2024-05-01,2024-05-07
U0294,2024-05-07,2024-05-01,2024-05-08
U0294,2024-05-07,2024-05-01,2024-05-09
U0294,2024-05-07,2024-05-01,2024-05-10
U0294,2024-05-07,2024-05-01,2024-05-11
U0294,2024-05-07,2024-05-01,2024-05-12
U0294,2024-05-07,2024-05-01,2024-05-13
U0294,2024-05-07,2024-05-01,2024-05-14
U0294,2024-05-07,2024-05-01,2024-05-15
U0294,2024-05-07,2024-05-01,2024-05-16
U0294,2024-05-07,2024-05-01,2024-05-17
U0294,2024-05-07,2024-05-01,2024-05-18
U0294,2024-05-07,2024-05-01,2024-05-19
U0294,2024-05-07,2024-05-01,2024-05-20
U0294,2024-05-07,2024-05-01,2024-05-21
U0294,2024-05-07,2024-05-01,2024-05-23
U0294,2024-05-07,2024-05-01,2024-05-24
U0294,2024-05-07,2024-05-01,2024-05-25
U0294,2024-05-07,2024-05-01,2024-05-26
U0294,2024-05-07,2024-05-01,2024-05-27
U0294,2024-05-07,2024-05-01,2024-05-28
U0295,2024-02-02,2024-02-01,2024-02-02
U0295,2024-02-02,2024-02-01,2024-02-03
U0295,2024-02-02,2024-02-01,2024-02-04
U0295,2024-02-02,2024-02-01,2024-02-05
U0295,2024-02-02,2024-02-01,2024-02-06
U0295,2024-02-02,2024-02-01,2024-02-07
U0295,2024-02-02,2024-02-01,2024-02-08
U0295,2024-02-02,2024-02-01,2024-02-09
U0295,2024-02-02,2024-02-01,2024-02-10
U0295,2024-02-02,2024-02-01,2024-02-11
U0295,2024-02-02,2024-02-01,2024-02-12
U0295,2024-02-02,2024-02-01,2024-02-13
U0295,2024-02-02,2024-02-01,2024-02-14
U0295,2024-02-02,2024-02-01,2024-02-15
U0295,2024-02-02,2024-02-01,2024-02-17
U0295,2024-02-02,2024-02-01,2024-02-18
U0295,2024-02-02,2024-02-01,2024-02-19
U0295,2024-02-02,2024-02-01,2024-02-20
U0295,2024-02-02,2024-02-01,2024-02-21
U0295,2024-02-02,2024-02-01,2024-02-22
U0295,2024-02-02,2024-02-01,2024-02-23
U0295,2024-02-02,2024-02-01,2024-02-24
U0295,2024-02-02,2024-02-01,2024-02-25
U0295,2024-02-02,2024-02-01,2024-02-26
U0295,2024-02-02,2024-02-01,2024-02-27
U0295,2024-02-02,2024-02-01,2024-02-28
U0295,2024-02-02,2024-02-01,2024-02-29
U0295,2024-02-02,2024-02-01,2024-03-01
U0295,2024-02-02,2024-02-01,2024-03-03
U0295,2024-02-02,2024-02-01,2024-03-04
U0295,2024-02-02,2024-02-01,2024-03-05
U0295,2024-02-02,2024-02-01,2024-03-08
U0295,2024-02-02,2024-02-01,2024-03-09
U0295,2024-02-02,2024-02-01,2024-03-10
U0295,2024-02-02,2024-02-01,2024-03-11
U0295,2024-02-02,2024-02-01,2024-03-13
U0295,2024-02-02,2024-02-01,2024-03-14
U0295,2024-02-02,2024-02-01,2024-03-17
U0295,2024-02-02,2024-02-01,2024-03-19
U0296,2024-06-24,2024-06-01,2024-06-24
U0296,2024-06-24,2024-06-01,2024-06-28
U0296,2024-06-24,2024-06-01,2024-07-02
U0296,2024-06-24,2024-06-01,2024-07-14
U0297,2024-04-24,2024-04-01,2024-04-24
U0297,2024-04-24,2024-04-01,2024-04-28
U0297,2024-04-24,2024-04-01,2024-05-02
U0297,2024-04-24,2024-04-01,2024-05-06
U0297,2024-04-24,2024-04-01,2024-05-10
U0297,2024-04-24,2024-04-01,2024-05-14
U0297,2024-04-24,2024-04-01,2024-05-18
U0297,2024-04-24,2024-04-01,2024-05-26
U0298,2024-04-28,2024-04-01,2024-04-28
U0298,2024-04-28,2024-04-01,2024-05-01
U0298,2024-04-28,2024-04-01,2024-05-04
U0298,2024-04-28,2024-04-01,2024-05-07
U0298,2024-04-28,2024-04-01,2024-05-10
U0298,2024-04-28,2024-04-01,2024-05-13
U0298,2024-04-28,2024-04-01,2024-05-16
U0298,2024-04-28,2024-04-01,2024-05-19
U0298,2024-04-28,2024-04-01,2024-05-25
U0298,2024-04-28,2024-04-01,2024-06-03
U0298,2024-04-28,2024-04-01,2024-06-15
U0298,2024-04-28,2024-04-01,2024-06-24
U0298,2024-04-28,2024-04-01,2024-06-27
U0298,2024-04-28,2024-04-01,2024-07-12
U0298,2024-04-28,2024-04-01,2024-07-18
U0299,2024-01-22,2024-01-01,2024-01-22
U0299,2024-01-22,2024-01-01,2024-01-25
U0299,2024-01-22,2024-01-01,2024-01-28
U0299,2024-01-22,2024-01-01,2024-01-31
U0299,2024-01-22,2024-01-01,2024-02-03
U0299,2024-01-22,2024-01-01,2024-02-06
U0299,2024-01-22,2024-01-01,2024-02-09
U0299,2024-01-22,2024-01-01,2024-02-12
U0299,2024-01-22,2024-01-01,2024-02-15
U0299,2024-01-22,2024-01-01,2024-02-21
U0300,2024-06-06,2024-06-01,2024-06-06
U0300,2024-06-06,2024-06-01,2024-06-08
U0300,2024-06-06,2024-06-01,2024-06-10
U0300,2024-06-06,2024-06-01,2024-06-12
U0300,2024-06-06,2024-06-01,2024-06-14
U0300,2024-06-06,2024-06-01,2024-06-16
U0300,2024-06-06,2024-06-01,2024-06-18
U0300,2024-06-06,2024-06-01,2024-06-20
U0300,2024-06-06,2024-06-01,2024-06-22
U0300,2024-06-06,2024-06-01,2024-06-24
U0300,2024-06-06,2024-06-01,2024-06-26
U0300,2024-06-06,2024-06-01,2024-06-28
U0300,2024-06-06,2024-06-01,2024-07-02
U0300,2024-06-06,2024-06-01,2024-07-04
U0300,2024-06-06,2024-06-01,2024-07-08
U0300,2024-06-06,2024-06-01,2024-07-10
U0300,2024-06-06,2024-06-01,2024-07-12
U0300,2024-06-06,2024-06-01,2024-07-14
U0300,2024-06-06,2024-06-01,2024-07-16
U0300,2024-06-06,2024-06-01,2024-07-18
U0300,2024-06-06,2024-06-01,2024-07-22
U0300,2024-06-06,2024-06-01,2024-08-05
U0300,2024-06-06,2024-06-01,2024-08-07
U0300,2024-06-06,2024-06-01,2024-08-09
U0301,2024-02-07,2024-02-01,2024-02-07
U0301,2024-02-07,2024-02-01,2024-02-13
U0301,2024-02-07,2024-02-01,2024-02-16
U0301,2024-02-07,2024-02-01,2024-02-22
U0301,2024-02-07,2024-02-01,2024-02-25
U0301,2024-02-07,2024-02-01,2024-02-28
U0301,2024-02-07,2024-02-01,2024-03-02
U0301,2024-02-07,2024-02-01,2024-03-05
U0301,2024-02-07,2024-02-01,2024-03-08
U0301,2024-02-07,2024-02-01,2024-03-11
U0301,2024-02-07,2024-02-01,2024-03-17
U0301,2024-02-07,2024-02-01,2024-03-23
U0301,2024-02-07,2024-02-01,2024-04-04
U0301,2024-02-07,2024-02-01,2024-04-13
U0301,2024-02-07,2024-02-01,2024-04-19
U0302,2024-04-18,2024-04-01,2024-04-18
U0302,2024-04-18,2024-04-01,2024-04-20
U0302,2024-04-18,2024-04-01,2024-04-22
U0302,2024-04-18,2024-04-01,2024-04-26
U0302,2024-04-18,2024-04-01,2024-04-28
U0302,2024-04-18,2024-04-01,2024-04-30
U0302,2024-04-18,2024-04-01,2024-05-02
U0302,2024-04-18,2024-04-01,2024-05-04
U0302,2024-04-18,2024-04-01,2024-05-06
U0302,2024-04-18,2024-04-01,2024-05-08
U0302,2024-04-18,2024-04-01,2024-05-10
U0302,2024-04-18,2024-04-01,2024-05-12
U0302,2024-04-18,2024-04-01,2024-05-14
U0303,2024-02-20,2024-02-01,2024-02-20
U0303,2024-02-20,2024-02-01,2024-02-24
U0303,2024-02-20,2024-02-01,2024-02-28
U0303,2024-02-20,2024-02-01,2024-03-07
U0303,2024-02-20,2024-02-01,2024-03-11
U0304,2024-06-30,2024-06-01,2024-06-30
U0304,2024-06-30,2024-06-01,2024-07-03
U0304,2024-06-30,2024-06-01,2024-07-06
U0304,2024-06-30,2024-06-01,2024-07-09
U0304,2024-06-30,2024-06-01,2024-07-12
U0304,2024-06-30,2024-06-01,2024-07-18
U0304,2024-06-30,2024-06-01,2024-08-02
U0304,2024-06-30,2024-06-01,2024-08-05
U0304,2024-06-30,2024-06-01,2024-08-08
U0304,2024-06-30,2024-06-01,2024-08-11
U0304,2024-06-30,2024-06-01,2024-08-14
U0304,2024-06-30,2024-06-01,2024-08-17
U0304,2024-06-30,2024-06-01,2024-08-20
U0304,2024-06-30,2024-06-01,2024-08-23
U0304,2024-06-30,2024-06-01,2024-08-26
U0304,2024-06-30,2024-06-01,2024-09-01
U0304,2024-06-30,2024-06-01,2024-09-10
U0304,2024-06-30,2024-06-01,2024-09-22
U0305,2024-01-08,2024-01-01,2024-01-08
U0305,2024-01-08,2024-01-01,2024-01-12
U0305,2024-01-08,2024-01-01,2024-01-16
U0305,2024-01-08,2024-01-01,2024-01-20
U0306,2024-01-27,2024-01-01,2024-01-27
U0306,2024-01-27,2024-01-01,2024-01-28
U0306,2024-01-27,2024-01-01,2024-01-29
U0306,2024-01-27,2024-01-01,2024-01-30
U0306,2024-01-27,2024-01-01,2024-01-31
U0306,2024-01-27,2024-01-01,2024-02-01
U0306,2024-01-27,2024-01-01,2024-02-02
U0306,2024-01-27,2024-01-01,2024-02-03
U0306,2024-01-27,2024-01-01,2024-02-05
U0306,2024-01-27,2024-01-01,2024-02-06
U0306,2024-01-27,2024-01-01,2024-02-07
U0306,2024-01-27,2024-01-01,2024-02-10
U0306,2024-01-27,2024-01-01,2024-02-11
U0306,2024-01-27,2024-01-01,2024-02-12
U0306,2024-01-27,2024-01-01,2024-02-13
U0306,2024-01-27,2024-01-01,2024-02-14
U0306,2024-01-27,2024-01-01,2024-02-16
U0307,2024-01-27,2024-01-01,2024-01-27
U0307,2024-01-27,2024-01-01,2024-01-28
U0307,2024-01-27,2024-01-01,2024-01-29
U0307,2024-01-27,2024-01-01,2024-01-30
U0307,2024-01-27,2024-01-01,2024-01-31
U0307,2024-01-27,2024-01-01,2024-02-01
U0307,2024-01-27,2024-01-01,2024-02-02
U0307,2024-01-27,2024-01-01,2024-02-03
U0307,2024-01-27,2024-01-01,2024-02-04
U0307,2024-01-27,2024-01-01,2024-02-05
U0307,2024-01-27,2024-01-01,2024-02-06
U0307,2024-01-27,2024-01-01,2024-02-09
U0307,2024-01-27,2024-01-01,2024-02-13
U0307,2024-01-27,2024-01-01,2024-02-14
U0307,2024-01-27,2024-01-01,2024-02-15
U0308,2024-01-21,2024-01-01,2024-01-21
U0308,2024-01-21,2024-01-01,2024-01-23
U0308,2024-01-21,2024-01-01,2024-01-25
U0308,2024-01-21,2024-01-01,2024-01-27
U0308,2024-01-21,2024-01-01,2024-01-29
U0308,2024-01-21,2024-01-01,2024-01-31
U0308,2024-01-21,2024-01-01,2024-02-04
U0308,2024-01-21,2024-01-01,2024-02-06
U0308,2024-01-21,2024-01-01,2024-02-08
U0308,2024-01-21,2024-01-01,2024-02-10
U0308,2024-01-21,2024-01-01,2024-02-12
U0308,2024-01-21,2024-01-01,2024-02-14
U0308,2024-01-21,2024-01-01,2024-02-16
U0308,2024-01-21,2024-01-01,2024-02-20
U0308,2024-01-21,2024-01-01,2024-02-22
U0309,2024-01-30,2024-01-01,2024-01-30
U0309,2024-01-30,2024-01-01,2024-02-03
U0309,2024-01-30,2024-01-01,2024-02-07
U0309,2024-01-30,2024-01-01,2024-02-11
U0309,2024-01-30,2024-01-01,2024-02-15
U0309,2024-01-30,2024-01-01,2024-02-19
U0309,2024-01-30,2024-01-01,2024-03-02
U0309,2024-01-30,2024-01-01,2024-03-22
U0310,2024-04-06,2024-04-01,2024-04-06
U0310,2024-04-06,2024-04-01,2024-04-09
U0310,2024-04-06,2024-04-01,2024-04-12
U0310,2024-04-06,2024-04-01,2024-04-15
U0310,2024-04-06,2024-04-01,2024-04-18
U0310,2024-04-06,2024-04-01,2024-04-21
U0310,2024-04-06,2024-04-01,2024-04-24
U0310,2024-04-06,2024-04-01,2024-04-27
U0310,2024-04-06,2024-04-01,2024-04-30
U0310,2024-04-06,2024-04-01,2024-05-03
U0310,2024-04-06,2024-04-01,2024-05-09
U0310,2024-04-06,2024-04-01,2024-05-24
U0310,2024-04-06,2024-04-01,2024-05-30
U0310,2024-04-06,2024-04-01,2024-06-02
U0310,2024-04-06,2024-04-01,2024-06-14
U0310,2024-04-06,2024-04-01,2024-06-20
U0310,2024-04-06,2024-04-01,2024-06-23
U0310,2024-04-06,2024-04-01,2024-06-26
U0310,2024-04-06,2024-04-01,2024-06-29
U0311,2024-01-28,2024-01-01,2024-01-28
U0311,2024-01-28,2024-01-01,2024-01-30
U0311,2024-01-28,2024-01-01,2024-02-01
U0311,2024-01-28,2024-01-01,2024-02-03
U0311,2024-01-28,2024-01-01,2024-02-05
U0311,2024-01-28,2024-01-01,2024-02-07
U0311,2024-01-28,2024-01-01,2024-02-09
U0311,2024-01-28,2024-01-01,2024-02-11
U0311,2024-01-28,2024-01-01,2024-02-13
U0311,2024-01-28,2024-01-01,2024-02-15
U0311,2024-01-28,2024-01-01,2024-02-17
U0311,2024-01-28,2024-01-01,2024-02-21
U0311,2024-01-28,2024-01-01,2024-02-23
U0311,2024-01-28,2024-01-01,2024-02-27
U0311,2024-01-28,2024-01-01,2024-03-02
U0311,2024-01-28,2024-01-01,2024-03-06
U0311,2024-01-28,2024-01-01,2024-03-12
U0311,2024-01-28,2024-01-01,2024-03-14
U0311,2024-01-28,2024-01-01,2024-03-16
U0311,2024-01-28,2024-01-01,2024-03-20
U0311,2024-01-28,2024-01-01,2024-03-24
U0312,2024-04-20,2024-04-01,2024-04-20
U0312,2024-04-20,2024-04-01,2024-04-23
U0312,2024-04-20,2024-04-01,2024-04-26
U0312,2024-04-20,2024-04-01,2024-05-05
U0312,2024-04-20,2024-04-01,2024-05-08
U0312,2024-04-20,2024-04-01,2024-05-11
U0312,2024-04-20,2024-04-01,2024-05-23
U0312,2024-04-20,2024-04-01,2024-05-26
U0312,2024-04-20,2024-04-01,2024-05-29
U0312,2024-04-20,2024-04-01,2024-06-01
U0312,2024-04-20,2024-04-01,2024-06-07
U0312,2024-04-20,2024-04-01,2024-06-10
U0313,2024-03-01,2024-03-01,2024-03-01
U0313,2024-03-01,2024-03-01,2024-03-05
U0313,2024-03-01,2024-03-01,2024-03-09
U0313,2024-03-01,2024-03-01,2024-03-13
U0313,2024-03-01,2024-03-01,2024-03-17
U0313,2024-03-01,2024-03-01,2024-03-21
U0313,2024-03-01,2024-03-01,2024-03-25
U0313,2024-03-01,2024-03-01,2024-03-29
U0313,2024-03-01,2024-03-01,2024-04-06
U0313,2024-03-01,2024-03-01,2024-04-10
U0313,2024-03-01,2024-03-01,2024-04-14
U0313,2024-03-01,2024-03-01,2024-04-22
U0313,2024-03-01,2024-03-01,2024-05-04
U0314,2024-02-17,2024-02-01,2024-02-17
U0314,2024-02-17,2024-02-01,2024-02-18
U0314,2024-02-17,2024-02-01,2024-02-19
U0314,2024-02-17,2024-02-01,2024-02-20
U0314,2024-02-17,2024-02-01,2024-02-21
U0314,2024-02-17,2024-02-01,2024-02-22
U0314,2024-02-17,2024-02-01,2024-02-23
U0314,2024-02-17,2024-02-01,2024-02-24
U0314,2024-02-17,2024-02-01,2024-02-25
U0314,2024-02-17,2024-02-01,2024-02-26
U0314,2024-02-17,2024-02-01,2024-02-27
U0314,2024-02-17,2024-02-01,2024-02-28
U0314,2024-02-17,2024-02-01,2024-02-29
U0314,2024-02-17,2024-02-01,2024-03-02
U0314,2024-02-17,2024-02-01,2024-03-03
U0314,2024-02-17,2024-02-01,2024-03-04
U0314,2024-02-17,2024-02-01,2024-03-05
U0314,2024-02-17,2024-02-01,2024-03-06
U0314,2024-02-17,2024-02-01,2024-03-07
U0314,2024-02-17,2024-02-01,2024-03-12
U0314,2024-02-17,2024-02-01,2024-03-13
U0314,2024-02-17,2024-02-01,2024-03-15
U0314,2024-02-17,2024-02-01,2024-03-17
U0314,2024-02-17,2024-02-01,2024-03-18
U0314,2024-02-17,2024-02-01,2024-03-21
U0314,2024-02-17,2024-02-01,2024-03-23
U0314,2024-02-17,2024-02-01,2024-03-24
U0314,2024-02-17,2024-02-01,2024-03-28
U0314,2024-02-17,2024-02-01,2024-03-29
U0314,2024-02-17,2024-02-01,2024-03-31
U0314,2024-02-17,2024-02-01,2024-04-01
U0314,2024-02-17,2024-02-01,2024-04-05
U0314,2024-02-17,2024-02-01,2024-04-06
U0314,2024-02-17,2024-02-01,2024-04-07
U0314,2024-02-17,2024-02-01,2024-04-08
U0314,2024-02-17,2024-02-01,2024-04-12
U0314,2024-02-17,2024-02-01,2024-04-14
U0314,2024-02-17,2024-02-01,2024-04-15
U0315,2024-05-26,2024-05-01,2024-05-26
U0315,2024-05-26,2024-05-01,2024-05-27
U0315,2024-05-26,2024-05-01,2024-05-28
U0315,2024-05-26,2024-05-01,2024-05-29
U0315,2024-05-26,2024-05-01,2024-05-30
U0315,2024-05-26,2024-05-01,2024-05-31
U0315,2024-05-26,2024-05-01,2024-06-01
U0315,2024-05-26,2024-05-01,2024-06-02
U0315,2024-05-26,2024-05-01,2024-06-03
U0315,2024-05-26,2024-05-01,2024-06-05
U0315,2024-05-26,2024-05-01,2024-06-06
U0315,2024-05-26,2024-05-01,2024-06-07
U0315,2024-05-26,2024-05-01,2024-06-08
U0315,2024-05-26,2024-05-01,2024-06-09
U0315,2024-05-26,2024-05-01,2024-06-10
U0315,2024-05-26,2024-05-01,2024-06-11
U0315,2024-05-26,2024-05-01,2024-06-13
U0315,2024-05-26,2024-05-01,2024-06-14
U0315,2024-05-26,2024-05-01,2024-06-17
U0315,2024-05-26,2024-05-01,2024-06-18
U0315,2024-05-26,2024-05-01,2024-06-20
U0315,2024-05-26,2024-05-01,2024-06-21
U0315,2024-05-26,2024-05-01,2024-06-23
U0315,2024-05-26,2024-05-01,2024-06-24
U0315,2024-05-26,2024-05-01,2024-06-25
U0315,2024-05-26,2024-05-01,2024-06-26
U0315,2024-05-26,2024-05-01,2024-06-28
U0315,2024-05-26,2024-05-01,2024-06-30
U0315,2024-05-26,2024-05-01,2024-07-01
U0315,2024-05-26,2024-05-01,2024-07-02
U0315,2024-05-26,2024-05-01,2024-07-05
U0315,2024-05-26,2024-05-01,2024-07-06
U0315,2024-05-26,2024-05-01,2024-07-09
U0315,2024-05-26,2024-05-01,2024-07-12
U0315,2024-05-26,2024-05-01,2024-07-14
U0315,2024-05-26,2024-05-01,2024-07-18
U0315,2024-05-26,2024-05-01,2024-07-19
U0315,2024-05-26,2024-05-01,2024-07-25
U0315,2024-05-26,2024-05-01,2024-07-26
U0315,2024-05-26,2024-05-01,2024-07-27
U0315,2024-05-26,2024-05-01,2024-07-29
U0315,2024-05-26,2024-05-01,2024-07-30
U0315,2024-05-26,2024-05-01,2024-08-01
U0315,2024-05-26,2024-05-01,2024-08-04
U0315,2024-05-26,2024-05-01,2024-08-06
U0315,2024-05-26,2024-05-01,2024-08-09
U0315,2024-05-26,2024-05-01,2024-08-10
U0315,2024-05-26,2024-05-01,2024-08-12
U0316,2024-01-04,2024-01-01,2024-01-04
U0316,2024-01-04,2024-01-01,2024-01-08
U0316,2024-01-04,2024-01-01,2024-01-12
U0316,2024-01-04,2024-01-01,2024-01-16
U0316,2024-01-04,2024-01-01,2024-01-20
U0316,2024-01-04,2024-01-01,2024-01-24
U0316,2024-01-04,2024-01-01,2024-02-01
U0316,2024-01-04,2024-01-01,2024-02-05
U0316,2024-01-04,2024-01-01,2024-02-13
U0316,2024-01-04,2024-01-01,2024-02-17
U0316,2024-01-04,2024-01-01,2024-02-21
U0316,2024-01-04,2024-01-01,2024-03-12
U0317,2024-02-04,2024-02-01,2024-02-04
U0317,2024-02-04,2024-02-01,2024-02-06
U0317,2024-02-04,2024-02-01,2024-02-08
U0317,2024-02-04,2024-02-01,2024-02-10
U0317,2024-02-04,2024-02-01,2024-02-12
U0317,2024-02-04,2024-02-01,2024-02-16
U0317,2024-02-04,2024-02-01,2024-02-18
U0317,2024-02-04,2024-02-01,2024-02-24
U0317,2024-02-04,2024-02-01,2024-03-09
U0317,2024-02-04,2024-02-01,2024-03-17
U0317,2024-02-04,2024-02-01,2024-03-21
U0317,2024-02-04,2024-02-01,2024-03-27
U0317,2024-02-04,2024-02-01,2024-03-31
U0317,2024-02-04,2024-02-01,2024-04-02
U0318,2024-02-18,2024-02-01,2024-02-18
U0318,2024-02-18,2024-02-01,2024-02-21
U0318,2024-02-18,2024-02-01,2024-02-24
U0318,2024-02-18,2024-02-01,2024-02-27
U0318,2024-02-18,2024-02-01,2024-03-01
U0318,2024-02-18,2024-02-01,2024-03-04
U0318,2024-02-18,2024-02-01,2024-03-10
U0318,2024-02-18,2024-02-01,2024-03-13
U0318,2024-02-18,2024-02-01,2024-03-16
U0318,2024-02-18,2024-02-01,2024-03-22
U0319,2024-01-17,2024-01-01,2024-01-17
U0319,2024-01-17,2024-01-01,2024-01-20
U0319,2024-01-17,2024-01-01,2024-01-23
U0319,2024-01-17,2024-01-01,2024-01-26
U0319,2024-01-17,2024-01-01,2024-02-01
U0319,2024-01-17,2024-01-01,2024-02-04
U0319,2024-01-17,2024-01-01,2024-02-07
U0319,2024-01-17,2024-01-01,2024-02-16
U0319,2024-01-17,2024-01-01,2024-02-19
U0319,2024-01-17,2024-01-01,2024-03-02
U0319,2024-01-17,2024-01-01,2024-03-08
U0319,2024-01-17,2024-01-01,2024-03-11
U0319,2024-01-17,2024-01-01,2024-03-20
U0320,2024-06-20,2024-06-01,2024-06-20
U0320,2024-06-20,2024-06-01,2024-06-24
U0320,2024-06-20,2024-06-01,2024-06-28
U0320,2024-06-20,2024-06-01,2024-07-02
U0320,2024-06-20,2024-06-01,2024-07-06
U0320,2024-06-20,2024-06-01,2024-07-10
U0320,2024-06-20,2024-06-01,2024-07-18
U0320,2024-06-20,2024-06-01,2024-07-22
U0320,2024-06-20,2024-06-01,2024-07-26
U0320,2024-06-20,2024-06-01,2024-08-03
U0321,2024-06-06,2024-06-01,2024-06-06
U0321,2024-06-06,2024-06-01,2024-06-07
U0321,2024-06-06,2024-06-01,2024-06-08
U0321,2024-06-06,2024-06-01,2024-06-09
U0321,2024-06-06,2024-06-01,2024-06-10
U0321,2024-06-06,2024-06-01,2024-06-11
U0321,2024-06-06,2024-06-01,2024-06-12
U0321,2024-06-06,2024-06-01,2024-06-13
U0321,2024-06-06,2024-06-01,2024-06-14
U0321,2024-06-06,2024-06-01,2024-06-15
U0321,2024-06-06,2024-06-01,2024-06-16
U0321,2024-06-06,2024-06-01,2024-06-17
U0321,2024-06-06,2024-06-01,2024-06-18
U0321,2024-06-06,2024-06-01,2024-06-19
U0321,2024-06-06,2024-06-01,2024-06-20
U0321,2024-06-06,2024-06-01,2024-06-22
U0321,2024-06-06,2024-06-01,2024-06-23
U0321,2024-06-06,2024-06-01,2024-06-25
U0321,2024-06-06,2024-06-01,2024-06-26
U0321,2024-06-06,2024-06-01,2024-06-27
U0321,2024-06-06,2024-06-01,2024-06-28
U0321,2024-06-06,2024-06-01,2024-06-30
U0321,2024-06-06,2024-06-01,2024-07-01
U0321,2024-06-06,2024-06-01,2024-07-02
U0321,2024-06-06,2024-06-01,2024-07-03
U0321,2024-06-06,2024-06-01,2024-07-04
U0321,2024-06-06,2024-06-01,2024-07-05
U0321,2024-06-06,2024-06-01,2024-07-08
U0321,2024-06-06,2024-06-01,2024-07-09
U0321,2024-06-06,2024-06-01,2024-07-10
U0322,2024-02-15,2024-02-01,2024-02-15
U0322,2024-02-15,2024-02-01,2024-02-18
U0322,2024-02-15,2024-02-01,2024-02-21
U0322,2024-02-15,2024-02-01,2024-02-24
U0322,2024-02-15,2024-02-01,2024-02-27
U0322,2024-02-15,2024-02-01,2024-03-01
U0322,2024-02-15,2024-02-01,2024-03-04
U0322,2024-02-15,2024-02-01,2024-03-07
U0322,2024-02-15,2024-02-01,2024-03-13
U0322,2024-02-15,2024-02-01,2024-03-16
U0322,2024-02-15,2024-02-01,2024-03-19
U0322,2024-02-15,2024-02-01,2024-03-22
U0322,2024-02-15,2024-02-01,2024-03-25
U0322,2024-02-15,2024-02-01,2024-03-28
U0322,2024-02-15,2024-02-01,2024-04-03
U0322,2024-02-15,2024-02-01,2024-04-09
U0322,2024-02-15,2024-02-01,2024-04-12
U0322,2024-02-15,2024-02-01,2024-04-15
U0323,2024-04-26,2024-04-01,2024-04-26
U0323,2024-04-26,2024-04-01,2024-04-29
U0323,2024-04-26,2024-04-01,2024-05-02
U0323,2024-04-26,2024-04-01,2024-05-05
U0323,2024-04-26,2024-04-01,2024-05-08
U0323,2024-04-26,2024-04-01,2024-05-11
U0323,2024-04-26,2024-04-01,2024-05-14
U0324,2024-01-06,2024-01-01,2024-01-06
U0324,2024-01-06,2024-01-01,2024-01-07
U0324,2024-01-06,2024-01-01,2024-01-08
U0324,2024-01-06,2024-01-01,2024-01-09
U0324,2024-01-06,2024-01-01,2024-01-10
U0324,2024-01-06,2024-01-01,2024-01-12
U0324,2024-01-06,2024-01-01,2024-01-13
U0324,2024-01-06,2024-01-01,2024-01-15
U0324,2024-01-06,2024-01-01,2024-01-16
U0324,2024-01-06,2024-01-01,2024-01-17
U0324,2024-01-06,2024-01-01,2024-01-18
U0324,2024-01-06,2024-01-01,2024-01-19
U0324,2024-01-06,2024-01-01,2024-01-20
U0324,2024-01-06,2024-01-01,2024-01-21
U0324,2024-01-06,2024-01-01,2024-01-22
U0324,2024-01-06,2024-01-01,2024-01-23
U0324,2024-01-06,2024-01-01,2024-01-25
U0324,2024-01-06,2024-01-01,2024-01-26
U0324,2024-01-06,2024-01-01,2024-01-27
U0324,2024-01-06,2024-01-01,2024-01-28
U0324,2024-01-06,2024-01-01,2024-01-29
U0324,2024-01-06,2024-01-01,2024-02-01
U0324,2024-01-06,2024-01-01,2024-02-02
U0324,2024-01-06,2024-01-01,2024-02-03
U0324,2024-01-06,2024-01-01,2024-02-04
U0324,2024-01-06,2024-01-01,2024-02-07
U0325,2024-04-08,2024-04-01,2024-04-08
U0325,2024-04-08,2024-04-01,2024-04-12
U0325,2024-04-08,2024-04-01,2024-04-16
U0325,2024-04-08,2024-04-01,2024-05-02
U0325,2024-04-08,2024-04-01,2024-05-06
U0326,2024-05-03,2024-05-01,2024-05-03
U0326,2024-05-03,2024-05-01,2024-05-04
U0326,2024-05-03,2024-05-01,2024-05-05
U0326,2024-05-03,2024-05-01,2024-05-06
U0326,2024-05-03,2024-05-01,2024-05-07
U0326,2024-05-03,2024-05-01,2024-05-09
U0326,2024-05-03,2024-05-01,2024-05-10
U0326,2024-05-03,2024-05-01,2024-05-11
U0326,2024-05-03,2024-05-01,2024-05-12
U0326,2024-05-03,2024-05-01,2024-05-13
U0326,2024-05-03,2024-05-01,2024-05-14
U0326,2024-05-03,2024-05-01,2024-05-15
U0326,2024-05-03,2024-05-01,2024-05-17
U0326,2024-05-03,2024-05-01,2024-05-18
U0326,2024-05-03,2024-05-01,2024-05-19
U0326,2024-05-03,2024-05-01,2024-05-20
U0326,2024-05-03,2024-05-01,2024-05-21
U0326,2024-05-03,2024-05-01,2024-05-22
U0326,2024-05-03,2024-05-01,2024-05-23
U0326,2024-05-03,2024-05-01,2024-05-24
U0326,2024-05-03,2024-05-01,2024-05-25
U0326,2024-05-03,2024-05-01,2024-05-26
U0326,2024-05-03,2024-05-01,2024-05-27
U0326,2024-05-03,2024-05-01,2024-05-28
U0326,2024-05-03,2024-05-01,2024-05-29
U0326,2024-05-03,2024-05-01,2024-05-31
U0326,2024-05-03,2024-05-01,2024-06-01
U0327,2024-02-06,2024-02-01,2024-02-06
U0327,2024-02-06,2024-02-01,2024-02-07
U0327,2024-02-06,2024-02-01,2024-02-08
U0327,2024-02-06,2024-02-01,2024-02-09
U0327,2024-02-06,2024-02-01,2024-02-10
U0327,2024-02-06,2024-02-01,2024-02-11
U0327,2024-02-06,2024-02-01,2024-02-12
U0327,2024-02-06,2024-02-01,2024-02-13
U0327,2024-02-06,2024-02-01,2024-02-14
U0327,2024-02-06,2024-02-01,2024-02-15
U0327,2024-02-06,2024-02-01,2024-02-16
U0327,2024-02-06,2024-02-01,2024-02-17
U0327,2024-02-06,2024-02-01,2024-02-18
U0327,2024-02-06,2024-02-01,2024-02-19
U0327,2024-02-06,2024-02-01,2024-02-20
U0327,2024-02-06,2024-02-01,2024-02-21
U0327,2024-02-06,2024-02-01,2024-02-22
U0327,2024-02-06,2024-02-01,2024-02-23
U0327,2024-02-06,2024-02-01,2024-02-25
U0327,2024-02-06,2024-02-01,2024-02-26
U0328,2024-01-24,2024-01-01,2024-01-24
U0328,2024-01-24,2024-01-01,2024-01-28
U0328,2024-01-24,2024-01-01,2024-02-01
U0328,2024-01-24,2024-01-01,2024-02-05
U0328,2024-01-24,2024-01-01,2024-02-13
U0328,2024-01-24,2024-01-01,2024-02-17
U0328,2024-01-24,2024-01-01,2024-02-21
U0328,2024-01-24,2024-01-01,2024-02-25
U0328,2024-01-24,2024-01-01,2024-03-12
U0328,2024-01-24,2024-01-01,2024-03-16
U0328,2024-01-24,2024-01-01,2024-03-20
U0328,2024-01-24,2024-01-01,2024-03-24
U0328,2024-01-24,2024-01-01,2024-04-01
U0328,2024-01-24,2024-01-01,2024-04-05
U0329,2024-04-02,2024-04-01,2024-04-02
U0329,2024-04-02,2024-04-01,2024-04-06
U0329,2024-04-02,2024-04-01,2024-04-10
U0329,2024-04-02,2024-04-01,2024-04-14
U0329,2024-04-02,2024-04-01,2024-04-22
U0329,2024-04-02,2024-04-01,2024-04-26
U0329,2024-04-02,2024-04-01,2024-04-30
U0329,2024-04-02,2024-04-01,2024-05-04
U0329,2024-04-02,2024-04-01,2024-05-24
U0329,2024-04-02,2024-04-01,2024-06-05
U0330,2024-02-15,2024-02-01,2024-02-15
U0330,2024-02-15,2024-02-01,2024-02-17
U0330,2024-02-15,2024-02-01,2024-02-19
U0330,2024-02-15,2024-02-01,2024-02-21
U0330,2024-02-15,2024-02-01,2024-02-23
U0330,2024-02-15,2024-02-01,2024-02-25
U0330,2024-02-15,2024-02-01,2024-02-27
U0330,2024-02-15,2024-02-01,2024-03-02
U0330,2024-02-15,2024-02-01,2024-03-04
U0330,2024-02-15,2024-02-01,2024-03-06
U0330,2024-02-15,2024-02-01,2024-03-08
U0330,2024-02-15,2024-02-01,2024-03-10
U0330,2024-02-15,2024-02-01,2024-03-12
U0330,2024-02-15,2024-02-01,2024-03-14
U0330,2024-02-15,2024-02-01,2024-03-16
U0330,2024-02-15,2024-02-01,2024-03-22
U0330,2024-02-15,2024-02-01,2024-03-24
U0330,2024-02-15,2024-02-01,2024-03-30
U0330,2024-02-15,2024-02-01,2024-04-03
U0330,2024-02-15,2024-02-01,2024-04-05
U0330,2024-02-15,2024-02-01,2024-04-07
U0330,2024-02-15,2024-02-01,2024-04-15
U0331,2024-06-29,2024-06-01,2024-06-29
U0331,2024-06-29,2024-06-01,2024-06-30
U0331,2024-06-29,2024-06-01,2024-07-01
U0331,2024-06-29,2024-06-01,2024-07-02
U0331,2024-06-29,2024-06-01,2024-07-03
U0331,2024-06-29,2024-06-01,2024-07-04
U0331,2024-06-29,2024-06-01,2024-07-05
U0331,2024-06-29,2024-06-01,2024-07-06
U0331,2024-06-29,2024-06-01,2024-07-08
U0331,2024-06-29,2024-06-01,2024-07-09
U0331,2024-06-29,2024-06-01,2024-07-10
U0331,2024-06-29,2024-06-01,2024-07-11
U0331,2024-06-29,2024-06-01,2024-07-13
U0331,2024-06-29,2024-06-01,2024-07-14
U0331,2024-06-29,2024-06-01,2024-07-15
U0331,2024-06-29,2024-06-01,2024-07-17
U0331,2024-06-29,2024-06-01,2024-07-18
U0331,2024-06-29,2024-06-01,2024-07-20
U0331,2024-06-29,2024-06-01,2024-07-21
U0331,2024-06-29,2024-06-01,2024-07-26
U0331,2024-06-29,2024-06-01,2024-07-28
U0331,2024-06-29,2024-06-01,2024-08-03
U0331,2024-06-29,2024-06-01,2024-08-05
U0331,2024-06-29,2024-06-01,2024-08-06
U0331,2024-06-29,2024-06-01,2024-08-07
U0331,2024-06-29,2024-06-01,2024-08-08
U0331,2024-06-29,2024-06-01,2024-08-11
U0332,2024-04-04,2024-04-01,2024-04-04
U0332,2024-04-04,2024-04-01,2024-04-06
U0332,2024-04-04,2024-04-01,2024-04-08
U0332,2024-04-04,2024-04-01,2024-04-10
U0332,2024-04-04,2024-04-01,2024-04-12
U0332,2024-04-04,2024-04-01,2024-04-16
U0332,2024-04-04,2024-04-01,2024-04-18
U0332,2024-04-04,2024-04-01,2024-04-20
U0332,2024-04-04,2024-04-01,2024-04-22
U0332,2024-04-04,2024-04-01,2024-04-24
U0332,2024-04-04,2024-04-01,2024-04-26
U0332,2024-04-04,2024-04-01,2024-04-28
U0332,2024-04-04,2024-04-01,2024-04-30
U0332,2024-04-04,2024-04-01,2024-05-02
U0332,2024-04-04,2024-04-01,2024-05-08
U0332,2024-04-04,2024-04-01,2024-05-10
U0332,2024-04-04,2024-04-01,2024-05-12
U0332,2024-04-04,2024-04-01,2024-05-14
U0332,2024-04-04,2024-04-01,2024-05-18
U0332,2024-04-04,2024-04-01,2024-05-20
U0332,2024-04-04,2024-04-01,2024-05-24
U0332,2024-04-04,2024-04-01,2024-05-28
U0333,2024-04-08,2024-04-01,2024-04-08
U0333,2024-04-08,2024-04-01,2024-04-10
U0333,2024-04-08,2024-04-01,2024-04-12
U0333,2024-04-08,2024-04-01,2024-04-14
U0333,2024-04-08,2024-04-01,2024-04-16
U0333,2024-04-08,2024-04-01,2024-04-18
U0334,2024-04-25,2024-04-01,2024-04-25
U0334,2024-04-25,2024-04-01,2024-04-26
U0334,2024-04-25,2024-04-01,2024-04-27
U0334,2024-04-25,2024-04-01,2024-04-28
U0334,2024-04-25,2024-04-01,2024-04-29
U0334,2024-04-25,2024-04-01,2024-04-30
U0334,2024-04-25,2024-04-01,2024-05-01
U0334,2024-04-25,2024-04-01,2024-05-02
U0334,2024-04-25,2024-04-01,2024-05-03
U0334,2024-04-25,2024-04-01,2024-05-04
U0334,2024-04-25,2024-04-01,2024-05-05
U0334,2024-04-25,2024-04-01,2024-05-07
U0334,2024-04-25,2024-04-01,2024-05-11
U0334,2024-04-25,2024-04-01,2024-05-12
U0334,2024-04-25,2024-04-01,2024-05-13
U0334,2024-04-25,2024-04-01,2024-05-14
U0334,2024-04-25,2024-04-01,2024-05-15
U0334,2024-04-25,2024-04-01,2024-05-16
U0334,2024-04-25,2024-04-01,2024-05-17
U0334,2024-04-25,2024-04-01,2024-05-18
U0334,2024-04-25,2024-04-01,2024-05-20
U0334,2024-04-25,2024-04-01,2024-05-21
U0334,2024-04-25,2024-04-01,2024-05-23
U0334,2024-04-25,2024-04-01,2024-05-24
U0334,2024-04-25,2024-04-01,2024-05-26
U0334,2024-04-25,2024-04-01,2024-05-27
U0334,2024-04-25,2024-04-01,2024-05-28
U0334,2024-04-25,2024-04-01,2024-05-29
U0334,2024-04-25,2024-04-01,2024-05-31
U0334,2024-04-25,2024-04-01,2024-06-01
U0334,2024-04-25,2024-04-01,2024-06-02
U0334,2024-04-25,2024-04-01,2024-06-04
U0334,2024-04-25,2024-04-01,2024-06-06
U0334,2024-04-25,2024-04-01,2024-06-10
U0334,2024-04-25,2024-04-01,2024-06-12
U0334,2024-04-25,2024-04-01,2024-06-17
U0334,2024-04-25,2024-04-01,2024-06-23
U0334,2024-04-25,2024-04-01,2024-06-27
U0334,2024-04-25,2024-04-01,2024-06-28
U0334,2024-04-25,2024-04-01,2024-06-29
U0334,2024-04-25,2024-04-01,2024-07-02
U0334,2024-04-25,2024-04-01,2024-07-08
U0335,2024-06-08,2024-06-01,2024-06-08
U0335,2024-06-08,2024-06-01,2024-06-11
U0335,2024-06-08,2024-06-01,2024-06-14
U0335,2024-06-08,2024-06-01,2024-06-17
U0335,2024-06-08,2024-06-01,2024-06-20
U0335,2024-06-08,2024-06-01,2024-06-23
U0335,2024-06-08,2024-06-01,2024-06-26
U0335,2024-06-08,2024-06-01,2024-06-29
U0335,2024-06-08,2024-06-01,2024-07-02
U0335,2024-06-08,2024-06-01,2024-07-05
U0335,2024-06-08,2024-06-01,2024-07-08
U0335,2024-06-08,2024-06-01,2024-07-14
U0335,2024-06-08,2024-06-01,2024-07-17
U0335,2024-06-08,2024-06-01,2024-07-20
U0335,2024-06-08,2024-06-01,2024-07-23
U0336,2024-06-09,2024-06-01,2024-06-09
U0336,2024-06-09,2024-06-01,2024-06-10
U0336,2024-06-09,2024-06-01,2024-06-11
U0336,2024-06-09,2024-06-01,2024-06-12
U0336,2024-06-09,2024-06-01,2024-06-13
U0336,2024-06-09,2024-06-01,2024-06-14
U0336,2024-06-09,2024-06-01,2024-06-15
U0336,2024-06-09,2024-06-01,2024-06-16
U0336,2024-06-09,2024-06-01,2024-06-17
U0336,2024-06-09,2024-06-01,2024-06-19
U0336,2024-06-09,2024-06-01,2024-06-20
U0336,2024-06-09,2024-06-01,2024-06-22
U0336,2024-06-09,2024-06-01,2024-06-23
U0336,2024-06-09,2024-06-01,2024-06-24
U0336,2024-06-09,2024-06-01,2024-06-25
U0336,2024-06-09,2024-06-01,2024-06-26
U0336,2024-06-09,2024-06-01,2024-06-29
U0336,2024-06-09,2024-06-01,2024-07-01
U0336,2024-06-09,2024-06-01,2024-07-02
U0336,2024-06-09,2024-06-01,2024-07-04
U0336,2024-06-09,2024-06-01,2024-07-08
U0336,2024-06-09,2024-06-01,2024-07-09
U0336,2024-06-09,2024-06-01,2024-07-10
U0336,2024-06-09,2024-06-01,2024-07-11
U0336,2024-06-09,2024-06-01,2024-07-15
U0336,2024-06-09,2024-06-01,2024-07-16
U0336,2024-06-09,2024-06-01,2024-07-18
U0336,2024-06-09,2024-06-01,2024-07-22
U0337,2024-03-07,2024-03-01,2024-03-07
U0337,2024-03-07,2024-03-01,2024-03-08
U0337,2024-03-07,2024-03-01,2024-03-09
U0337,2024-03-07,2024-03-01,2024-03-10
U0337,2024-03-07,2024-03-01,2024-03-11
U0337,2024-03-07,2024-03-01,2024-03-12
U0337,2024-03-07,2024-03-01,2024-03-13
U0337,2024-03-07,2024-03-01,2024-03-14
U0337,2024-03-07,2024-03-01,2024-03-16
U0337,2024-03-07,2024-03-01,2024-03-17
U0337,2024-03-07,2024-03-01,2024-03-18
U0337,2024-03-07,2024-03-01,2024-03-19
U0337,2024-03-07,2024-03-01,2024-03-21
U0337,2024-03-07,2024-03-01,2024-03-22
U0337,2024-03-07,2024-03-01,2024-03-23
U0337,2024-03-07,2024-03-01,2024-03-24
U0337,2024-03-07,2024-03-01,2024-03-26
U0337,2024-03-07,2024-03-01,2024-03-27
U0337,2024-03-07,2024-03-01,2024-03-29
U0337,2024-03-07,2024-03-01,2024-03-30
U0337,2024-03-07,2024-03-01,2024-03-31
U0337,2024-03-07,2024-03-01,2024-04-01
U0337,2024-03-07,2024-03-01,2024-04-02
U0337,2024-03-07,2024-03-01,2024-04-04
U0337,2024-03-07,2024-03-01,2024-04-08
U0337,2024-03-07,2024-03-01,2024-04-09
U0337,2024-03-07,2024-03-01,2024-04-10
U0337,2024-03-07,2024-03-01,2024-04-12
U0337,2024-03-07,2024-03-01,2024-04-13
U0337,2024-03-07,2024-03-01,2024-04-14
U0337,2024-03-07,2024-03-01,2024-04-15
U0337,2024-03-07,2024-03-01,2024-04-16
U0337,2024-03-07,2024-03-01,2024-04-18
U0337,2024-03-07,2024-03-01,2024-04-19
U0337,2024-03-07,2024-03-01,2024-04-20
U0337,2024-03-07,2024-03-01,2024-04-23
U0337,2024-03-07,2024-03-01,2024-04-25
U0337,2024-03-07,2024-03-01,2024-04-27
U0337,2024-03-07,2024-03-01,2024-05-01
U0337,2024-03-07,2024-03-01,2024-05-02
U0337,2024-03-07,2024-03-01,2024-05-04
U0337,2024-03-07,2024-03-01,2024-05-08
U0337,2024-03-07,2024-03-01,2024-05-12
U0337,2024-03-07,2024-03-01,2024-05-13
U0337,2024-03-07,2024-03-01,2024-05-15
U0338,2024-05-07,2024-05-01,2024-05-07
U0338,2024-05-07,2024-05-01,2024-05-11
U0338,2024-05-07,2024-05-01,2024-05-15
U0338,2024-05-07,2024-05-01,2024-05-23
U0338,2024-05-07,2024-05-01,2024-05-27
U0338,2024-05-07,2024-05-01,2024-05-31
U0338,2024-05-07,2024-05-01,2024-06-08
U0338,2024-05-07,2024-05-01,2024-06-12
U0338,2024-05-07,2024-05-01,2024-06-16
U0338,2024-05-07,2024-05-01,2024-06-20
U0338,2024-05-07,2024-05-01,2024-06-24
U0339,2024-01-18,2024-01-01,2024-01-18
U0339,2024-01-18,2024-01-01,2024-01-21
U0339,2024-01-18,2024-01-01,2024-01-27
U0339,2024-01-18,2024-01-01,2024-02-05
U0339,2024-01-18,2024-01-01,2024-02-08
U0339,2024-01-18,2024-01-01,2024-02-11
U0339,2024-01-18,2024-01-01,2024-02-14
U0339,2024-01-18,2024-01-01,2024-02-17
U0339,2024-01-18,2024-01-01,2024-02-20
U0339,2024-01-18,2024-01-01,2024-03-06
U0339,2024-01-18,2024-01-01,2024-03-09
U0339,2024-01-18,2024-01-01,2024-03-15
U0339,2024-01-18,2024-01-01,2024-03-18
U0339,2024-01-18,2024-01-01,2024-03-21
U0339,2024-01-18,2024-01-01,2024-03-24
U0340,2024-01-25,2024-01-01,2024-01-25
U0340,2024-01-25,2024-01-01,2024-01-27
U0340,2024-01-25,2024-01-01,2024-01-29
U0340,2024-01-25,2024-01-01,2024-01-31
U0340,2024-01-25,2024-01-01,2024-02-02
U0340,2024-01-25,2024-01-01,2024-02-04
U0340,2024-01-25,2024-01-01,2024-02-06
U0340,2024-01-25,2024-01-01,2024-02-08
U0340,2024-01-25,2024-01-01,2024-02-10
U0340,2024-01-25,2024-01-01,2024-02-12
U0340,2024-01-25,2024-01-01,2024-02-14
U0340,2024-01-25,2024-01-01,2024-02-16
U0340,2024-01-25,2024-01-01,2024-02-18
U0340,2024-01-25,2024-01-01,2024-02-20
U0340,2024-01-25,2024-01-01,2024-02-22
U0340,2024-01-25,2024-01-01,2024-02-24
U0340,2024-01-25,2024-01-01,2024-02-26
U0340,2024-01-25,2024-01-01,2024-03-01
U0341,2024-02-23,2024-02-01,2024-02-23
U0341,2024-02-23,2024-02-01,2024-02-25
U0341,2024-02-23,2024-02-01,2024-03-02
U0341,2024-02-23,2024-02-01,2024-03-04
U0341,2024-02-23,2024-02-01,2024-03-06
U0341,2024-02-23,2024-02-01,2024-03-08
U0341,2024-02-23,2024-02-01,2024-03-14
U0341,2024-02-23,2024-02-01,2024-03-16
U0341,2024-02-23,2024-02-01,2024-03-18
U0341,2024-02-23,2024-02-01,2024-03-20
U0341,2024-02-23,2024-02-01,2024-03-26
U0341,2024-02-23,2024-02-01,2024-03-28
U0341,2024-02-23,2024-02-01,2024-03-30
U0341,2024-02-23,2024-02-01,2024-04-01
U0341,2024-02-23,2024-02-01,2024-04-05
U0341,2024-02-23,2024-02-01,2024-04-07
U0341,2024-02-23,2024-02-01,2024-04-13
U0341,2024-02-23,2024-02-01,2024-04-23
U0341,2024-02-23,2024-02-01,2024-04-27
U0341,2024-02-23,2024-02-01,2024-04-29
U0342,2024-02-27,2024-02-01,2024-02-27
U0342,2024-02-27,2024-02-01,2024-02-29
U0342,2024-02-27,2024-02-01,2024-03-02
U0342,2024-02-27,2024-02-01,2024-03-04
U0342,2024-02-27,2024-02-01,2024-03-08
U0342,2024-02-27,2024-02-01,2024-03-12
U0342,2024-02-27,2024-02-01,2024-03-14
U0342,2024-02-27,2024-02-01,2024-03-16
U0342,2024-02-27,2024-02-01,2024-03-18
U0342,2024-02-27,2024-02-01,2024-03-20
U0342,2024-02-27,2024-02-01,2024-03-22
U0342,2024-02-27,2024-02-01,2024-03-24
U0342,2024-02-27,2024-02-01,2024-03-26
U0342,2024-02-27,2024-02-01,2024-03-28
U0342,2024-02-27,2024-02-01,2024-04-01
U0342,2024-02-27,2024-02-01,2024-04-05
U0343,2024-03-07,2024-03-01,2024-03-07
U0343,2024-03-07,2024-03-01,2024-03-10
U0343,2024-03-07,2024-03-01,2024-03-13
U0343,2024-03-07,2024-03-01,2024-03-16
U0343,2024-03-07,2024-03-01,2024-03-22
U0344,2024-04-13,2024-04-01,2024-04-13
U0344,2024-04-13,2024-04-01,2024-04-14
U0344,2024-04-13,2024-04-01,2024-04-15
U0344,2024-04-13,2024-04-01,2024-04-17
U0344,2024-04-13,2024-04-01,2024-04-18
U0344,2024-04-13,2024-04-01,2024-04-19
U0344,2024-04-13,2024-04-01,2024-04-20
U0344,2024-04-13,2024-04-01,2024-04-21
U0344,2024-04-13,2024-04-01,2024-04-22
U0344,2024-04-13,2024-04-01,2024-04-23
U0344,2024-04-13,2024-04-01,2024-04-24
U0344,2024-04-13,2024-04-01,2024-04-27
U0344,2024-04-13,2024-04-01,2024-04-28
U0344,2024-04-13,2024-04-01,2024-04-29
U0344,2024-04-13,2024-04-01,2024-04-30
U0344,2024-04-13,2024-04-01,2024-05-01
U0344,2024-04-13,2024-04-01,2024-05-02
U0344,2024-04-13,2024-04-01,2024-05-05
U0344,2024-04-13,2024-04-01,2024-05-07
U0344,2024-04-13,2024-04-01,2024-05-08
U0344,2024-04-13,2024-04-01,2024-05-10
U0344,2024-04-13,2024-04-01,2024-05-11
U0344,2024-04-13,2024-04-01,2024-05-17
U0344,2024-04-13,2024-04-01,2024-05-18
U0344,2024-04-13,2024-04-01,2024-05-19
U0344,2024-04-13,2024-04-01,2024-05-20
U0344,2024-04-13,2024-04-01,2024-05-21
U0344,2024-04-13,2024-04-01,2024-05-24
U0344,2024-04-13,2024-04-01,2024-05-26
U0344,2024-04-13,2024-04-01,2024-05-27
U0344,2024-04-13,2024-04-01,2024-05-30
U0344,2024-04-13,2024-04-01,2024-05-31
U0344,2024-04-13,2024-04-01,2024-06-02
U0344,2024-04-13,2024-04-01,2024-06-03
U0344,2024-04-13,2024-04-01,2024-06-05
U0344,2024-04-13,2024-04-01,2024-06-06
U0344,2024-04-13,2024-04-01,2024-06-11
U0344,2024-04-13,2024-04-01,2024-06-12
U0344,2024-04-13,2024-04-01,2024-06-13
U0344,2024-04-13,2024-04-01,2024-06-18
U0344,2024-04-13,2024-04-01,2024-06-26
U0344,2024-04-13,2024-04-01,2024-06-27
U0344,2024-04-13,2024-04-01,2024-06-29
U0345,2024-06-22,2024-06-01,2024-06-22
U0345,2024-06-22,2024-06-01,2024-06-26
U0345,2024-06-22,2024-06-01,2024-06-30
U0345,2024-06-22,2024-06-01,2024-07-04
U0345,2024-06-22,2024-06-01,2024-07-08
U0346,2024-01-24,2024-01-01,2024-01-24
U0346,2024-01-24,2024-01-01,2024-01-26
U0346,2024-01-24,2024-01-01,2024-01-28
U0346,2024-01-24,2024-01-01,2024-01-30
U0346,2024-01-24,2024-01-01,2024-02-03
U0346,2024-01-24,2024-01-01,2024-02-05
U0346,2024-01-24,2024-01-01,2024-02-07
U0346,2024-01-24,2024-01-01,2024-02-09
U0346,2024-01-24,2024-01-01,2024-02-11
U0346,2024-01-24,2024-01-01,2024-02-13
U0347,2024-04-23,2024-04-01,2024-04-23
U0347,2024-04-23,2024-04-01,2024-04-27
U0347,2024-04-23,2024-04-01,2024-05-01
U0347,2024-04-23,2024-04-01,2024-05-13
U0347,2024-04-23,2024-04-01,2024-05-17
U0347,2024-04-23,2024-04-01,2024-06-06
U0347,2024-04-23,2024-04-01,2024-06-10
U0348,2024-02-01,2024-02-01,2024-02-01
U0348,2024-02-01,2024-02-01,2024-02-05
U0348,2024-02-01,2024-02-01,2024-02-09
U0348,2024-02-01,2024-02-01,2024-02-13
U0348,2024-02-01,2024-02-01,2024-02-17
U0348,2024-02-01,2024-02-01,2024-02-21
U0348,2024-02-01,2024-02-01,2024-02-25
U0348,2024-02-01,2024-02-01,2024-03-08
U0348,2024-02-01,2024-02-01,2024-03-16
U0348,2024-02-01,2024-02-01,2024-03-24
U0349,2024-06-23,2024-06-01,2024-06-23
U0349,2024-06-23,2024-06-01,2024-06-25
U0349,2024-06-23,2024-06-01,2024-06-27
U0349,2024-06-23,2024-06-01,2024-06-29
U0349,2024-06-23,2024-06-01,2024-07-01
U0349,2024-06-23,2024-06-01,2024-07-05
U0349,2024-06-23,2024-06-01,2024-07-07
U0349,2024-06-23,2024-06-01,2024-07-09
U0350,2024-03-26,2024-03-01,2024-03-26
U0350,2024-03-26,2024-03-01,2024-03-30
U0350,2024-03-26,2024-03-01,2024-04-03
U0350,2024-03-26,2024-03-01,2024-04-07
U0350,2024-03-26,2024-03-01,2024-04-15
U0350,2024-03-26,2024-03-01,2024-04-19
U0350,2024-03-26,2024-03-01,2024-04-23
U0350,2024-03-26,2024-03-01,2024-04-27
U0350,2024-03-26,2024-03-01,2024-05-01
U0350,2024-03-26,2024-03-01,2024-05-05
U0350,2024-03-26,2024-03-01,2024-05-09
U0351,2024-05-30,2024-05-01,2024-05-30
U0351,2024-05-30,2024-05-01,2024-06-03
U0351,2024-05-30,2024-05-01,2024-06-07
U0351,2024-05-30,2024-05-01,2024-06-11
U0351,2024-05-30,2024-05-01,2024-06-19
U0351,2024-05-30,2024-05-01,2024-06-23
U0351,2024-05-30,2024-05-01,2024-07-05
U0351,2024-05-30,2024-05-01,2024-07-13
U0352,2024-05-06,2024-05-01,2024-05-06
U0352,2024-05-06,2024-05-01,2024-05-10
U0352,2024-05-06,2024-05-01,2024-05-18
U0352,2024-05-06,2024-05-01,2024-05-22
U0352,2024-05-06,2024-05-01,2024-05-26
U0352,2024-05-06,2024-05-01,2024-06-03
U0352,2024-05-06,2024-05-01,2024-06-07
U0352,2024-05-06,2024-05-01,2024-06-11
U0353,2024-06-03,2024-06-01,2024-06-03
U0353,2024-06-03,2024-06-01,2024-06-04
U0353,2024-06-03,2024-06-01,2024-06-05
U0353,2024-06-03,2024-06-01,2024-06-06
U0353,2024-06-03,2024-06-01,2024-06-07
U0353,2024-06-03,2024-06-01,2024-06-08
U0353,2024-06-03,2024-06-01,2024-06-10
U0353,2024-06-03,2024-06-01,2024-06-11
U0353,2024-06-03,2024-06-01,2024-06-12
U0353,2024-06-03,2024-06-01,2024-06-13
U0353,2024-06-03,2024-06-01,2024-06-14
U0353,2024-06-03,2024-06-01,2024-06-15
U0353,2024-06-03,2024-06-01,2024-06-16
U0353,2024-06-03,2024-06-01,2024-06-17
U0353,2024-06-03,2024-06-01,2024-06-18
U0353,2024-06-03,2024-06-01,2024-06-19
U0353,2024-06-03,2024-06-01,2024-06-20
U0353,2024-06-03,2024-06-01,2024-06-22
U0353,2024-06-03,2024-06-01,2024-06-25
U0353,2024-06-03,2024-06-01,2024-06-30
U0353,2024-06-03,2024-06-01,2024-07-02
U0353,2024-06-03,2024-06-01,2024-07-03
U0353,2024-06-03,2024-06-01,2024-07-04
U0353,2024-06-03,2024-06-01,2024-07-05
U0353,2024-06-03,2024-06-01,2024-07-06
U0353,2024-06-03,2024-06-01,2024-07-09
U0353,2024-06-03,2024-06-01,2024-07-12
U0353,2024-06-03,2024-06-01,2024-07-13
U0353,2024-06-03,2024-06-01,2024-07-19
U0353,2024-06-03,2024-06-01,2024-07-21
U0353,2024-06-03,2024-06-01,2024-07-31
U0354,2024-05-09,2024-05-01,2024-05-09
U0354,2024-05-09,2024-05-01,2024-05-11
U0354,2024-05-09,2024-05-01,2024-05-13
U0354,2024-05-09,2024-05-01,2024-05-15
U0354,2024-05-09,2024-05-01,2024-05-17
U0354,2024-05-09,2024-05-01,2024-05-19
U0354,2024-05-09,2024-05-01,2024-05-25
U0354,2024-05-09,2024-05-01,2024-05-27
U0354,2024-05-09,2024-05-01,2024-06-04
U0354,2024-05-09,2024-05-01,2024-06-08
U0354,2024-05-09,2024-05-01,2024-06-14
U0355,2024-01-17,2024-01-01,2024-01-17
U0355,2024-01-17,2024-01-01,2024-01-19
U0355,2024-01-17,2024-01-01,2024-01-21
U0355,2024-01-17,2024-01-01,2024-01-23
U0355,2024-01-17,2024-01-01,2024-01-25
U0355,2024-01-17,2024-01-01,2024-01-27
U0355,2024-01-17,2024-01-01,2024-01-29
U0355,2024-01-17,2024-01-01,2024-01-31
U0355,2024-01-17,2024-01-01,2024-02-02
U0355,2024-01-17,2024-01-01,2024-02-04
U0355,2024-01-17,2024-01-01,2024-02-06
U0356,2024-04-13,2024-04-01,2024-04-13
U0356,2024-04-13,2024-04-01,2024-04-17
U0356,2024-04-13,2024-04-01,2024-04-21
U0356,2024-04-13,2024-04-01,2024-04-25
U0356,2024-04-13,2024-04-01,2024-04-29
U0356,2024-04-13,2024-04-01,2024-05-03
U0356,2024-04-13,2024-04-01,2024-05-15
U0356,2024-04-13,2024-04-01,2024-05-19
U0356,2024-04-13,2024-04-01,2024-05-27
U0356,2024-04-13,2024-04-01,2024-06-04
U0356,2024-04-13,2024-04-01,2024-06-12
U0356,2024-04-13,2024-04-01,2024-06-20
U0356,2024-04-13,2024-04-01,2024-06-28
U0357,2024-06-09,2024-06-01,2024-06-09
U0357,2024-06-09,2024-06-01,2024-06-13
U0357,2024-06-09,2024-06-01,2024-06-17
U0357,2024-06-09,2024-06-01,2024-06-21
U0357,2024-06-09,2024-06-01,2024-06-25
U0357,2024-06-09,2024-06-01,2024-06-29
U0358,2024-05-16,2024-05-01,2024-05-16
U0358,2024-05-16,2024-05-01,2024-05-20
U0358,2024-05-16,2024-05-01,2024-05-24
U0358,2024-05-16,2024-05-01,2024-05-28
U0358,2024-05-16,2024-05-01,2024-06-01
U0358,2024-05-16,2024-05-01,2024-06-09
U0358,2024-05-16,2024-05-01,2024-06-13
U0359,2024-02-12,2024-02-01,2024-02-12
U0359,2024-02-12,2024-02-01,2024-02-13
U0359,2024-02-12,2024-02-01,2024-02-14
U0359,2024-02-12,2024-02-01,2024-02-15
U0359,2024-02-12,2024-02-01,2024-02-16
U0359,2024-02-12,2024-02-01,2024-02-17
U0359,2024-02-12,2024-02-01,2024-02-19
U0359,2024-02-12,2024-02-01,2024-02-20
U0359,2024-02-12,2024-02-01,2024-02-21
U0359,2024-02-12,2024-02-01,2024-02-22
U0359,2024-02-12,2024-02-01,2024-02-23
U0359,2024-02-12,2024-02-01,2024-02-24
U0359,2024-02-12,2024-02-01,2024-02-25
U0359,2024-02-12,2024-02-01,2024-02-27
U0359,2024-02-12,2024-02-01,2024-02-29
U0359,2024-02-12,2024-02-01,2024-03-01
U0359,2024-02-12,2024-02-01,2024-03-02
U0359,2024-02-12,2024-02-01,2024-03-03
U0359,2024-02-12,2024-02-01,2024-03-05
U0359,2024-02-12,2024-02-01,2024-03-06
U0359,2024-02-12,2024-02-01,2024-03-07
U0359,2024-02-12,2024-02-01,2024-03-08
U0359,2024-02-12,2024-02-01,2024-03-09
U0359,2024-02-12,2024-02-01,2024-03-11
U0359,2024-02-12,2024-02-01,2024-03-14
U0359,2024-02-12,2024-02-01,2024-03-15
U0359,2024-02-12,2024-02-01,2024-03-16
U0359,2024-02-12,2024-02-01,2024-03-18
U0359,2024-02-12,2024-02-01,2024-03-21
U0359,2024-02-12,2024-02-01,2024-03-23
U0360,2024-06-24,2024-06-01,2024-06-24
U0360,2024-06-24,2024-06-01,2024-06-26
U0360,2024-06-24,2024-06-01,2024-06-28
U0360,2024-06-24,2024-06-01,2024-07-02
U0360,2024-06-24,2024-06-01,2024-07-04
U0360,2024-06-24,2024-06-01,2024-07-06
U0360,2024-06-24,2024-06-01,2024-07-08
U0360,2024-06-24,2024-06-01,2024-07-10
U0360,2024-06-24,2024-06-01,2024-07-12
U0360,2024-06-24,2024-06-01,2024-07-14
U0360,2024-06-24,2024-06-01,2024-07-16
U0360,2024-06-24,2024-06-01,2024-07-18
U0360,2024-06-24,2024-06-01,2024-07-20
U0360,2024-06-24,2024-06-01,2024-07-24
U0360,2024-06-24,2024-06-01,2024-07-26
U0360,2024-06-24,2024-06-01,2024-07-28
U0360,2024-06-24,2024-06-01,2024-08-03
U0360,2024-06-24,2024-06-01,2024-08-05
U0361,2024-02-08,2024-02-01,2024-02-08
U0361,2024-02-08,2024-02-01,2024-02-12
U0361,2024-02-08,2024-02-01,2024-02-16
U0361,2024-02-08,2024-02-01,2024-02-20
U0361,2024-02-08,2024-02-01,2024-02-24
U0362,2024-06-18,2024-06-01,2024-06-18
U0362,2024-06-18,2024-06-01,2024-06-20
U0362,2024-06-18,2024-06-01,2024-06-22
U0362,2024-06-18,2024-06-01,2024-06-24
U0362,2024-06-18,2024-06-01,2024-06-28
U0362,2024-06-18,2024-06-01,2024-06-30
U0362,2024-06-18,2024-06-01,2024-07-02
U0363,2024-01-26,2024-01-01,2024-01-26
U0363,2024-01-26,2024-01-01,2024-01-27
U0363,2024-01-26,2024-01-01,2024-01-28
U0363,2024-01-26,2024-01-01,2024-01-29
U0363,2024-01-26,2024-01-01,2024-01-30
U0363,2024-01-26,2024-01-01,2024-01-31
U0363,2024-01-26,2024-01-01,2024-02-01
U0363,2024-01-26,2024-01-01,2024-02-02
U0363,2024-01-26,2024-01-01,2024-02-03
U0363,2024-01-26,2024-01-01,2024-02-04
U0363,2024-01-26,2024-01-01,2024-02-05
U0363,2024-01-26,2024-01-01,2024-02-06
U0363,2024-01-26,2024-01-01,2024-02-07
U0363,2024-01-26,2024-01-01,2024-02-09
U0363,2024-01-26,2024-01-01,2024-02-10
U0363,2024-01-26,2024-01-01,2024-02-11
U0363,2024-01-26,2024-01-01,2024-02-12
U0363,2024-01-26,2024-01-01,2024-02-13
U0363,2024-01-26,2024-01-01,2024-02-15
U0363,2024-01-26,2024-01-01,2024-02-16
U0363,2024-01-26,2024-01-01,2024-02-17
U0363,2024-01-26,2024-01-01,2024-02-19
U0363,2024-01-26,2024-01-01,2024-02-20
U0363,2024-01-26,2024-01-01,2024-02-24
U0363,2024-01-26,2024-01-01,2024-02-25
U0363,2024-01-26,2024-01-01,2024-02-26
U0363,2024-01-26,2024-01-01,2024-02-28
U0363,2024-01-26,2024-01-01,2024-03-02
U0363,2024-01-26,2024-01-01,2024-03-03
U0363,2024-01-26,2024-01-01,2024-03-04
U0363,2024-01-26,2024-01-01,2024-03-08
U0363,2024-01-26,2024-01-01,2024-03-11
U0363,2024-01-26,2024-01-01,2024-03-14
U0363,2024-01-26,2024-01-01,2024-03-15
U0363,2024-01-26,2024-01-01,2024-03-17
U0363,2024-01-26,2024-01-01,2024-03-22
U0363,2024-01-26,2024-01-01,2024-03-23
U0363,2024-01-26,2024-01-01,2024-03-25
U0364,2024-04-08,2024-04-01,2024-04-08
U0364,2024-04-08,2024-04-01,2024-04-09
U0364,2024-04-08,2024-04-01,2024-04-10
U0364,2024-04-08,2024-04-01,2024-04-11
U0364,2024-04-08,2024-04-01,2024-04-12
U0364,2024-04-08,2024-04-01,2024-04-13
U0364,2024-04-08,2024-04-01,2024-04-15
U0364,2024-04-08,2024-04-01,2024-04-17
U0364,2024-04-08,2024-04-01,2024-04-18
U0364,2024-04-08,2024-04-01,2024-04-19
U0364,2024-04-08,2024-04-01,2024-04-21
U0364,2024-04-08,2024-04-01,2024-04-22
U0364,2024-04-08,2024-04-01,2024-04-24
U0364,2024-04-08,2024-04-01,2024-04-25
U0364,2024-04-08,2024-04-01,2024-04-27
U0364,2024-04-08,2024-04-01,2024-04-28
U0364,2024-04-08,2024-04-01,2024-04-30
U0364,2024-04-08,2024-04-01,2024-05-01
U0364,2024-04-08,2024-04-01,2024-05-03
U0364,2024-04-08,2024-04-01,2024-05-06
U0364,2024-04-08,2024-04-01,2024-05-07
U0364,2024-04-08,2024-04-01,2024-05-08
U0364,2024-04-08,2024-04-01,2024-05-09
U0364,2024-04-08,2024-04-01,2024-05-12
U0364,2024-04-08,2024-04-01,2024-05-13
U0364,2024-04-08,2024-04-01,2024-05-14
U0364,2024-04-08,2024-04-01,2024-05-16
U0364,2024-04-08,2024-04-01,2024-05-17
U0364,2024-04-08,2024-04-01,2024-05-19
U0364,2024-04-08,2024-04-01,2024-05-20
U0364,2024-04-08,2024-04-01,2024-05-22
U0364,2024-04-08,2024-04-01,2024-05-24
U0364,2024-04-08,2024-04-01,2024-05-25
U0364,2024-04-08,2024-04-01,2024-05-26
U0365,2024-02-19,2024-02-01,2024-02-19
U0365,2024-02-19,2024-02-01,2024-02-23
U0365,2024-02-19,2024-02-01,2024-02-27
U0365,2024-02-19,2024-02-01,2024-03-02
U0365,2024-02-19,2024-02-01,2024-03-06
U0365,2024-02-19,2024-02-01,2024-03-10
U0365,2024-02-19,2024-02-01,2024-03-14
U0365,2024-02-19,2024-02-01,2024-03-18
U0365,2024-02-19,2024-02-01,2024-03-30
U0365,2024-02-19,2024-02-01,2024-04-03
U0365,2024-02-19,2024-02-01,2024-04-07
U0365,2024-02-19,2024-02-01,2024-04-15
U0365,2024-02-19,2024-02-01,2024-04-27
U0365,2024-02-19,2024-02-01,2024-05-05
U0366,2024-06-01,2024-06-01,2024-06-01
U0366,2024-06-01,2024-06-01,2024-06-04
U0366,2024-06-01,2024-06-01,2024-06-07
U0366,2024-06-01,2024-06-01,2024-06-10
U0366,2024-06-01,2024-06-01,2024-06-13
U0366,2024-06-01,2024-06-01,2024-06-16
U0366,2024-06-01,2024-06-01,2024-06-19
U0366,2024-06-01,2024-06-01,2024-06-22
U0366,2024-06-01,2024-06-01,2024-06-25
U0366,2024-06-01,2024-06-01,2024-06-28
U0366,2024-06-01,2024-06-01,2024-07-04
U0366,2024-06-01,2024-06-01,2024-07-07
U0366,2024-06-01,2024-06-01,2024-07-13
U0366,2024-06-01,2024-06-01,2024-07-19
U0366,2024-06-01,2024-06-01,2024-07-22
U0366,2024-06-01,2024-06-01,2024-07-31
U0366,2024-06-01,2024-06-01,2024-08-15
U0367,2024-05-31,2024-05-01,2024-05-31
U0367,2024-05-31,2024-05-01,2024-06-02
U0367,2024-05-31,2024-05-01,2024-06-04
U0367,2024-05-31,2024-05-01,2024-06-06
U0367,2024-05-31,2024-05-01,2024-06-12
U0367,2024-05-31,2024-05-01,2024-06-16
U0367,2024-05-31,2024-05-01,2024-06-18
U0367,2024-05-31,2024-05-01,2024-06-20
U0367,2024-05-31,2024-05-01,2024-06-22
U0367,2024-05-31,2024-05-01,2024-06-26
U0367,2024-05-31,2024-05-01,2024-06-28
U0367,2024-05-31,2024-05-01,2024-06-30
U0367,2024-05-31,2024-05-01,2024-07-04
U0367,2024-05-31,2024-05-01,2024-07-10
U0367,2024-05-31,2024-05-01,2024-07-20
U0367,2024-05-31,2024-05-01,2024-07-22
U0368,2024-01-13,2024-01-01,2024-01-13
U0368,2024-01-13,2024-01-01,2024-01-16
U0368,2024-01-13,2024-01-01,2024-01-19
U0368,2024-01-13,2024-01-01,2024-01-22
U0368,2024-01-13,2024-01-01,2024-01-25
U0368,2024-01-13,2024-01-01,2024-01-31
U0368,2024-01-13,2024-01-01,2024-02-03
U0368,2024-01-13,2024-01-01,2024-02-06
U0368,2024-01-13,2024-01-01,2024-02-09
U0368,2024-01-13,2024-01-01,2024-02-12
U0368,2024-01-13,2024-01-01,2024-02-18
U0368,2024-01-13,2024-01-01,2024-02-24
U0368,2024-01-13,2024-01-01,2024-02-27
U0368,2024-01-13,2024-01-01,2024-03-01
U0368,2024-01-13,2024-01-01,2024-03-04
U0369,2024-02-29,2024-02-01,2024-02-29
U0369,2024-02-29,2024-02-01,2024-03-04
U0369,2024-02-29,2024-02-01,2024-03-12
U0369,2024-02-29,2024-02-01,2024-03-16
U0369,2024-02-29,2024-02-01,2024-03-20
U0369,2024-02-29,2024-02-01,2024-03-24
U0369,2024-02-29,2024-02-01,2024-03-28
U0369,2024-02-29,2024-02-01,2024-04-01
U0369,2024-02-29,2024-02-01,2024-04-09
U0370,2024-05-14,2024-05-01,2024-05-14
U0370,2024-05-14,2024-05-01,2024-05-16
U0370,2024-05-14,2024-05-01,2024-05-18
U0370,2024-05-14,2024-05-01,2024-05-20
U0370,2024-05-14,2024-05-01,2024-05-22
U0370,2024-05-14,2024-05-01,2024-05-24
U0371,2024-02-26,2024-02-01,2024-02-26
U0371,2024-02-26,2024-02-01,2024-02-28
U0371,2024-02-26,2024-02-01,2024-03-01
U0371,2024-02-26,2024-02-01,2024-03-03
U0371,2024-02-26,2024-02-01,2024-03-05
U0371,2024-02-26,2024-02-01,2024-03-07
U0371,2024-02-26,2024-02-01,2024-03-09
U0372,2024-02-05,2024-02-01,2024-02-05
U0372,2024-02-05,2024-02-01,2024-02-09
U0372,2024-02-05,2024-02-01,2024-02-13
U0372,2024-02-05,2024-02-01,2024-02-21
U0372,2024-02-05,2024-02-01,2024-02-29
U0372,2024-02-05,2024-02-01,2024-03-04
U0372,2024-02-05,2024-02-01,2024-03-08
U0372,2024-02-05,2024-02-01,2024-03-12
U0372,2024-02-05,2024-02-01,2024-03-16
U0372,2024-02-05,2024-02-01,2024-03-24
U0373,2024-06-21,2024-06-01,2024-06-21
U0373,2024-06-21,2024-06-01,2024-06-22
U0373,2024-06-21,2024-06-01,2024-06-23
U0373,2024-06-21,2024-06-01,2024-06-24
U0373,2024-06-21,2024-06-01,2024-06-25
U0373,2024-06-21,2024-06-01,2024-06-26
U0373,2024-06-21,2024-06-01,2024-06-27
U0373,2024-06-21,2024-06-01,2024-06-28
U0373,2024-06-21,2024-06-01,2024-06-29
U0373,2024-06-21,2024-06-01,2024-06-30
U0373,2024-06-21,2024-06-01,2024-07-01
U0373,2024-06-21,2024-06-01,2024-07-02
U0373,2024-06-21,2024-06-01,2024-07-03
U0373,2024-06-21,2024-06-01,2024-07-04
U0373,2024-06-21,2024-06-01,2024-07-05
U0373,2024-06-21,2024-06-01,2024-07-06
U0373,2024-06-21,2024-06-01,2024-07-07
U0373,2024-06-21,2024-06-01,2024-07-08
U0373,2024-06-21,2024-06-01,2024-07-09
U0373,2024-06-21,2024-06-01,2024-07-10
U0373,2024-06-21,2024-06-01,2024-07-13
U0373,2024-06-21,2024-06-01,2024-07-14
U0373,2024-06-21,2024-06-01,2024-07-15
U0373,2024-06-21,2024-06-01,2024-07-16
U0373,2024-06-21,2024-06-01,2024-07-17
U0373,2024-06-21,2024-06-01,2024-07-19
U0373,2024-06-21,2024-06-01,2024-07-21
U0373,2024-06-21,2024-06-01,2024-07-23
U0373,2024-06-21,2024-06-01,2024-07-25
U0373,2024-06-21,2024-06-01,2024-07-26
U0373,2024-06-21,2024-06-01,2024-07-28
U0373,2024-06-21,2024-06-01,2024-08-01
U0373,2024-06-21,2024-06-01,2024-08-02
U0374,2024-01-20,2024-01-01,2024-01-20
U0374,2024-01-20,2024-01-01,2024-01-24
U0374,2024-01-20,2024-01-01,2024-01-28
U0374,2024-01-20,2024-01-01,2024-02-01
U0374,2024-01-20,2024-01-01,2024-02-05
U0374,2024-01-20,2024-01-01,2024-02-09
U0374,2024-01-20,2024-01-01,2024-02-13
U0374,2024-01-20,2024-01-01,2024-02-25
U0374,2024-01-20,2024-01-01,2024-03-20
U0374,2024-01-20,2024-01-01,2024-03-24
U0375,2024-03-05,2024-03-01,2024-03-05
U0375,2024-03-05,2024-03-01,2024-03-06
U0375,2024-03-05,2024-03-01,2024-03-07
U0375,2024-03-05,2024-03-01,2024-03-08
U0375,2024-03-05,2024-03-01,2024-03-09
U0375,2024-03-05,2024-03-01,2024-03-10
U0375,2024-03-05,2024-03-01,2024-03-11
U0375,2024-03-05,2024-03-01,2024-03-12
U0375,2024-03-05,2024-03-01,2024-03-13
U0375,2024-03-05,2024-03-01,2024-03-14
U0375,2024-03-05,2024-03-01,2024-03-15
U0375,2024-03-05,2024-03-01,2024-03-16
U0375,2024-03-05,2024-03-01,2024-03-17
U0375,2024-03-05,2024-03-01,2024-03-18
U0375,2024-03-05,2024-03-01,2024-03-20
U0375,2024-03-05,2024-03-01,2024-03-21
U0375,2024-03-05,2024-03-01,2024-03-22
U0375,2024-03-05,2024-03-01,2024-03-23
U0375,2024-03-05,2024-03-01,2024-03-24
U0375,2024-03-05,2024-03-01,2024-03-25
U0375,2024-03-05,2024-03-01,2024-03-27
U0375,2024-03-05,2024-03-01,2024-03-28
U0375,2024-03-05,2024-03-01,2024-03-29
U0375,2024-03-05,2024-03-01,2024-03-30
U0375,2024-03-05,2024-03-01,2024-04-01
U0375,2024-03-05,2024-03-01,2024-04-02
U0375,2024-03-05,2024-03-01,2024-04-06
U0375,2024-03-05,2024-03-01,2024-04-07
U0375,2024-03-05,2024-03-01,2024-04-08
U0375,2024-03-05,2024-03-01,2024-04-11
U0375,2024-03-05,2024-03-01,2024-04-12
U0375,2024-03-05,2024-03-01,2024-04-13
U0375,2024-03-05,2024-03-01,2024-04-14
U0375,2024-03-05,2024-03-01,2024-04-16
U0375,2024-03-05,2024-03-01,2024-04-17
U0375,2024-03-05,2024-03-01,2024-04-21
U0375,2024-03-05,2024-03-01,2024-04-23
U0375,2024-03-05,2024-03-01,2024-04-25
U0375,2024-03-05,2024-03-01,2024-04-26
U0375,2024-03-05,2024-03-01,2024-04-30
U0375,2024-03-05,2024-03-01,2024-05-01
U0375,2024-03-05,2024-03-01,2024-05-08
U0375,2024-03-05,2024-03-01,2024-05-10
U0375,2024-03-05,2024-03-01,2024-05-11
U0376,2024-01-08,2024-01-01,2024-01-08
U0376,2024-01-08,2024-01-01,2024-01-11
U0376,2024-01-08,2024-01-01,2024-01-14
U0376,2024-01-08,2024-01-01,2024-01-17
U0376,2024-01-08,2024-01-01,2024-01-20
U0376,2024-01-08,2024-01-01,2024-01-23
U0376,2024-01-08,2024-01-01,2024-01-29
U0376,2024-01-08,2024-01-01,2024-02-01
U0376,2024-01-08,2024-01-01,2024-02-10
U0377,2024-05-23,2024-05-01,2024-05-23
U0377,2024-05-23,2024-05-01,2024-05-24
U0377,2024-05-23,2024-05-01,2024-05-25
U0377,2024-05-23,2024-05-01,2024-05-26
U0377,2024-05-23,2024-05-01,2024-05-27
U0377,2024-05-23,2024-05-01,2024-05-28
U0377,2024-05-23,2024-05-01,2024-05-29
U0377,2024-05-23,2024-05-01,2024-05-30
U0377,2024-05-23,2024-05-01,2024-05-31
U0377,2024-05-23,2024-05-01,2024-06-01
U0377,2024-05-23,2024-05-01,2024-06-02
U0377,2024-05-23,2024-05-01,2024-06-03
U0377,2024-05-23,2024-05-01,2024-06-04
U0377,2024-05-23,2024-05-01,2024-06-06
U0377,2024-05-23,2024-05-01,2024-06-08
U0377,2024-05-23,2024-05-01,2024-06-10
U0378,2024-05-21,2024-05-01,2024-05-21
U0378,2024-05-21,2024-05-01,2024-05-25
U0378,2024-05-21,2024-05-01,2024-05-29
U0378,2024-05-21,2024-05-01,2024-06-02
U0378,2024-05-21,2024-05-01,2024-06-06
U0378,2024-05-21,2024-05-01,2024-06-10
U0378,2024-05-21,2024-05-01,2024-06-14
U0378,2024-05-21,2024-05-01,2024-06-30
U0378,2024-05-21,2024-05-01,2024-07-04
U0378,2024-05-21,2024-05-01,2024-07-08
U0378,2024-05-21,2024-05-01,2024-07-16
U0379,2024-04-24,2024-04-01,2024-04-24
U0379,2024-04-24,2024-04-01,2024-04-25
U0379,2024-04-24,2024-04-01,2024-04-26
U0379,2024-04-24,2024-04-01,2024-04-27
U0379,2024-04-24,2024-04-01,2024-04-28
U0379,2024-04-24,2024-04-01,2024-04-29
U0379,2024-04-24,2024-04-01,2024-04-30
U0379,2024-04-24,2024-04-01,2024-05-01
U0379,2024-04-24,2024-04-01,2024-05-02
U0379,2024-04-24,2024-04-01,2024-05-03
U0379,2024-04-24,2024-04-01,2024-05-04
U0379,2024-04-24,2024-04-01,2024-05-05
U0379,2024-04-24,2024-04-01,2024-05-06
U0379,2024-04-24,2024-04-01,2024-05-07
U0379,2024-04-24,2024-04-01,2024-05-08
U0379,2024-04-24,2024-04-01,2024-05-10
U0379,2024-04-24,2024-04-01,2024-05-11
U0379,2024-04-24,2024-04-01,2024-05-14
U0379,2024-04-24,2024-04-01,2024-05-15
U0379,2024-04-24,2024-04-01,2024-05-17
U0379,2024-04-24,2024-04-01,2024-05-18
U0379,2024-04-24,2024-04-01,2024-05-20
U0379,2024-04-24,2024-04-01,2024-05-21
U0379,2024-04-24,2024-04-01,2024-05-22
U0379,2024-04-24,2024-04-01,2024-05-25
U0379,2024-04-24,2024-04-01,2024-05-26
U0379,2024-04-24,2024-04-01,2024-05-27
U0379,2024-04-24,2024-04-01,2024-05-29
U0379,2024-04-24,2024-04-01,2024-05-31
U0379,2024-04-24,2024-04-01,2024-06-02
U0379,2024-04-24,2024-04-01,2024-06-04
U0379,2024-04-24,2024-04-01,2024-06-05
U0379,2024-04-24,2024-04-01,2024-06-08
U0379,2024-04-24,2024-04-01,2024-06-12
U0379,2024-04-24,2024-04-01,2024-06-15
U0379,2024-04-24,2024-04-01,2024-06-17
U0379,2024-04-24,2024-04-01,2024-06-18
U0379,2024-04-24,2024-04-01,2024-06-21
U0379,2024-04-24,2024-04-01,2024-06-24
U0379,2024-04-24,2024-04-01,2024-07-07
U0379,2024-04-24,2024-04-01,2024-07-08
U0379,2024-04-24,2024-04-01,2024-07-09
U0380,2024-05-22,2024-05-01,2024-05-22
U0380,2024-05-22,2024-05-01,2024-05-25
U0380,2024-05-22,2024-05-01,2024-05-28
U0380,2024-05-22,2024-05-01,2024-05-31
U0380,2024-05-22,2024-05-01,2024-06-06
U0380,2024-05-22,2024-05-01,2024-06-09
U0380,2024-05-22,2024-05-01,2024-06-12
U0380,2024-05-22,2024-05-01,2024-06-15
U0380,2024-05-22,2024-05-01,2024-06-18
U0380,2024-05-22,2024-05-01,2024-06-30
U0380,2024-05-22,2024-05-01,2024-07-03
U0380,2024-05-22,2024-05-01,2024-07-09
U0380,2024-05-22,2024-05-01,2024-07-21
U0380,2024-05-22,2024-05-01,2024-07-27
U0380,2024-05-22,2024-05-01,2024-08-02
U0380,2024-05-22,2024-05-01,2024-08-08
U0381,2024-04-01,2024-04-01,2024-04-01
U0381,2024-04-01,2024-04-01,2024-04-02
U0381,2024-04-01,2024-04-01,2024-04-03
U0381,2024-04-01,2024-04-01,2024-04-04
U0381,2024-04-01,2024-04-01,2024-04-05
U0381,2024-04-01,2024-04-01,2024-04-06
U0381,2024-04-01,2024-04-01,2024-04-07
U0381,2024-04-01,2024-04-01,2024-04-08
U0381,2024-04-01,2024-04-01,2024-04-09
U0381,2024-04-01,2024-04-01,2024-04-10
U0381,2024-04-01,2024-04-01,2024-04-11
U0381,2024-04-01,2024-04-01,2024-04-12
U0381,2024-04-01,2024-04-01,2024-04-13
U0381,2024-04-01,2024-04-01,2024-04-14
U0381,2024-04-01,2024-04-01,2024-04-15
U0381,2024-04-01,2024-04-01,2024-04-18
U0381,2024-04-01,2024-04-01,2024-04-19
U0381,2024-04-01,2024-04-01,2024-04-21
U0381,2024-04-01,2024-04-01,2024-04-22
U0381,2024-04-01,2024-04-01,2024-04-23
U0381,2024-04-01,2024-04-01,2024-04-25
U0381,2024-04-01,2024-04-01,2024-04-28
U0381,2024-04-01,2024-04-01,2024-04-30
U0381,2024-04-01,2024-04-01,2024-05-01
U0381,2024-04-01,2024-04-01,2024-05-02
U0381,2024-04-01,2024-04-01,2024-05-03
U0381,2024-04-01,2024-04-01,2024-05-04
U0381,2024-04-01,2024-04-01,2024-05-05
U0381,2024-04-01,2024-04-01,2024-05-06
U0381,2024-04-01,2024-04-01,2024-05-07
U0381,2024-04-01,2024-04-01,2024-05-08
U0381,2024-04-01,2024-04-01,2024-05-10
U0381,2024-04-01,2024-04-01,2024-05-12
U0381,2024-04-01,2024-04-01,2024-05-13
U0381,2024-04-01,2024-04-01,2024-05-14
U0381,2024-04-01,2024-04-01,2024-05-15
U0381,2024-04-01,2024-04-01,2024-05-17
U0381,2024-04-01,2024-04-01,2024-05-22
U0381,2024-04-01,2024-04-01,2024-05-25
U0381,2024-04-01,2024-04-01,2024-05-26
U0381,2024-04-01,2024-04-01,2024-05-27
U0381,2024-04-01,2024-04-01,2024-06-03
U0381,2024-04-01,2024-04-01,2024-06-09
U0381,2024-04-01,2024-04-01,2024-06-13
U0381,2024-04-01,2024-04-01,2024-06-14
U0382,2024-04-07,2024-04-01,2024-04-07
U0382,2024-04-07,2024-04-01,2024-04-11
U0382,2024-04-07,2024-04-01,2024-04-19
U0382,2024-04-07,2024-04-01,2024-04-23
U0382,2024-04-07,2024-04-01,2024-04-27
U0382,2024-04-07,2024-04-01,2024-05-01
U0383,2024-03-06,2024-03-01,2024-03-06
U0383,2024-03-06,2024-03-01,2024-03-10
U0383,2024-03-06,2024-03-01,2024-03-18
U0383,2024-03-06,2024-03-01,2024-03-22
U0383,2024-03-06,2024-03-01,2024-03-30
U0383,2024-03-06,2024-03-01,2024-04-11
U0383,2024-03-06,2024-03-01,2024-04-19
U0383,2024-03-06,2024-03-01,2024-04-27
U0384,2024-02-01,2024-02-01,2024-02-01
U0384,2024-02-01,2024-02-01,2024-02-02
U0384,2024-02-01,2024-02-01,2024-02-03
U0384,2024-02-01,2024-02-01,2024-02-04
U0384,2024-02-01,2024-02-01,2024-02-05
U0384,2024-02-01,2024-02-01,2024-02-06
U0384,2024-02-01,2024-02-01,2024-02-07
U0384,2024-02-01,2024-02-01,2024-02-08
U0384,2024-02-01,2024-02-01,2024-02-09
U0384,2024-02-01,2024-02-01,2024-02-10
U0384,2024-02-01,2024-02-01,2024-02-12
U0384,2024-02-01,2024-02-01,2024-02-14
U0385,2024-03-26,2024-03-01,2024-03-26
U0385,2024-03-26,2024-03-01,2024-03-30
U0385,2024-03-26,2024-03-01,2024-04-03
U0385,2024-03-26,2024-03-01,2024-04-07
U0385,2024-03-26,2024-03-01,2024-04-11
U0385,2024-03-26,2024-03-01,2024-04-23
U0385,2024-03-26,2024-03-01,2024-05-01
U0386,2024-02-20,2024-02-01,2024-02-20
U0386,2024-02-20,2024-02-01,2024-02-24
U0386,2024-02-20,2024-02-01,2024-02-28
U0386,2024-02-20,2024-02-01,2024-03-03
U0386,2024-02-20,2024-02-01,2024-03-11
U0386,2024-02-20,2024-02-01,2024-03-15
U0387,2024-06-01,2024-06-01,2024-06-01
U0387,2024-06-01,2024-06-01,2024-06-04
U0387,2024-06-01,2024-06-01,2024-06-07
U0387,2024-06-01,2024-06-01,2024-06-10
U0387,2024-06-01,2024-06-01,2024-06-13
U0387,2024-06-01,2024-06-01,2024-06-16
U0387,2024-06-01,2024-06-01,2024-06-19
U0387,2024-06-01,2024-06-01,2024-07-19
U0388,2024-03-03,2024-03-01,2024-03-03
U0388,2024-03-03,2024-03-01,2024-03-07
U0388,2024-03-03,2024-03-01,2024-03-11
U0388,2024-03-03,2024-03-01,2024-03-19
U0388,2024-03-03,2024-03-01,2024-03-23
U0388,2024-03-03,2024-03-01,2024-03-27
U0388,2024-03-03,2024-03-01,2024-04-08
U0388,2024-03-03,2024-03-01,2024-04-12
U0388,2024-03-03,2024-03-01,2024-04-20
U0388,2024-03-03,2024-03-01,2024-04-24
U0388,2024-03-03,2024-03-01,2024-05-02
U0388,2024-03-03,2024-03-01,2024-05-14
U0389,2024-05-04,2024-05-01,2024-05-04
U0389,2024-05-04,2024-05-01,2024-05-05
U0389,2024-05-04,2024-05-01,2024-05-06
U0389,2024-05-04,2024-05-01,2024-05-07
U0389,2024-05-04,2024-05-01,2024-05-08
U0389,2024-05-04,2024-05-01,2024-05-09
U0389,2024-05-04,2024-05-01,2024-05-10
U0389,2024-05-04,2024-05-01,2024-05-11
U0389,2024-05-04,2024-05-01,2024-05-12
U0389,2024-05-04,2024-05-01,2024-05-13
U0389,2024-05-04,2024-05-01,2024-05-14
U0389,2024-05-04,2024-05-01,2024-05-15
U0389,2024-05-04,2024-05-01,2024-05-16
U0389,2024-05-04,2024-05-01,2024-05-17
U0389,2024-05-04,2024-05-01,2024-05-18
U0389,2024-05-04,2024-05-01,2024-05-19
U0389,2024-05-04,2024-05-01,2024-05-20
U0389,2024-05-04,2024-05-01,2024-05-23
U0389,2024-05-04,2024-05-01,2024-05-24
U0389,2024-05-04,2024-05-01,2024-05-25
U0389,2024-05-04,2024-05-01,2024-05-27
U0389,2024-05-04,2024-05-01,2024-05-28
U0389,2024-05-04,2024-05-01,2024-05-30
U0389,2024-05-04,2024-05-01,2024-05-31
U0389,2024-05-04,2024-05-01,2024-06-02
U0389,2024-05-04,2024-05-01,2024-06-03
U0389,2024-05-04,2024-05-01,2024-06-04
U0389,2024-05-04,2024-05-01,2024-06-06
U0389,2024-05-04,2024-05-01,2024-06-07
U0389,2024-05-04,2024-05-01,2024-06-08
U0389,2024-05-04,2024-05-01,2024-06-10
U0389,2024-05-04,2024-05-01,2024-06-11
U0389,2024-05-04,2024-05-01,2024-06-12
U0389,2024-05-04,2024-05-01,2024-06-14
U0389,2024-05-04,2024-05-01,2024-06-15
U0389,2024-05-04,2024-05-01,2024-06-16
U0389,2024-05-04,2024-05-01,2024-06-22
U0389,2024-05-04,2024-05-01,2024-06-24
U0389,2024-05-04,2024-05-01,2024-06-25
U0389,2024-05-04,2024-05-01,2024-06-27
U0390,2024-05-29,2024-05-01,2024-05-29
U0390,2024-05-29,2024-05-01,2024-05-30
U0390,2024-05-29,2024-05-01,2024-05-31
U0390,2024-05-29,2024-05-01,2024-06-01
U0390,2024-05-29,2024-05-01,2024-06-02
U0390,2024-05-29,2024-05-01,2024-06-03
U0390,2024-05-29,2024-05-01,2024-06-04
U0390,2024-05-29,2024-05-01,2024-06-05
U0390,2024-05-29,2024-05-01,2024-06-06
U0390,2024-05-29,2024-05-01,2024-06-07
U0390,2024-05-29,2024-05-01,2024-06-08
U0390,2024-05-29,2024-05-01,2024-06-09
U0390,2024-05-29,2024-05-01,2024-06-10
U0390,2024-05-29,2024-05-01,2024-06-12
U0390,2024-05-29,2024-05-01,2024-06-13
U0390,2024-05-29,2024-05-01,2024-06-14
U0391,2024-02-27,2024-02-01,2024-02-27
U0391,2024-02-27,2024-02-01,2024-02-29
U0391,2024-02-27,2024-02-01,2024-03-02
U0391,2024-02-27,2024-02-01,2024-03-04
U0391,2024-02-27,2024-02-01,2024-03-06
U0391,2024-02-27,2024-02-01,2024-03-08
U0391,2024-02-27,2024-02-01,2024-03-10
U0391,2024-02-27,2024-02-01,2024-03-12
U0392,2024-02-27,2024-02-01,2024-02-27
U0392,2024-02-27,2024-02-01,2024-03-01
U0392,2024-02-27,2024-02-01,2024-03-04
U0392,2024-02-27,2024-02-01,2024-03-07
U0392,2024-02-27,2024-02-01,2024-03-10
U0392,2024-02-27,2024-02-01,2024-03-16
U0392,2024-02-27,2024-02-01,2024-03-19
U0392,2024-02-27,2024-02-01,2024-03-25
U0392,2024-02-27,2024-02-01,2024-03-28
U0392,2024-02-27,2024-02-01,2024-03-31
U0392,2024-02-27,2024-02-01,2024-04-03
U0392,2024-02-27,2024-02-01,2024-04-06
U0392,2024-02-27,2024-02-01,2024-04-15
U0392,2024-02-27,2024-02-01,2024-04-18
U0393,2024-03-26,2024-03-01,2024-03-26
U0393,2024-03-26,2024-03-01,2024-03-27
U0393,2024-03-26,2024-03-01,2024-03-28
U0393,2024-03-26,2024-03-01,2024-03-29
U0393,2024-03-26,2024-03-01,2024-03-30
U0393,2024-03-26,2024-03-01,2024-03-31
U0393,2024-03-26,2024-03-01,2024-04-01
U0393,2024-03-26,2024-03-01,2024-04-02
U0393,2024-03-26,2024-03-01,2024-04-03
U0393,2024-03-26,2024-03-01,2024-04-04
U0393,2024-03-26,2024-03-01,2024-04-05
U0393,2024-03-26,2024-03-01,2024-04-07
U0393,2024-03-26,2024-03-01,2024-04-08
U0393,2024-03-26,2024-03-01,2024-04-09
U0393,2024-03-26,2024-03-01,2024-04-10
U0393,2024-03-26,2024-03-01,2024-04-11
U0393,2024-03-26,2024-03-01,2024-04-12
U0393,2024-03-26,2024-03-01,2024-04-14
U0393,2024-03-26,2024-03-01,2024-04-16
U0393,2024-03-26,2024-03-01,2024-04-17
U0393,2024-03-26,2024-03-01,2024-04-19
U0393,2024-03-26,2024-03-01,2024-04-20
U0393,2024-03-26,2024-03-01,2024-04-21
U0393,2024-03-26,2024-03-01,2024-04-22
U0393,2024-03-26,2024-03-01,2024-04-23
U0393,2024-03-26,2024-03-01,2024-04-27
U0393,2024-03-26,2024-03-01,2024-04-30
U0393,2024-03-26,2024-03-01,2024-05-01
U0393,2024-03-26,2024-03-01,2024-05-02
U0393,2024-03-26,2024-03-01,2024-05-06
U0393,2024-03-26,2024-03-01,2024-05-08
U0393,2024-03-26,2024-03-01,2024-05-10
U0393,2024-03-26,2024-03-01,2024-05-11
U0393,2024-03-26,2024-03-01,2024-05-14
U0393,2024-03-26,2024-03-01,2024-05-15
U0393,2024-03-26,2024-03-01,2024-05-16
U0393,2024-03-26,2024-03-01,2024-05-17
U0393,2024-03-26,2024-03-01,2024-05-18
U0394,2024-02-18,2024-02-01,2024-02-18
U0394,2024-02-18,2024-02-01,2024-02-22
U0394,2024-02-18,2024-02-01,2024-02-28
U0394,2024-02-18,2024-02-01,2024-03-01
U0394,2024-02-18,2024-02-01,2024-03-03
U0394,2024-02-18,2024-02-01,2024-03-07
U0394,2024-02-18,2024-02-01,2024-03-11
U0394,2024-02-18,2024-02-01,2024-03-13
U0394,2024-02-18,2024-02-01,2024-03-15
U0394,2024-02-18,2024-02-01,2024-03-17
U0394,2024-02-18,2024-02-01,2024-03-25
U0394,2024-02-18,2024-02-01,2024-03-27
U0394,2024-02-18,2024-02-01,2024-03-29
U0394,2024-02-18,2024-02-01,2024-04-04
U0394,2024-02-18,2024-02-01,2024-04-06
U0394,2024-02-18,2024-02-01,2024-04-08
U0395,2024-06-28,2024-06-01,2024-06-28
U0395,2024-06-28,2024-06-01,2024-07-01
U0395,2024-06-28,2024-06-01,2024-07-04
U0395,2024-06-28,2024-06-01,2024-07-07
U0395,2024-06-28,2024-06-01,2024-07-10
U0395,2024-06-28,2024-06-01,2024-07-13
U0395,2024-06-28,2024-06-01,2024-07-16
U0395,2024-06-28,2024-06-01,2024-07-22
U0395,2024-06-28,2024-06-01,2024-07-28
U0396,2024-06-18,2024-06-01,2024-06-18
U0396,2024-06-18,2024-06-01,2024-06-21
U0396,2024-06-18,2024-06-01,2024-06-24
U0396,2024-06-18,2024-06-01,2024-06-27
U0396,2024-06-18,2024-06-01,2024-06-30
U0397,2024-03-10,2024-03-01,2024-03-10
U0397,2024-03-10,2024-03-01,2024-03-12
U0397,2024-03-10,2024-03-01,2024-03-14
U0397,2024-03-10,2024-03-01,2024-03-18
U0397,2024-03-10,2024-03-01,2024-03-20
U0397,2024-03-10,2024-03-01,2024-03-22
U0397,2024-03-10,2024-03-01,2024-03-24
U0397,2024-03-10,2024-03-01,2024-03-26
U0397,2024-03-10,2024-03-01,2024-03-30
U0397,2024-03-10,2024-03-01,2024-04-03
U0397,2024-03-10,2024-03-01,2024-04-05
U0397,2024-03-10,2024-03-01,2024-04-09
U0397,2024-03-10,2024-03-01,2024-04-11
U0398,2024-01-15,2024-01-01,2024-01-15
U0398,2024-01-15,2024-01-01,2024-01-23
U0398,2024-01-15,2024-01-01,2024-01-27
U0398,2024-01-15,2024-01-01,2024-01-31
U0398,2024-01-15,2024-01-01,2024-02-04
U0398,2024-01-15,2024-01-01,2024-02-20
U0398,2024-01-15,2024-01-01,2024-02-28
U0398,2024-01-15,2024-01-01,2024-03-03
U0398,2024-01-15,2024-01-01,2024-03-23
U0399,2024-02-23,2024-02-01,2024-02-23
U0399,2024-02-23,2024-02-01,2024-02-24
U0399,2024-02-23,2024-02-01,2024-02-25
U0399,2024-02-23,2024-02-01,2024-02-26
U0399,2024-02-23,2024-02-01,2024-02-27
U0399,2024-02-23,2024-02-01,2024-02-28
U0399,2024-02-23,2024-02-01,2024-02-29
U0399,2024-02-23,2024-02-01,2024-03-01
U0399,2024-02-23,2024-02-01,2024-03-02
U0399,2024-02-23,2024-02-01,2024-03-03
U0399,2024-02-23,2024-02-01,2024-03-04
U0399,2024-02-23,2024-02-01,2024-03-05
U0399,2024-02-23,2024-02-01,2024-03-06
U0399,2024-02-23,2024-02-01,2024-03-07
U0399,2024-02-23,2024-02-01,2024-03-09
U0399,2024-02-23,2024-02-01,2024-03-10
U0399,2024-02-23,2024-02-01,2024-03-11
U0399,2024-02-23,2024-02-01,2024-03-13
U0399,2024-02-23,2024-02-01,2024-03-15
U0399,2024-02-23,2024-02-01,2024-03-17
U0399,2024-02-23,2024-02-01,2024-03-18
U0399,2024-02-23,2024-02-01,2024-03-19
U0399,2024-02-23,2024-02-01,2024-03-22
U0399,2024-02-23,2024-02-01,2024-03-23
U0399,2024-02-23,2024-02-01,2024-03-24
U0399,2024-02-23,2024-02-01,2024-03-25
U0399,2024-02-23,2024-02-01,2024-03-26
U0399,2024-02-23,2024-02-01,2024-03-27
U0399,2024-02-23,2024-02-01,2024-03-30
U0399,2024-02-23,2024-02-01,2024-04-06
U0399,2024-02-23,2024-02-01,2024-04-07
U0399,2024-02-23,2024-02-01,2024-04-10
U0399,2024-02-23,2024-02-01,2024-04-14
U0399,2024-02-23,2024-02-01,2024-04-17
U0399,2024-02-23,2024-02-01,2024-04-18
U0400,2024-04-10,2024-04-01,2024-04-10
U0400,2024-04-10,2024-04-01,2024-04-13
U0400,2024-04-10,2024-04-01,2024-04-16
U0400,2024-04-10,2024-04-01,2024-04-19
U0400,2024-04-10,2024-04-01,2024-04-22
U0400,2024-04-10,2024-04-01,2024-04-25
U0400,2024-04-10,2024-04-01,2024-05-07
U0401,2024-01-08,2024-01-01,2024-01-08
U0401,2024-01-08,2024-01-01,2024-01-12
U0401,2024-01-08,2024-01-01,2024-01-16
U0401,2024-01-08,2024-01-01,2024-01-20
U0401,2024-01-08,2024-01-01,2024-01-24
U0401,2024-01-08,2024-01-01,2024-01-28
U0402,2024-02-22,2024-02-01,2024-02-22
U0402,2024-02-22,2024-02-01,2024-02-24
U0402,2024-02-22,2024-02-01,2024-02-26
U0402,2024-02-22,2024-02-01,2024-02-28
U0402,2024-02-22,2024-02-01,2024-03-01
U0402,2024-02-22,2024-02-01,2024-03-05
U0402,2024-02-22,2024-02-01,2024-03-07
U0402,2024-02-22,2024-02-01,2024-03-09
U0402,2024-02-22,2024-02-01,2024-03-13
U0402,2024-02-22,2024-02-01,2024-03-17
U0402,2024-02-22,2024-02-01,2024-03-19
U0402,2024-02-22,2024-02-01,2024-03-21
U0402,2024-02-22,2024-02-01,2024-03-23
U0402,2024-02-22,2024-02-01,2024-03-27
U0402,2024-02-22,2024-02-01,2024-03-31
U0403,2024-02-29,2024-02-01,2024-02-29
U0403,2024-02-29,2024-02-01,2024-03-04
U0403,2024-02-29,2024-02-01,2024-03-08
U0403,2024-02-29,2024-02-01,2024-03-16
U0403,2024-02-29,2024-02-01,2024-03-24
U0403,2024-02-29,2024-02-01,2024-03-28
U0403,2024-02-29,2024-02-01,2024-04-01
U0403,2024-02-29,2024-02-01,2024-04-05
U0403,2024-02-29,2024-02-01,2024-04-13
U0403,2024-02-29,2024-02-01,2024-04-17
U0403,2024-02-29,2024-02-01,2024-04-21
U0403,2024-02-29,2024-02-01,2024-04-25
U0403,2024-02-29,2024-02-01,2024-05-03
U0404,2024-04-17,2024-04-01,2024-04-17
U0404,2024-04-17,2024-04-01,2024-04-19
U0404,2024-04-17,2024-04-01,2024-04-21
U0404,2024-04-17,2024-04-01,2024-04-23
U0404,2024-04-17,2024-04-01,2024-04-25
U0404,2024-04-17,2024-04-01,2024-04-27
U0404,2024-04-17,2024-04-01,2024-04-29
U0404,2024-04-17,2024-04-01,2024-05-01
U0404,2024-04-17,2024-04-01,2024-05-03
U0404,2024-04-17,2024-04-01,2024-05-05
U0404,2024-04-17,2024-04-01,2024-05-09
U0404,2024-04-17,2024-04-01,2024-05-11
U0404,2024-04-17,2024-04-01,2024-05-17
U0404,2024-04-17,2024-04-01,2024-05-19
U0404,2024-04-17,2024-04-01,2024-05-21
U0405,2024-01-05,2024-01-01,2024-01-05
U0405,2024-01-05,2024-01-01,2024-01-08
U0405,2024-01-05,2024-01-01,2024-01-11
U0405,2024-01-05,2024-01-01,2024-01-14
U0405,2024-01-05,2024-01-01,2024-01-17
U0405,2024-01-05,2024-01-01,2024-01-20
U0405,2024-01-05,2024-01-01,2024-01-23
U0405,2024-01-05,2024-01-01,2024-01-26
U0405,2024-01-05,2024-01-01,2024-01-29
U0406,2024-04-12,2024-04-01,2024-04-12
U0406,2024-04-12,2024-04-01,2024-04-16
U0406,2024-04-12,2024-04-01,2024-04-24
U0407,2024-01-06,2024-01-01,2024-01-06
U0407,2024-01-06,2024-01-01,2024-01-10
U0407,2024-01-06,2024-01-01,2024-01-14
U0407,2024-01-06,2024-01-01,2024-01-18
U0407,2024-01-06,2024-01-01,2024-01-26
U0407,2024-01-06,2024-01-01,2024-02-03
U0407,2024-01-06,2024-01-01,2024-02-07
U0407,2024-01-06,2024-01-01,2024-02-11
U0407,2024-01-06,2024-01-01,2024-02-15
U0407,2024-01-06,2024-01-01,2024-02-19
U0408,2024-04-18,2024-04-01,2024-04-18
U0408,2024-04-18,2024-04-01,2024-04-22
U0408,2024-04-18,2024-04-01,2024-04-26
U0408,2024-04-18,2024-04-01,2024-04-30
U0408,2024-04-18,2024-04-01,2024-05-04
U0408,2024-04-18,2024-04-01,2024-05-08
U0409,2024-04-25,2024-04-01,2024-04-25
U0409,2024-04-25,2024-04-01,2024-04-29
U0410,2024-04-03,2024-04-01,2024-04-03
U0410,2024-04-03,2024-04-01,2024-04-06
U0410,2024-04-03,2024-04-01,2024-04-09
U0410,2024-04-03,2024-04-01,2024-04-12
U0410,2024-04-03,2024-04-01,2024-04-15
U0410,2024-04-03,2024-04-01,2024-04-18
U0410,2024-04-03,2024-04-01,2024-04-21
U0410,2024-04-03,2024-04-01,2024-04-30
U0410,2024-04-03,2024-04-01,2024-05-03
U0410,2024-04-03,2024-04-01,2024-05-06
U0410,2024-04-03,2024-04-01,2024-05-09
U0410,2024-04-03,2024-04-01,2024-05-15
U0410,2024-04-03,2024-04-01,2024-05-27
U0410,2024-04-03,2024-04-01,2024-05-30
U0410,2024-04-03,2024-04-01,2024-06-02
U0410,2024-04-03,2024-04-01,2024-06-11
U0410,2024-04-03,2024-04-01,2024-06-14
U0411,2024-02-16,2024-02-01,2024-02-16
U0411,2024-02-16,2024-02-01,2024-02-18
U0411,2024-02-16,2024-02-01,2024-02-20
U0411,2024-02-16,2024-02-01,2024-02-22
U0411,2024-02-16,2024-02-01,2024-02-24
U0411,2024-02-16,2024-02-01,2024-02-26
U0411,2024-02-16,2024-02-01,2024-02-28
U0411,2024-02-16,2024-02-01,2024-03-01
U0411,2024-02-16,2024-02-01,2024-03-03
U0411,2024-02-16,2024-02-01,2024-03-07
U0411,2024-02-16,2024-02-01,2024-03-09
U0411,2024-02-16,2024-02-01,2024-03-13
U0411,2024-02-16,2024-02-01,2024-03-17
U0411,2024-02-16,2024-02-01,2024-03-19
U0411,2024-02-16,2024-02-01,2024-03-25
U0411,2024-02-16,2024-02-01,2024-03-27
U0411,2024-02-16,2024-02-01,2024-03-29
U0411,2024-02-16,2024-02-01,2024-04-04
U0411,2024-02-16,2024-02-01,2024-04-06
U0411,2024-02-16,2024-02-01,2024-04-10
U0411,2024-02-16,2024-02-01,2024-04-12
U0411,2024-02-16,2024-02-01,2024-04-14
U0412,2024-04-08,2024-04-01,2024-04-08
U0412,2024-04-08,2024-04-01,2024-04-12
U0412,2024-04-08,2024-04-01,2024-04-16
U0412,2024-04-08,2024-04-01,2024-04-20
U0412,2024-04-08,2024-04-01,2024-04-24
U0412,2024-04-08,2024-04-01,2024-04-28
U0413,2024-02-24,2024-02-01,2024-02-24
U0413,2024-02-24,2024-02-01,2024-02-28
U0413,2024-02-24,2024-02-01,2024-03-03
U0413,2024-02-24,2024-02-01,2024-03-07
U0413,2024-02-24,2024-02-01,2024-03-11
U0413,2024-02-24,2024-02-01,2024-03-19
U0413,2024-02-24,2024-02-01,2024-03-31
U0413,2024-02-24,2024-02-01,2024-04-04
U0414,2024-06-16,2024-06-01,2024-06-16
U0414,2024-06-16,2024-06-01,2024-06-19
U0414,2024-06-16,2024-06-01,2024-06-22
U0414,2024-06-16,2024-06-01,2024-06-25
U0414,2024-06-16,2024-06-01,2024-06-28
U0414,2024-06-16,2024-06-01,2024-07-01
U0414,2024-06-16,2024-06-01,2024-07-04
U0414,2024-06-16,2024-06-01,2024-07-07
U0414,2024-06-16,2024-06-01,2024-07-16
U0414,2024-06-16,2024-06-01,2024-07-28
U0414,2024-06-16,2024-06-01,2024-08-06
U0414,2024-06-16,2024-06-01,2024-08-12
U0414,2024-06-16,2024-06-01,2024-08-15
U0415,2024-02-21,2024-02-01,2024-02-21
U0415,2024-02-21,2024-02-01,2024-02-23
U0415,2024-02-21,2024-02-01,2024-02-25
U0415,2024-02-21,2024-02-01,2024-02-27
U0415,2024-02-21,2024-02-01,2024-02-29
U0415,2024-02-21,2024-02-01,2024-03-02
U0415,2024-02-21,2024-02-01,2024-03-04
U0415,2024-02-21,2024-02-01,2024-03-10
U0415,2024-02-21,2024-02-01,2024-03-12
U0416,2024-05-23,2024-05-01,2024-05-23
U0416,2024-05-23,2024-05-01,2024-05-24
U0416,2024-05-23,2024-05-01,2024-05-25
U0416,2024-05-23,2024-05-01,2024-05-26
U0416,2024-05-23,2024-05-01,2024-05-27
U0416,2024-05-23,2024-05-01,2024-05-28
U0416,2024-05-23,2024-05-01,2024-05-29
U0416,2024-05-23,2024-05-01,2024-06-01
U0416,2024-05-23,2024-05-01,2024-06-02
U0416,2024-05-23,2024-05-01,2024-06-04
U0416,2024-05-23,2024-05-01,2024-06-05
U0416,2024-05-23,2024-05-01,2024-06-07
U0416,2024-05-23,2024-05-01,2024-06-08
U0416,2024-05-23,2024-05-01,2024-06-09
U0416,2024-05-23,2024-05-01,2024-06-10
U0416,2024-05-23,2024-05-01,2024-06-11
U0416,2024-05-23,2024-05-01,2024-06-12
U0416,2024-05-23,2024-05-01,2024-06-16
U0416,2024-05-23,2024-05-01,2024-06-20
U0416,2024-05-23,2024-05-01,2024-06-21
U0416,2024-05-23,2024-05-01,2024-06-26
U0416,2024-05-23,2024-05-01,2024-06-28
U0416,2024-05-23,2024-05-01,2024-07-02
U0416,2024-05-23,2024-05-01,2024-07-03
U0416,2024-05-23,2024-05-01,2024-07-08
U0416,2024-05-23,2024-05-01,2024-07-12
U0416,2024-05-23,2024-05-01,2024-07-17
U0416,2024-05-23,2024-05-01,2024-07-18
U0416,2024-05-23,2024-05-01,2024-07-21
U0416,2024-05-23,2024-05-01,2024-07-25
U0416,2024-05-23,2024-05-01,2024-07-27
U0416,2024-05-23,2024-05-01,2024-07-28
U0416,2024-05-23,2024-05-01,2024-07-29
U0416,2024-05-23,2024-05-01,2024-07-31
U0417,2024-01-13,2024-01-01,2024-01-13
U0417,2024-01-13,2024-01-01,2024-01-15
U0417,2024-01-13,2024-01-01,2024-01-17
U0417,2024-01-13,2024-01-01,2024-01-19
U0417,2024-01-13,2024-01-01,2024-01-21
U0417,2024-01-13,2024-01-01,2024-01-23
U0417,2024-01-13,2024-01-01,2024-01-25
U0417,2024-01-13,2024-01-01,2024-01-27
U0417,2024-01-13,2024-01-01,2024-01-29
U0417,2024-01-13,2024-01-01,2024-02-06
U0417,2024-01-13,2024-01-01,2024-02-08
U0417,2024-01-13,2024-01-01,2024-02-16
U0417,2024-01-13,2024-01-01,2024-02-22
U0418,2024-04-23,2024-04-01,2024-04-23
U0418,2024-04-23,2024-04-01,2024-04-24
U0418,2024-04-23,2024-04-01,2024-04-26
U0418,2024-04-23,2024-04-01,2024-04-27
U0418,2024-04-23,2024-04-01,2024-04-28
U0418,2024-04-23,2024-04-01,2024-04-29
U0418,2024-04-23,2024-04-01,2024-05-01
U0418,2024-04-23,2024-04-01,2024-05-02
U0418,2024-04-23,2024-04-01,2024-05-03
U0418,2024-04-23,2024-04-01,2024-05-05
U0418,2024-04-23,2024-04-01,2024-05-06
U0418,2024-04-23,2024-04-01,2024-05-07
U0418,2024-04-23,2024-04-01,2024-05-08
U0418,2024-04-23,2024-04-01,2024-05-09
U0418,2024-04-23,2024-04-01,2024-05-10
U0418,2024-04-23,2024-04-01,2024-05-11
U0418,2024-04-23,2024-04-01,2024-05-12
U0418,2024-04-23,2024-04-01,2024-05-13
U0418,2024-04-23,2024-04-01,2024-05-14
U0418,2024-04-23,2024-04-01,2024-05-15
U0418,2024-04-23,2024-04-01,2024-05-16
U0418,2024-04-23,2024-04-01,2024-05-17
U0418,2024-04-23,2024-04-01,2024-05-18
U0418,2024-04-23,2024-04-01,2024-05-19
U0418,2024-04-23,2024-04-01,2024-05-20
U0418,2024-04-23,2024-04-01,2024-05-21
U0418,2024-04-23,2024-04-01,2024-05-24
U0419,2024-05-03,2024-05-01,2024-05-03
U0419,2024-05-03,2024-05-01,2024-05-06
U0419,2024-05-03,2024-05-01,2024-05-09
U0419,2024-05-03,2024-05-01,2024-05-12
U0419,2024-05-03,2024-05-01,2024-05-15
U0419,2024-05-03,2024-05-01,2024-05-21
U0419,2024-05-03,2024-05-01,2024-05-24
U0419,2024-05-03,2024-05-01,2024-05-27
U0419,2024-05-03,2024-05-01,2024-06-02
U0420,2024-04-15,2024-04-01,2024-04-15
U0420,2024-04-15,2024-04-01,2024-04-19
U0420,2024-04-15,2024-04-01,2024-04-23
U0420,2024-04-15,2024-04-01,2024-04-25
U0420,2024-04-15,2024-04-01,2024-04-29
U0420,2024-04-15,2024-04-01,2024-05-01
U0420,2024-04-15,2024-04-01,2024-05-05
U0420,2024-04-15,2024-04-01,2024-05-09
U0420,2024-04-15,2024-04-01,2024-05-11
U0420,2024-04-15,2024-04-01,2024-05-13
U0420,2024-04-15,2024-04-01,2024-05-15
U0420,2024-04-15,2024-04-01,2024-05-19
U0420,2024-04-15,2024-04-01,2024-05-21
U0420,2024-04-15,2024-04-01,2024-05-23
U0420,2024-04-15,2024-04-01,2024-05-25
U0420,2024-04-15,2024-04-01,2024-05-27
U0420,2024-04-15,2024-04-01,2024-05-31
U0420,2024-04-15,2024-04-01,2024-06-02
U0420,2024-04-15,2024-04-01,2024-06-06
U0420,2024-04-15,2024-04-01,2024-06-08
U0420,2024-04-15,2024-04-01,2024-06-10
U0421,2024-06-06,2024-06-01,2024-06-06
U0421,2024-06-06,2024-06-01,2024-06-10
U0421,2024-06-06,2024-06-01,2024-06-14
U0421,2024-06-06,2024-06-01,2024-06-18
U0421,2024-06-06,2024-06-01,2024-06-22
U0421,2024-06-06,2024-06-01,2024-06-30
U0421,2024-06-06,2024-06-01,2024-07-04
U0422,2024-05-26,2024-05-01,2024-05-26
U0422,2024-05-26,2024-05-01,2024-05-29
U0422,2024-05-26,2024-05-01,2024-06-01
U0422,2024-05-26,2024-05-01,2024-06-04
U0422,2024-05-26,2024-05-01,2024-06-10
U0422,2024-05-26,2024-05-01,2024-06-13
U0422,2024-05-26,2024-05-01,2024-06-19
U0422,2024-05-26,2024-05-01,2024-06-22
U0422,2024-05-26,2024-05-01,2024-06-25
U0422,2024-05-26,2024-05-01,2024-07-01
U0422,2024-05-26,2024-05-01,2024-07-07
U0423,2024-05-24,2024-05-01,2024-05-24
U0423,2024-05-24,2024-05-01,2024-05-25
U0423,2024-05-24,2024-05-01,2024-05-26
U0423,2024-05-24,2024-05-01,2024-05-27
U0423,2024-05-24,2024-05-01,2024-05-28
U0423,2024-05-24,2024-05-01,2024-05-29
U0423,2024-05-24,2024-05-01,2024-05-30
U0423,2024-05-24,2024-05-01,2024-05-31
U0423,2024-05-24,2024-05-01,2024-06-01
U0423,2024-05-24,2024-05-01,2024-06-02
U0423,2024-05-24,2024-05-01,2024-06-04
U0423,2024-05-24,2024-05-01,2024-06-05
U0423,2024-05-24,2024-05-01,2024-06-07
U0423,2024-05-24,2024-05-01,2024-06-09
U0423,2024-05-24,2024-05-01,2024-06-11
U0423,2024-05-24,2024-05-01,2024-06-13
U0423,2024-05-24,2024-05-01,2024-06-14
U0423,2024-05-24,2024-05-01,2024-06-15
U0423,2024-05-24,2024-05-01,2024-06-16
U0423,2024-05-24,2024-05-01,2024-06-18
U0423,2024-05-24,2024-05-01,2024-06-20
U0423,2024-05-24,2024-05-01,2024-06-22
U0423,2024-05-24,2024-05-01,2024-06-25
U0423,2024-05-24,2024-05-01,2024-06-28
U0423,2024-05-24,2024-05-01,2024-06-30
U0424,2024-04-29,2024-04-01,2024-04-29
U0424,2024-04-29,2024-04-01,2024-05-01
U0424,2024-04-29,2024-04-01,2024-05-03
U0424,2024-04-29,2024-04-01,2024-05-05
U0424,2024-04-29,2024-04-01,2024-05-07
U0424,2024-04-29,2024-04-01,2024-05-09
U0424,2024-04-29,2024-04-01,2024-05-11
U0424,2024-04-29,2024-04-01,2024-05-13
U0424,2024-04-29,2024-04-01,2024-05-15
U0424,2024-04-29,2024-04-01,2024-05-17
U0424,2024-04-29,2024-04-01,2024-05-19
U0424,2024-04-29,2024-04-01,2024-05-21
U0424,2024-04-29,2024-04-01,2024-05-25
U0424,2024-04-29,2024-04-01,2024-05-29
U0424,2024-04-29,2024-04-01,2024-05-31
U0424,2024-04-29,2024-04-01,2024-06-02
U0424,2024-04-29,2024-04-01,2024-06-08
U0424,2024-04-29,2024-04-01,2024-06-10
U0424,2024-04-29,2024-04-01,2024-06-14
U0424,2024-04-29,2024-04-01,2024-06-18
U0425,2024-03-03,2024-03-01,2024-03-03
U0425,2024-03-03,2024-03-01,2024-03-07
U0425,2024-03-03,2024-03-01,2024-03-11
U0425,2024-03-03,2024-03-01,2024-03-15
U0425,2024-03-03,2024-03-01,2024-03-19
U0425,2024-03-03,2024-03-01,2024-03-23
U0425,2024-03-03,2024-03-01,2024-04-04
U0425,2024-03-03,2024-03-01,2024-04-08
U0425,2024-03-03,2024-03-01,2024-04-12
U0425,2024-03-03,2024-03-01,2024-04-16
U0425,2024-03-03,2024-03-01,2024-04-20
U0426,2024-01-19,2024-01-01,2024-01-19
U0426,2024-01-19,2024-01-01,2024-01-21
U0426,2024-01-19,2024-01-01,2024-01-23
U0426,2024-01-19,2024-01-01,2024-01-25
U0426,2024-01-19,2024-01-01,2024-01-27
U0426,2024-01-19,2024-01-01,2024-01-29
U0426,2024-01-19,2024-01-01,2024-01-31
U0426,2024-01-19,2024-01-01,2024-02-02
U0426,2024-01-19,2024-01-01,2024-02-04
U0426,2024-01-19,2024-01-01,2024-02-08
U0426,2024-01-19,2024-01-01,2024-02-10
U0426,2024-01-19,2024-01-01,2024-02-12
U0426,2024-01-19,2024-01-01,2024-02-14
U0427,2024-04-01,2024-04-01,2024-04-01
U0427,2024-04-01,2024-04-01,2024-04-03
U0427,2024-04-01,2024-04-01,2024-04-05
U0427,2024-04-01,2024-04-01,2024-04-07
U0427,2024-04-01,2024-04-01,2024-04-09
U0427,2024-04-01,2024-04-01,2024-04-11
U0427,2024-04-01,2024-04-01,2024-04-13
U0427,2024-04-01,2024-04-01,2024-04-17
U0427,2024-04-01,2024-04-01,2024-04-19
U0427,2024-04-01,2024-04-01,2024-04-21
U0427,2024-04-01,2024-04-01,2024-04-23
U0427,2024-04-01,2024-04-01,2024-04-27
U0427,2024-04-01,2024-04-01,2024-05-01
U0427,2024-04-01,2024-04-01,2024-05-07
U0427,2024-04-01,2024-04-01,2024-05-09
U0427,2024-04-01,2024-04-01,2024-05-13
U0427,2024-04-01,2024-04-01,2024-05-15
U0427,2024-04-01,2024-04-01,2024-05-17
U0427,2024-04-01,2024-04-01,2024-05-19
U0427,2024-04-01,2024-04-01,2024-05-21
U0427,2024-04-01,2024-04-01,2024-05-27
U0428,2024-02-27,2024-02-01,2024-02-27
U0428,2024-02-27,2024-02-01,2024-02-28
U0428,2024-02-27,2024-02-01,2024-02-29
U0428,2024-02-27,2024-02-01,2024-03-01
U0428,2024-02-27,2024-02-01,2024-03-02
U0428,2024-02-27,2024-02-01,2024-03-03
U0428,2024-02-27,2024-02-01,2024-03-04
U0428,2024-02-27,2024-02-01,2024-03-05
U0428,2024-02-27,2024-02-01,2024-03-06
U0428,2024-02-27,2024-02-01,2024-03-07
U0428,2024-02-27,2024-02-01,2024-03-08
U0428,2024-02-27,2024-02-01,2024-03-09
U0428,2024-02-27,2024-02-01,2024-03-10
U0428,2024-02-27,2024-02-01,2024-03-11
U0428,2024-02-27,2024-02-01,2024-03-12
U0428,2024-02-27,2024-02-01,2024-03-14
U0428,2024-02-27,2024-02-01,2024-03-15
U0428,2024-02-27,2024-02-01,2024-03-16
U0428,2024-02-27,2024-02-01,2024-03-19
U0428,2024-02-27,2024-02-01,2024-03-20
U0428,2024-02-27,2024-02-01,2024-03-22
U0428,2024-02-27,2024-02-01,2024-03-23
U0428,2024-02-27,2024-02-01,2024-03-24
U0428,2024-02-27,2024-02-01,2024-03-25
U0428,2024-02-27,2024-02-01,2024-03-27
U0428,2024-02-27,2024-02-01,2024-03-28
U0429,2024-03-30,2024-03-01,2024-03-30
U0429,2024-03-30,2024-03-01,2024-03-31
U0429,2024-03-30,2024-03-01,2024-04-01
U0429,2024-03-30,2024-03-01,2024-04-02
U0429,2024-03-30,2024-03-01,2024-04-03
U0429,2024-03-30,2024-03-01,2024-04-04
U0429,2024-03-30,2024-03-01,2024-04-05
U0429,2024-03-30,2024-03-01,2024-04-06
U0429,2024-03-30,2024-03-01,2024-04-07
U0429,2024-03-30,2024-03-01,2024-04-08
U0429,2024-03-30,2024-03-01,2024-04-09
U0429,2024-03-30,2024-03-01,2024-04-11
U0429,2024-03-30,2024-03-01,2024-04-12
U0429,2024-03-30,2024-03-01,2024-04-14
U0429,2024-03-30,2024-03-01,2024-04-16
U0429,2024-03-30,2024-03-01,2024-04-17
U0429,2024-03-30,2024-03-01,2024-04-18
U0429,2024-03-30,2024-03-01,2024-04-19
U0429,2024-03-30,2024-03-01,2024-04-20
U0429,2024-03-30,2024-03-01,2024-04-21
U0429,2024-03-30,2024-03-01,2024-04-22
U0429,2024-03-30,2024-03-01,2024-04-23
U0429,2024-03-30,2024-03-01,2024-04-24
U0429,2024-03-30,2024-03-01,2024-04-26
U0429,2024-03-30,2024-03-01,2024-04-27
U0429,2024-03-30,2024-03-01,2024-04-28
U0429,2024-03-30,2024-03-01,2024-04-29
U0429,2024-03-30,2024-03-01,2024-05-01
U0429,2024-03-30,2024-03-01,2024-05-03
U0429,2024-03-30,2024-03-01,2024-05-05
U0429,2024-03-30,2024-03-01,2024-05-10
U0429,2024-03-30,2024-03-01,2024-05-12
U0429,2024-03-30,2024-03-01,2024-05-13
U0429,2024-03-30,2024-03-01,2024-05-14
U0429,2024-03-30,2024-03-01,2024-05-23
U0429,2024-03-30,2024-03-01,2024-06-01
U0429,2024-03-30,2024-03-01,2024-06-06
U0429,2024-03-30,2024-03-01,2024-06-07
U0430,2024-04-26,2024-04-01,2024-04-26
U0430,2024-04-26,2024-04-01,2024-04-27
U0430,2024-04-26,2024-04-01,2024-04-28
U0430,2024-04-26,2024-04-01,2024-04-29
U0430,2024-04-26,2024-04-01,2024-04-30
U0430,2024-04-26,2024-04-01,2024-05-01
U0430,2024-04-26,2024-04-01,2024-05-02
U0430,2024-04-26,2024-04-01,2024-05-03
U0430,2024-04-26,2024-04-01,2024-05-04
U0430,2024-04-26,2024-04-01,2024-05-05
U0430,2024-04-26,2024-04-01,2024-05-06
U0430,2024-04-26,2024-04-01,2024-05-07
U0430,2024-04-26,2024-04-01,2024-05-08
U0430,2024-04-26,2024-04-01,2024-05-09
U0430,2024-04-26,2024-04-01,2024-05-10
U0430,2024-04-26,2024-04-01,2024-05-11
U0430,2024-04-26,2024-04-01,2024-05-12
U0430,2024-04-26,2024-04-01,2024-05-14
U0430,2024-04-26,2024-04-01,2024-05-16
U0430,2024-04-26,2024-04-01,2024-05-17
U0430,2024-04-26,2024-04-01,2024-05-18
U0430,2024-04-26,2024-04-01,2024-05-20
U0430,2024-04-26,2024-04-01,2024-05-21
U0430,2024-04-26,2024-04-01,2024-05-22
U0430,2024-04-26,2024-04-01,2024-05-23
U0430,2024-04-26,2024-04-01,2024-05-26
U0430,2024-04-26,2024-04-01,2024-05-27
U0430,2024-04-26,2024-04-01,2024-05-28
U0430,2024-04-26,2024-04-01,2024-05-30
U0430,2024-04-26,2024-04-01,2024-06-02
U0430,2024-04-26,2024-04-01,2024-06-05
U0430,2024-04-26,2024-04-01,2024-06-06
U0430,2024-04-26,2024-04-01,2024-06-08
U0430,2024-04-26,2024-04-01,2024-06-09
U0430,2024-04-26,2024-04-01,2024-06-10
U0430,2024-04-26,2024-04-01,2024-06-14
U0430,2024-04-26,2024-04-01,2024-06-17
U0430,2024-04-26,2024-04-01,2024-06-18
U0430,2024-04-26,2024-04-01,2024-06-24
U0430,2024-04-26,2024-04-01,2024-06-28
U0430,2024-04-26,2024-04-01,2024-07-07
U0430,2024-04-26,2024-04-01,2024-07-13
U0431,2024-03-02,2024-03-01,2024-03-02
U0431,2024-03-02,2024-03-01,2024-03-04
U0431,2024-03-02,2024-03-01,2024-03-06
U0431,2024-03-02,2024-03-01,2024-03-08
U0431,2024-03-02,2024-03-01,2024-03-10
U0431,2024-03-02,2024-03-01,2024-03-12
U0431,2024-03-02,2024-03-01,2024-03-14
U0431,2024-03-02,2024-03-01,2024-03-16
U0432,2024-01-23,2024-01-01,2024-01-23
U0432,2024-01-23,2024-01-01,2024-01-27
U0432,2024-01-23,2024-01-01,2024-01-31
U0432,2024-01-23,2024-01-01,2024-02-04
U0432,2024-01-23,2024-01-01,2024-02-16
U0432,2024-01-23,2024-01-01,2024-02-24
U0433,2024-05-06,2024-05-01,2024-05-06
U0433,2024-05-06,2024-05-01,2024-05-12
U0433,2024-05-06,2024-05-01,2024-05-15
U0433,2024-05-06,2024-05-01,2024-05-18
U0433,2024-05-06,2024-05-01,2024-05-21
U0433,2024-05-06,2024-05-01,2024-05-27
U0433,2024-05-06,2024-05-01,2024-05-30
U0433,2024-05-06,2024-05-01,2024-06-02
U0433,2024-05-06,2024-05-01,2024-06-05
U0433,2024-05-06,2024-05-01,2024-06-11
U0433,2024-05-06,2024-05-01,2024-06-17
U0433,2024-05-06,2024-05-01,2024-06-23
U0433,2024-05-06,2024-05-01,2024-06-26
U0433,2024-05-06,2024-05-01,2024-07-05
U0434,2024-05-16,2024-05-01,2024-05-16
U0434,2024-05-16,2024-05-01,2024-05-18
U0434,2024-05-16,2024-05-01,2024-05-20
U0434,2024-05-16,2024-05-01,2024-05-22
U0434,2024-05-16,2024-05-01,2024-05-24
U0434,2024-05-16,2024-05-01,2024-05-26
U0434,2024-05-16,2024-05-01,2024-05-28
U0434,2024-05-16,2024-05-01,2024-05-30
U0434,2024-05-16,2024-05-01,2024-06-01
U0434,2024-05-16,2024-05-01,2024-06-03
U0434,2024-05-16,2024-05-01,2024-06-05
U0434,2024-05-16,2024-05-01,2024-06-07
U0434,2024-05-16,2024-05-01,2024-06-11
U0434,2024-05-16,2024-05-01,2024-06-13
U0434,2024-05-16,2024-05-01,2024-06-17
U0434,2024-05-16,2024-05-01,2024-06-19
U0434,2024-05-16,2024-05-01,2024-06-21
U0434,2024-05-16,2024-05-01,2024-06-23
U0434,2024-05-16,2024-05-01,2024-06-29
U0435,2024-05-19,2024-05-01,2024-05-19
U0435,2024-05-19,2024-05-01,2024-05-21
U0435,2024-05-19,2024-05-01,2024-05-23
U0435,2024-05-19,2024-05-01,2024-05-25
U0435,2024-05-19,2024-05-01,2024-05-27
U0435,2024-05-19,2024-05-01,2024-05-29
U0435,2024-05-19,2024-05-01,2024-05-31
U0435,2024-05-19,2024-05-01,2024-06-04
U0435,2024-05-19,2024-05-01,2024-06-06
U0435,2024-05-19,2024-05-01,2024-06-10
U0435,2024-05-19,2024-05-01,2024-06-16
U0435,2024-05-19,2024-05-01,2024-06-18
U0435,2024-05-19,2024-05-01,2024-06-20
U0435,2024-05-19,2024-05-01,2024-06-22
U0435,2024-05-19,2024-05-01,2024-06-24
U0435,2024-05-19,2024-05-01,2024-06-30
U0435,2024-05-19,2024-05-01,2024-07-02
U0436,2024-05-08,2024-05-01,2024-05-08
U0436,2024-05-08,2024-05-01,2024-05-11
U0436,2024-05-08,2024-05-01,2024-05-14
U0436,2024-05-08,2024-05-01,2024-05-17
U0436,2024-05-08,2024-05-01,2024-05-20
U0436,2024-05-08,2024-05-01,2024-05-23
U0436,2024-05-08,2024-05-01,2024-05-26
U0436,2024-05-08,2024-05-01,2024-05-29
U0436,2024-05-08,2024-05-01,2024-06-01
U0436,2024-05-08,2024-05-01,2024-06-04
U0437,2024-02-27,2024-02-01,2024-02-27
U0437,2024-02-27,2024-02-01,2024-03-02
U0437,2024-02-27,2024-02-01,2024-03-06
U0437,2024-02-27,2024-02-01,2024-03-10
U0437,2024-02-27,2024-02-01,2024-03-18
U0437,2024-02-27,2024-02-01,2024-03-22
U0437,2024-02-27,2024-02-01,2024-03-26
U0437,2024-02-27,2024-02-01,2024-03-30
U0438,2024-05-01,2024-05-01,2024-05-01
U0438,2024-05-01,2024-05-01,2024-05-05
U0438,2024-05-01,2024-05-01,2024-05-13
U0438,2024-05-01,2024-05-01,2024-05-17
U0439,2024-01-01,2024-01-01,2024-01-01
U0439,2024-01-01,2024-01-01,2024-01-07
U0439,2024-01-01,2024-01-01,2024-01-10
U0439,2024-01-01,2024-01-01,2024-01-13
U0439,2024-01-01,2024-01-01,2024-01-16
U0439,2024-01-01,2024-01-01,2024-01-19
U0439,2024-01-01,2024-01-01,2024-01-22
U0439,2024-01-01,2024-01-01,2024-01-25
U0439,2024-01-01,2024-01-01,2024-01-28
U0439,2024-01-01,2024-01-01,2024-02-03
U0439,2024-01-01,2024-01-01,2024-02-06
U0439,2024-01-01,2024-01-01,2024-02-09
U0439,2024-01-01,2024-01-01,2024-02-15
U0440,2024-02-03,2024-02-01,2024-02-03
U0440,2024-02-03,2024-02-01,2024-02-05
U0440,2024-02-03,2024-02-01,2024-02-07
U0440,2024-02-03,2024-02-01,2024-02-13
U0440,2024-02-03,2024-02-01,2024-02-15
U0440,2024-02-03,2024-02-01,2024-02-17
U0440,2024-02-03,2024-02-01,2024-02-19
U0440,2024-02-03,2024-02-01,2024-02-21
U0440,2024-02-03,2024-02-01,2024-02-23
U0440,2024-02-03,2024-02-01,2024-02-25
U0440,2024-02-03,2024-02-01,2024-02-29
U0440,2024-02-03,2024-02-01,2024-03-02
U0440,2024-02-03,2024-02-01,2024-03-04
U0440,2024-02-03,2024-02-01,2024-03-10
U0440,2024-02-03,2024-02-01,2024-03-12
U0440,2024-02-03,2024-02-01,2024-03-14
U0440,2024-02-03,2024-02-01,2024-03-16
U0440,2024-02-03,2024-02-01,2024-03-18
U0441,2024-04-05,2024-04-01,2024-04-05
U0441,2024-04-05,2024-04-01,2024-04-07
U0441,2024-04-05,2024-04-01,2024-04-09
U0441,2024-04-05,2024-04-01,2024-04-11
U0441,2024-04-05,2024-04-01,2024-04-13
U0441,2024-04-05,2024-04-01,2024-04-15
U0441,2024-04-05,2024-04-01,2024-04-17
U0441,2024-04-05,2024-04-01,2024-04-21
U0441,2024-04-05,2024-04-01,2024-04-23
U0441,2024-04-05,2024-04-01,2024-04-25
U0441,2024-04-05,2024-04-01,2024-04-29
U0441,2024-04-05,2024-04-01,2024-05-01
U0441,2024-04-05,2024-04-01,2024-05-05
U0441,2024-04-05,2024-04-01,2024-05-11
U0441,2024-04-05,2024-04-01,2024-05-15
U0441,2024-04-05,2024-04-01,2024-05-17
U0441,2024-04-05,2024-04-01,2024-05-25
U0441,2024-04-05,2024-04-01,2024-05-29
U0441,2024-04-05,2024-04-01,2024-05-31
U0441,2024-04-05,2024-04-01,2024-06-06
U0441,2024-04-05,2024-04-01,2024-06-08
U0441,2024-04-05,2024-04-01,2024-06-16
U0442,2024-05-05,2024-05-01,2024-05-05
U0442,2024-05-05,2024-05-01,2024-05-09
U0442,2024-05-05,2024-05-01,2024-05-13
U0442,2024-05-05,2024-05-01,2024-05-17
U0442,2024-05-05,2024-05-01,2024-05-21
U0442,2024-05-05,2024-05-01,2024-05-25
U0442,2024-05-05,2024-05-01,2024-05-29
U0443,2024-04-27,2024-04-01,2024-04-27
U0443,2024-04-27,2024-04-01,2024-04-29
U0443,2024-04-27,2024-04-01,2024-05-01
U0443,2024-04-27,2024-04-01,2024-05-03
U0443,2024-04-27,2024-04-01,2024-05-05
U0443,2024-04-27,2024-04-01,2024-05-07
U0443,2024-04-27,2024-04-01,2024-05-09
U0443,2024-04-27,2024-04-01,2024-05-11
U0443,2024-04-27,2024-04-01,2024-05-15
U0443,2024-04-27,2024-04-01,2024-05-17
U0443,2024-04-27,2024-04-01,2024-05-19
U0443,2024-04-27,2024-04-01,2024-05-21
U0443,2024-04-27,2024-04-01,2024-05-29
U0443,2024-04-27,2024-04-01,2024-05-31
U0443,2024-04-27,2024-04-01,2024-06-02
U0443,2024-04-27,2024-04-01,2024-06-20
U0443,2024-04-27,2024-04-01,2024-07-02
U0443,2024-04-27,2024-04-01,2024-07-06
U0443,2024-04-27,2024-04-01,2024-07-12
U0443,2024-04-27,2024-04-01,2024-07-14
U0443,2024-04-27,2024-04-01,2024-07-20
U0444,2024-02-17,2024-02-01,2024-02-17
U0444,2024-02-17,2024-02-01,2024-02-20
U0444,2024-02-17,2024-02-01,2024-02-23
U0444,2024-02-17,2024-02-01,2024-02-26
U0444,2024-02-17,2024-02-01,2024-02-29
U0444,2024-02-17,2024-02-01,2024-03-03
U0444,2024-02-17,2024-02-01,2024-03-06
U0444,2024-02-17,2024-02-01,2024-03-24
U0444,2024-02-17,2024-02-01,2024-03-27
U0444,2024-02-17,2024-02-01,2024-03-30
U0444,2024-02-17,2024-02-01,2024-04-02
U0444,2024-02-17,2024-02-01,2024-04-17
U0445,2024-03-29,2024-03-01,2024-03-29
U0445,2024-03-29,2024-03-01,2024-03-31
U0445,2024-03-29,2024-03-01,2024-04-02
U0445,2024-03-29,2024-03-01,2024-04-04
U0445,2024-03-29,2024-03-01,2024-04-06
U0446,2024-04-26,2024-04-01,2024-04-26
U0446,2024-04-26,2024-04-01,2024-04-30
U0446,2024-04-26,2024-04-01,2024-05-04
U0446,2024-04-26,2024-04-01,2024-05-08
U0446,2024-04-26,2024-04-01,2024-05-12
U0446,2024-04-26,2024-04-01,2024-05-20
U0447,2024-05-08,2024-05-01,2024-05-08
U0447,2024-05-08,2024-05-01,2024-05-11
U0447,2024-05-08,2024-05-01,2024-05-14
U0447,2024-05-08,2024-05-01,2024-05-17
U0447,2024-05-08,2024-05-01,2024-05-20
U0447,2024-05-08,2024-05-01,2024-05-23
U0447,2024-05-08,2024-05-01,2024-05-26
U0447,2024-05-08,2024-05-01,2024-05-29
U0447,2024-05-08,2024-05-01,2024-06-01
U0447,2024-05-08,2024-05-01,2024-06-04
U0448,2024-01-16,2024-01-01,2024-01-16
U0448,2024-01-16,2024-01-01,2024-01-18
U0448,2024-01-16,2024-01-01,2024-01-20
U0448,2024-01-16,2024-01-01,2024-01-22
U0448,2024-01-16,2024-01-01,2024-01-24
U0448,2024-01-16,2024-01-01,2024-01-26
U0448,2024-01-16,2024-01-01,2024-01-28
U0448,2024-01-16,2024-01-01,2024-02-01
U0448,2024-01-16,2024-01-01,2024-02-03
U0448,2024-01-16,2024-01-01,2024-02-05
U0448,2024-01-16,2024-01-01,2024-02-09
U0448,2024-01-16,2024-01-01,2024-02-11
U0448,2024-01-16,2024-01-01,2024-02-13
U0448,2024-01-16,2024-01-01,2024-02-15
U0448,2024-01-16,2024-01-01,2024-02-19
U0448,2024-01-16,2024-01-01,2024-02-21
U0448,2024-01-16,2024-01-01,2024-02-27
U0448,2024-01-16,2024-01-01,2024-02-29
U0449,2024-03-09,2024-03-01,2024-03-09
U0449,2024-03-09,2024-03-01,2024-03-10
U0449,2024-03-09,2024-03-01,2024-03-11
U0449,2024-03-09,2024-03-01,2024-03-12
U0449,2024-03-09,2024-03-01,2024-03-13
U0449,2024-03-09,2024-03-01,2024-03-14
U0449,2024-03-09,2024-03-01,2024-03-15
U0449,2024-03-09,2024-03-01,2024-03-16
U0449,2024-03-09,2024-03-01,2024-03-18
U0449,2024-03-09,2024-03-01,2024-03-19
U0449,2024-03-09,2024-03-01,2024-03-21
U0449,2024-03-09,2024-03-01,2024-03-23
U0449,2024-03-09,2024-03-01,2024-03-24
U0449,2024-03-09,2024-03-01,2024-03-25
U0449,2024-03-09,2024-03-01,2024-03-26
U0449,2024-03-09,2024-03-01,2024-03-27
U0449,2024-03-09,2024-03-01,2024-03-28
U0449,2024-03-09,2024-03-01,2024-03-30
U0449,2024-03-09,2024-03-01,2024-04-01
U0449,2024-03-09,2024-03-01,2024-04-03
U0449,2024-03-09,2024-03-01,2024-04-04
U0449,2024-03-09,2024-03-01,2024-04-05
U0449,2024-03-09,2024-03-01,2024-04-06
U0449,2024-03-09,2024-03-01,2024-04-08
U0449,2024-03-09,2024-03-01,2024-04-09
U0449,2024-03-09,2024-03-01,2024-04-13
U0449,2024-03-09,2024-03-01,2024-04-15
U0449,2024-03-09,2024-03-01,2024-04-19
U0449,2024-03-09,2024-03-01,2024-04-20
U0449,2024-03-09,2024-03-01,2024-04-21
U0449,2024-03-09,2024-03-01,2024-04-22
U0449,2024-03-09,2024-03-01,2024-04-23
U0449,2024-03-09,2024-03-01,2024-04-25
U0449,2024-03-09,2024-03-01,2024-04-27
U0449,2024-03-09,2024-03-01,2024-04-28
U0449,2024-03-09,2024-03-01,2024-05-02
U0449,2024-03-09,2024-03-01,2024-05-05
U0449,2024-03-09,2024-03-01,2024-05-08
U0450,2024-01-22,2024-01-01,2024-01-22
U0450,2024-01-22,2024-01-01,2024-01-23
U0450,2024-01-22,2024-01-01,2024-01-24
U0450,2024-01-22,2024-01-01,2024-01-25
U0450,2024-01-22,2024-01-01,2024-01-26
U0450,2024-01-22,2024-01-01,2024-01-27
U0450,2024-01-22,2024-01-01,2024-01-29
U0450,2024-01-22,2024-01-01,2024-01-31
U0450,2024-01-22,2024-01-01,2024-02-01
U0450,2024-01-22,2024-01-01,2024-02-02
U0450,2024-01-22,2024-01-01,2024-02-03
U0450,2024-01-22,2024-01-01,2024-02-04
U0450,2024-01-22,2024-01-01,2024-02-05
U0450,2024-01-22,2024-01-01,2024-02-06
U0450,2024-01-22,2024-01-01,2024-02-07
U0450,2024-01-22,2024-01-01,2024-02-08
U0450,2024-01-22,2024-01-01,2024-02-09
U0450,2024-01-22,2024-01-01,2024-02-10
U0450,2024-01-22,2024-01-01,2024-02-11
U0450,2024-01-22,2024-01-01,2024-02-14
U0450,2024-01-22,2024-01-01,2024-02-15
U0450,2024-01-22,2024-01-01,2024-02-16
U0450,2024-01-22,2024-01-01,2024-02-17
U0450,2024-01-22,2024-01-01,2024-02-19
U0450,2024-01-22,2024-01-01,2024-02-20
U0450,2024-01-22,2024-01-01,2024-02-22
U0450,2024-01-22,2024-01-01,2024-02-23
U0450,2024-01-22,2024-01-01,2024-02-24
U0450,2024-01-22,2024-01-01,2024-02-25
U0450,2024-01-22,2024-01-01,2024-02-26
U0450,2024-01-22,2024-01-01,2024-02-27
U0450,2024-01-22,2024-01-01,2024-03-01
U0450,2024-01-22,2024-01-01,2024-03-03
U0450,2024-01-22,2024-01-01,2024-03-04
U0450,2024-01-22,2024-01-01,2024-03-05
U0450,2024-01-22,2024-01-01,2024-03-07
U0450,2024-01-22,2024-01-01,2024-03-13
U0450,2024-01-22,2024-01-01,2024-03-14
U0450,2024-01-22,2024-01-01,2024-03-17
U0450,2024-01-22,2024-01-01,2024-03-18
U0450,2024-01-22,2024-01-01,2024-03-21
U0451,2024-04-02,2024-04-01,2024-04-02
U0451,2024-04-02,2024-04-01,2024-04-04
U0451,2024-04-02,2024-04-01,2024-04-06
U0451,2024-04-02,2024-04-01,2024-04-08
U0451,2024-04-02,2024-04-01,2024-04-10
U0451,2024-04-02,2024-04-01,2024-04-12
U0451,2024-04-02,2024-04-01,2024-04-14
U0451,2024-04-02,2024-04-01,2024-04-18
U0451,2024-04-02,2024-04-01,2024-04-22
U0451,2024-04-02,2024-04-01,2024-04-24
U0451,2024-04-02,2024-04-01,2024-04-26
U0451,2024-04-02,2024-04-01,2024-04-28
U0451,2024-04-02,2024-04-01,2024-05-04
U0451,2024-04-02,2024-04-01,2024-05-10
U0451,2024-04-02,2024-04-01,2024-05-14
U0451,2024-04-02,2024-04-01,2024-05-18
U0451,2024-04-02,2024-04-01,2024-05-22
U0451,2024-04-02,2024-04-01,2024-05-28
U0451,2024-04-02,2024-04-01,2024-05-30
U0451,2024-04-02,2024-04-01,2024-06-05
U0451,2024-04-02,2024-04-01,2024-06-09
U0451,2024-04-02,2024-04-01,2024-06-11
U0451,2024-04-02,2024-04-01,2024-06-13
U0451,2024-04-02,2024-04-01,2024-06-15
U0452,2024-03-16,2024-03-01,2024-03-16
U0452,2024-03-16,2024-03-01,2024-03-20
U0452,2024-03-16,2024-03-01,2024-03-24
U0452,2024-03-16,2024-03-01,2024-03-28
U0452,2024-03-16,2024-03-01,2024-04-01
U0452,2024-03-16,2024-03-01,2024-04-05
U0452,2024-03-16,2024-03-01,2024-04-13
U0452,2024-03-16,2024-03-01,2024-04-21
U0452,2024-03-16,2024-03-01,2024-04-25
U0452,2024-03-16,2024-03-01,2024-04-29
U0452,2024-03-16,2024-03-01,2024-05-03
U0452,2024-03-16,2024-03-01,2024-05-07
U0452,2024-03-16,2024-03-01,2024-05-11
U0452,2024-03-16,2024-03-01,2024-05-19
U0452,2024-03-16,2024-03-01,2024-06-04
U0453,2024-06-02,2024-06-01,2024-06-02
U0453,2024-06-02,2024-06-01,2024-06-03
U0453,2024-06-02,2024-06-01,2024-06-04
U0453,2024-06-02,2024-06-01,2024-06-05
U0453,2024-06-02,2024-06-01,2024-06-06
U0453,2024-06-02,2024-06-01,2024-06-08
U0453,2024-06-02,2024-06-01,2024-06-09
U0453,2024-06-02,2024-06-01,2024-06-10
U0453,2024-06-02,2024-06-01,2024-06-11
U0453,2024-06-02,2024-06-01,2024-06-12
U0453,2024-06-02,2024-06-01,2024-06-14
U0453,2024-06-02,2024-06-01,2024-06-15
U0453,2024-06-02,2024-06-01,2024-06-16
U0453,2024-06-02,2024-06-01,2024-06-18
U0453,2024-06-02,2024-06-01,2024-06-19
U0453,2024-06-02,2024-06-01,2024-06-20
U0453,2024-06-02,2024-06-01,2024-06-21
U0453,2024-06-02,2024-06-01,2024-06-23
U0453,2024-06-02,2024-06-01,2024-06-24
U0453,2024-06-02,2024-06-01,2024-06-25
U0453,2024-06-02,2024-06-01,2024-06-27
U0453,2024-06-02,2024-06-01,2024-06-28
U0453,2024-06-02,2024-06-01,2024-06-29
U0453,2024-06-02,2024-06-01,2024-07-03
U0453,2024-06-02,2024-06-01,2024-07-04
U0453,2024-06-02,2024-06-01,2024-07-06
U0453,2024-06-02,2024-06-01,2024-07-10
U0453,2024-06-02,2024-06-01,2024-07-14
U0453,2024-06-02,2024-06-01,2024-07-15
U0453,2024-06-02,2024-06-01,2024-07-16
U0453,2024-06-02,2024-06-01,2024-07-17
U0453,2024-06-02,2024-06-01,2024-07-18
U0453,2024-06-02,2024-06-01,2024-07-23
U0453,2024-06-02,2024-06-01,2024-07-25
U0453,2024-06-02,2024-06-01,2024-07-26
U0453,2024-06-02,2024-06-01,2024-07-30
U0453,2024-06-02,2024-06-01,2024-08-01
U0453,2024-06-02,2024-06-01,2024-08-02
U0453,2024-06-02,2024-06-01,2024-08-13
U0453,2024-06-02,2024-06-01,2024-08-18
U0453,2024-06-02,2024-06-01,2024-08-21
U0454,2024-05-23,2024-05-01,2024-05-23
U0454,2024-05-23,2024-05-01,2024-05-27
U0454,2024-05-23,2024-05-01,2024-05-31
U0454,2024-05-23,2024-05-01,2024-06-04
U0454,2024-05-23,2024-05-01,2024-06-12
U0454,2024-05-23,2024-05-01,2024-06-20
U0455,2024-06-27,2024-06-01,2024-06-27
U0455,2024-06-27,2024-06-01,2024-06-30
U0455,2024-06-27,2024-06-01,2024-07-03
U0455,2024-06-27,2024-06-01,2024-07-06
U0455,2024-06-27,2024-06-01,2024-07-09
U0455,2024-06-27,2024-06-01,2024-07-12
U0455,2024-06-27,2024-06-01,2024-07-15
U0455,2024-06-27,2024-06-01,2024-07-18
U0455,2024-06-27,2024-06-01,2024-07-21
U0455,2024-06-27,2024-06-01,2024-07-27
U0455,2024-06-27,2024-06-01,2024-07-30
U0455,2024-06-27,2024-06-01,2024-08-02
U0455,2024-06-27,2024-06-01,2024-08-05
U0455,2024-06-27,2024-06-01,2024-08-11
U0455,2024-06-27,2024-06-01,2024-08-14
U0455,2024-06-27,2024-06-01,2024-08-23
U0456,2024-03-26,2024-03-01,2024-03-26
U0456,2024-03-26,2024-03-01,2024-03-28
U0456,2024-03-26,2024-03-01,2024-03-30
U0456,2024-03-26,2024-03-01,2024-04-01
U0456,2024-03-26,2024-03-01,2024-04-03
U0456,2024-03-26,2024-03-01,2024-04-07
U0456,2024-03-26,2024-03-01,2024-04-09
U0457,2024-01-29,2024-01-01,2024-01-29
U0457,2024-01-29,2024-01-01,2024-01-31
U0457,2024-01-29,2024-01-01,2024-02-02
U0457,2024-01-29,2024-01-01,2024-02-10
U0457,2024-01-29,2024-01-01,2024-02-14
U0457,2024-01-29,2024-01-01,2024-02-16
U0457,2024-01-29,2024-01-01,2024-02-20
U0457,2024-01-29,2024-01-01,2024-02-22
U0457,2024-01-29,2024-01-01,2024-02-24
U0457,2024-01-29,2024-01-01,2024-02-26
U0458,2024-03-09,2024-03-01,2024-03-09
U0458,2024-03-09,2024-03-01,2024-03-11
U0458,2024-03-09,2024-03-01,2024-03-13
U0458,2024-03-09,2024-03-01,2024-03-15
U0458,2024-03-09,2024-03-01,2024-03-17
U0458,2024-03-09,2024-03-01,2024-03-19
U0458,2024-03-09,2024-03-01,2024-03-23
U0458,2024-03-09,2024-03-01,2024-03-25
U0458,2024-03-09,2024-03-01,2024-03-29
U0458,2024-03-09,2024-03-01,2024-04-02
U0458,2024-03-09,2024-03-01,2024-04-08
U0458,2024-03-09,2024-03-01,2024-04-10
U0458,2024-03-09,2024-03-01,2024-04-14
U0459,2024-02-16,2024-02-01,2024-02-16
U0459,2024-02-16,2024-02-01,2024-02-18
U0459,2024-02-16,2024-02-01,2024-02-20
U0459,2024-02-16,2024-02-01,2024-02-22
U0459,2024-02-16,2024-02-01,2024-02-26
U0459,2024-02-16,2024-02-01,2024-02-28
U0459,2024-02-16,2024-02-01,2024-03-03
U0459,2024-02-16,2024-02-01,2024-03-05
U0459,2024-02-16,2024-02-01,2024-03-09
U0459,2024-02-16,2024-02-01,2024-03-11
U0459,2024-02-16,2024-02-01,2024-03-13
U0459,2024-02-16,2024-02-01,2024-03-19
U0459,2024-02-16,2024-02-01,2024-03-21
U0459,2024-02-16,2024-02-01,2024-04-02
U0459,2024-02-16,2024-02-01,2024-04-04
U0459,2024-02-16,2024-02-01,2024-04-06
U0459,2024-02-16,2024-02-01,2024-04-10
U0459,2024-02-16,2024-02-01,2024-04-14
U0459,2024-02-16,2024-02-01,2024-04-18
U0459,2024-02-16,2024-02-01,2024-04-20
U0459,2024-02-16,2024-02-01,2024-04-22
U0459,2024-02-16,2024-02-01,2024-05-10
U0459,2024-02-16,2024-02-01,2024-05-14
U0460,2024-04-03,2024-04-01,2024-04-03
U0460,2024-04-03,2024-04-01,2024-04-05
U0460,2024-04-03,2024-04-01,2024-04-07
U0460,2024-04-03,2024-04-01,2024-04-09
U0460,2024-04-03,2024-04-01,2024-04-11
U0460,2024-04-03,2024-04-01,2024-04-13
U0460,2024-04-03,2024-04-01,2024-04-15
U0460,2024-04-03,2024-04-01,2024-04-17
U0460,2024-04-03,2024-04-01,2024-04-19
U0460,2024-04-03,2024-04-01,2024-04-21
U0460,2024-04-03,2024-04-01,2024-04-23
U0460,2024-04-03,2024-04-01,2024-04-25
U0460,2024-04-03,2024-04-01,2024-04-27
U0460,2024-04-03,2024-04-01,2024-04-29
U0460,2024-04-03,2024-04-01,2024-05-05
U0460,2024-04-03,2024-04-01,2024-05-09
U0460,2024-04-03,2024-04-01,2024-05-11
U0460,2024-04-03,2024-04-01,2024-05-13
U0460,2024-04-03,2024-04-01,2024-05-15
U0461,2024-05-23,2024-05-01,2024-05-23
U0461,2024-05-23,2024-05-01,2024-05-27
U0461,2024-05-23,2024-05-01,2024-06-04
U0461,2024-05-23,2024-05-01,2024-06-08
U0461,2024-05-23,2024-05-01,2024-06-12
U0461,2024-05-23,2024-05-01,2024-06-16
U0461,2024-05-23,2024-05-01,2024-06-20
U0461,2024-05-23,2024-05-01,2024-07-02
U0461,2024-05-23,2024-05-01,2024-07-10
U0461,2024-05-23,2024-05-01,2024-07-14
U0461,2024-05-23,2024-05-01,2024-07-26
U0462,2024-06-24,2024-06-01,2024-06-24
U0462,2024-06-24,2024-06-01,2024-06-26
U0462,2024-06-24,2024-06-01,2024-06-28
U0462,2024-06-24,2024-06-01,2024-06-30
U0462,2024-06-24,2024-06-01,2024-07-02
U0462,2024-06-24,2024-06-01,2024-07-04
U0462,2024-06-24,2024-06-01,2024-07-08
U0462,2024-06-24,2024-06-01,2024-07-10
U0462,2024-06-24,2024-06-01,2024-07-12
U0462,2024-06-24,2024-06-01,2024-07-18
U0462,2024-06-24,2024-06-01,2024-07-20
U0462,2024-06-24,2024-06-01,2024-07-24
U0462,2024-06-24,2024-06-01,2024-07-30
U0462,2024-06-24,2024-06-01,2024-08-01
U0462,2024-06-24,2024-06-01,2024-08-03
U0462,2024-06-24,2024-06-01,2024-08-05
U0462,2024-06-24,2024-06-01,2024-08-07
U0462,2024-06-24,2024-06-01,2024-08-13
U0462,2024-06-24,2024-06-01,2024-08-21
U0462,2024-06-24,2024-06-01,2024-08-31
U0462,2024-06-24,2024-06-01,2024-09-14
U0463,2024-03-25,2024-03-01,2024-03-25
U0463,2024-03-25,2024-03-01,2024-03-27
U0463,2024-03-25,2024-03-01,2024-03-29
U0463,2024-03-25,2024-03-01,2024-03-31
U0463,2024-03-25,2024-03-01,2024-04-02
U0463,2024-03-25,2024-03-01,2024-04-04
U0463,2024-03-25,2024-03-01,2024-04-08
U0463,2024-03-25,2024-03-01,2024-04-10
U0463,2024-03-25,2024-03-01,2024-04-12
U0463,2024-03-25,2024-03-01,2024-04-14
U0463,2024-03-25,2024-03-01,2024-04-16
U0463,2024-03-25,2024-03-01,2024-04-24
U0463,2024-03-25,2024-03-01,2024-04-26
U0463,2024-03-25,2024-03-01,2024-04-28
U0463,2024-03-25,2024-03-01,2024-04-30
U0463,2024-03-25,2024-03-01,2024-05-02
U0463,2024-03-25,2024-03-01,2024-05-06
U0463,2024-03-25,2024-03-01,2024-05-12
U0463,2024-03-25,2024-03-01,2024-05-16
U0463,2024-03-25,2024-03-01,2024-05-26
U0464,2024-02-08,2024-02-01,2024-02-08
U0464,2024-02-08,2024-02-01,2024-02-09
U0464,2024-02-08,2024-02-01,2024-02-10
U0464,2024-02-08,2024-02-01,2024-02-11
U0464,2024-02-08,2024-02-01,2024-02-12
U0464,2024-02-08,2024-02-01,2024-02-13
U0464,2024-02-08,2024-02-01,2024-02-14
U0464,2024-02-08,2024-02-01,2024-02-16
U0464,2024-02-08,2024-02-01,2024-02-17
U0464,2024-02-08,2024-02-01,2024-02-18
U0464,2024-02-08,2024-02-01,2024-02-19
U0464,2024-02-08,2024-02-01,2024-02-21
U0464,2024-02-08,2024-02-01,2024-02-22
U0464,2024-02-08,2024-02-01,2024-02-23
U0464,2024-02-08,2024-02-01,2024-02-24
U0464,2024-02-08,2024-02-01,2024-02-26
U0464,2024-02-08,2024-02-01,2024-02-27
U0464,2024-02-08,2024-02-01,2024-02-29
U0464,2024-02-08,2024-02-01,2024-03-02
U0464,2024-02-08,2024-02-01,2024-03-03
U0464,2024-02-08,2024-02-01,2024-03-04
U0464,2024-02-08,2024-02-01,2024-03-05
U0464,2024-02-08,2024-02-01,2024-03-06
U0464,2024-02-08,2024-02-01,2024-03-07
U0464,2024-02-08,2024-02-01,2024-03-08
U0464,2024-02-08,2024-02-01,2024-03-09
U0464,2024-02-08,2024-02-01,2024-03-12
U0464,2024-02-08,2024-02-01,2024-03-13
U0464,2024-02-08,2024-02-01,2024-03-16
U0464,2024-02-08,2024-02-01,2024-03-17
U0464,2024-02-08,2024-02-01,2024-03-18
U0464,2024-02-08,2024-02-01,2024-03-19
U0464,2024-02-08,2024-02-01,2024-03-23
U0464,2024-02-08,2024-02-01,2024-03-24
U0464,2024-02-08,2024-02-01,2024-03-26
U0464,2024-02-08,2024-02-01,2024-03-27
U0464,2024-02-08,2024-02-01,2024-03-28
U0464,2024-02-08,2024-02-01,2024-03-30
U0464,2024-02-08,2024-02-01,2024-03-31
U0464,2024-02-08,2024-02-01,2024-04-03
U0464,2024-02-08,2024-02-01,2024-04-05
U0464,2024-02-08,2024-02-01,2024-04-08
U0465,2024-04-09,2024-04-01,2024-04-09
U0465,2024-04-09,2024-04-01,2024-04-10
U0465,2024-04-09,2024-04-01,2024-04-11
U0465,2024-04-09,2024-04-01,2024-04-12
U0465,2024-04-09,2024-04-01,2024-04-13
U0465,2024-04-09,2024-04-01,2024-04-14
U0465,2024-04-09,2024-04-01,2024-04-15
U0465,2024-04-09,2024-04-01,2024-04-16
U0465,2024-04-09,2024-04-01,2024-04-17
U0465,2024-04-09,2024-04-01,2024-04-18
U0465,2024-04-09,2024-04-01,2024-04-19
U0465,2024-04-09,2024-04-01,2024-04-21
U0465,2024-04-09,2024-04-01,2024-04-25
U0465,2024-04-09,2024-04-01,2024-04-27
U0465,2024-04-09,2024-04-01,2024-04-28
U0465,2024-04-09,2024-04-01,2024-04-29
U0465,2024-04-09,2024-04-01,2024-04-30
U0465,2024-04-09,2024-04-01,2024-05-01
U0465,2024-04-09,2024-04-01,2024-05-02
U0465,2024-04-09,2024-04-01,2024-05-03
U0465,2024-04-09,2024-04-01,2024-05-05
U0465,2024-04-09,2024-04-01,2024-05-06
U0465,2024-04-09,2024-04-01,2024-05-08
U0465,2024-04-09,2024-04-01,2024-05-11
U0465,2024-04-09,2024-04-01,2024-05-12
U0465,2024-04-09,2024-04-01,2024-05-16
U0465,2024-04-09,2024-04-01,2024-05-18
U0465,2024-04-09,2024-04-01,2024-05-19
U0465,2024-04-09,2024-04-01,2024-05-20
U0465,2024-04-09,2024-04-01,2024-05-21
U0465,2024-04-09,2024-04-01,2024-05-25
U0465,2024-04-09,2024-04-01,2024-06-01
U0465,2024-04-09,2024-04-01,2024-06-04
U0466,2024-02-02,2024-02-01,2024-02-02
U0466,2024-02-02,2024-02-01,2024-02-03
U0466,2024-02-02,2024-02-01,2024-02-04
U0466,2024-02-02,2024-02-01,2024-02-05
U0466,2024-02-02,2024-02-01,2024-02-06
U0466,2024-02-02,2024-02-01,2024-02-07
U0466,2024-02-02,2024-02-01,2024-02-08
U0466,2024-02-02,2024-02-01,2024-02-09
U0466,2024-02-02,2024-02-01,2024-02-10
U0466,2024-02-02,2024-02-01,2024-02-11
U0466,2024-02-02,2024-02-01,2024-02-12
U0466,2024-02-02,2024-02-01,2024-02-13
U0466,2024-02-02,2024-02-01,2024-02-14
U0466,2024-02-02,2024-02-01,2024-02-15
U0466,2024-02-02,2024-02-01,2024-02-16
U0466,2024-02-02,2024-02-01,2024-02-17
U0466,2024-02-02,2024-02-01,2024-02-18
U0466,2024-02-02,2024-02-01,2024-02-19
U0466,2024-02-02,2024-02-01,2024-02-20
U0466,2024-02-02,2024-02-01,2024-02-22
U0466,2024-02-02,2024-02-01,2024-02-23
U0466,2024-02-02,2024-02-01,2024-02-24
U0466,2024-02-02,2024-02-01,2024-02-26
U0466,2024-02-02,2024-02-01,2024-02-27
U0466,2024-02-02,2024-02-01,2024-02-28
U0466,2024-02-02,2024-02-01,2024-02-29
U0466,2024-02-02,2024-02-01,2024-03-03
U0466,2024-02-02,2024-02-01,2024-03-06
U0466,2024-02-02,2024-02-01,2024-03-07
U0466,2024-02-02,2024-02-01,2024-03-12
U0466,2024-02-02,2024-02-01,2024-03-13
U0466,2024-02-02,2024-02-01,2024-03-14
U0466,2024-02-02,2024-02-01,2024-03-15
U0466,2024-02-02,2024-02-01,2024-03-20
U0466,2024-02-02,2024-02-01,2024-03-21
U0466,2024-02-02,2024-02-01,2024-03-22
U0467,2024-04-10,2024-04-01,2024-04-10
U0467,2024-04-10,2024-04-01,2024-04-11
U0467,2024-04-10,2024-04-01,2024-04-12
U0467,2024-04-10,2024-04-01,2024-04-13
U0467,2024-04-10,2024-04-01,2024-04-14
U0467,2024-04-10,2024-04-01,2024-04-15
U0467,2024-04-10,2024-04-01,2024-04-16
U0467,2024-04-10,2024-04-01,2024-04-17
U0467,2024-04-10,2024-04-01,2024-04-18
U0467,2024-04-10,2024-04-01,2024-04-19
U0467,2024-04-10,2024-04-01,2024-04-20
U0467,2024-04-10,2024-04-01,2024-04-22
U0467,2024-04-10,2024-04-01,2024-04-24
U0467,2024-04-10,2024-04-01,2024-04-25
U0467,2024-04-10,2024-04-01,2024-04-26
U0467,2024-04-10,2024-04-01,2024-04-27
U0467,2024-04-10,2024-04-01,2024-04-28
U0467,2024-04-10,2024-04-01,2024-04-29
U0467,2024-04-10,2024-04-01,2024-05-01
U0467,2024-04-10,2024-04-01,2024-05-03
U0467,2024-04-10,2024-04-01,2024-05-05
U0467,2024-04-10,2024-04-01,2024-05-08
U0467,2024-04-10,2024-04-01,2024-05-09
U0467,2024-04-10,2024-04-01,2024-05-11
U0467,2024-04-10,2024-04-01,2024-05-12
U0467,2024-04-10,2024-04-01,2024-05-13
U0467,2024-04-10,2024-04-01,2024-05-19
U0467,2024-04-10,2024-04-01,2024-05-20
U0467,2024-04-10,2024-04-01,2024-05-26
U0467,2024-04-10,2024-04-01,2024-05-28
U0467,2024-04-10,2024-04-01,2024-05-29
U0467,2024-04-10,2024-04-01,2024-06-06
U0467,2024-04-10,2024-04-01,2024-06-11
U0467,2024-04-10,2024-04-01,2024-06-12
U0467,2024-04-10,2024-04-01,2024-06-17
U0467,2024-04-10,2024-04-01,2024-06-18
U0467,2024-04-10,2024-04-01,2024-06-20
U0468,2024-01-23,2024-01-01,2024-01-23
U0468,2024-01-23,2024-01-01,2024-01-25
U0468,2024-01-23,2024-01-01,2024-01-27
U0468,2024-01-23,2024-01-01,2024-01-31
U0468,2024-01-23,2024-01-01,2024-02-02
U0469,2024-01-10,2024-01-01,2024-01-10
U0469,2024-01-10,2024-01-01,2024-01-12
U0469,2024-01-10,2024-01-01,2024-01-14
U0469,2024-01-10,2024-01-01,2024-01-16
U0469,2024-01-10,2024-01-01,2024-01-18
U0469,2024-01-10,2024-01-01,2024-01-20
U0469,2024-01-10,2024-01-01,2024-01-22
U0469,2024-01-10,2024-01-01,2024-01-26
U0469,2024-01-10,2024-01-01,2024-01-28
U0469,2024-01-10,2024-01-01,2024-02-01
U0469,2024-01-10,2024-01-01,2024-02-03
U0469,2024-01-10,2024-01-01,2024-02-07
U0470,2024-03-09,2024-03-01,2024-03-09
U0470,2024-03-09,2024-03-01,2024-03-13
U0470,2024-03-09,2024-03-01,2024-03-17
U0470,2024-03-09,2024-03-01,2024-03-25
U0470,2024-03-09,2024-03-01,2024-03-29
U0470,2024-03-09,2024-03-01,2024-04-06
U0470,2024-03-09,2024-03-01,2024-04-14
U0471,2024-04-09,2024-04-01,2024-04-09
U0471,2024-04-09,2024-04-01,2024-04-10
U0471,2024-04-09,2024-04-01,2024-04-11
U0471,2024-04-09,2024-04-01,2024-04-12
U0471,2024-04-09,2024-04-01,2024-04-13
U0471,2024-04-09,2024-04-01,2024-04-14
U0471,2024-04-09,2024-04-01,2024-04-15
U0471,2024-04-09,2024-04-01,2024-04-16
U0471,2024-04-09,2024-04-01,2024-04-17
U0471,2024-04-09,2024-04-01,2024-04-18
U0471,2024-04-09,2024-04-01,2024-04-19
U0471,2024-04-09,2024-04-01,2024-04-20
U0471,2024-04-09,2024-04-01,2024-04-21
U0471,2024-04-09,2024-04-01,2024-04-22
U0471,2024-04-09,2024-04-01,2024-04-23
U0471,2024-04-09,2024-04-01,2024-04-25
U0471,2024-04-09,2024-04-01,2024-04-26
U0471,2024-04-09,2024-04-01,2024-04-27
U0471,2024-04-09,2024-04-01,2024-04-28
U0471,2024-04-09,2024-04-01,2024-05-01
U0471,2024-04-09,2024-04-01,2024-05-03
U0471,2024-04-09,2024-04-01,2024-05-04
U0471,2024-04-09,2024-04-01,2024-05-06
U0471,2024-04-09,2024-04-01,2024-05-07
U0471,2024-04-09,2024-04-01,2024-05-08
U0471,2024-04-09,2024-04-01,2024-05-10
U0471,2024-04-09,2024-04-01,2024-05-12
U0471,2024-04-09,2024-04-01,2024-05-13
U0471,2024-04-09,2024-04-01,2024-05-15
U0471,2024-04-09,2024-04-01,2024-05-17
U0471,2024-04-09,2024-04-01,2024-05-18
U0471,2024-04-09,2024-04-01,2024-05-19
U0471,2024-04-09,2024-04-01,2024-05-23
U0471,2024-04-09,2024-04-01,2024-05-29
U0471,2024-04-09,2024-04-01,2024-06-02
U0471,2024-04-09,2024-04-01,2024-06-03
U0471,2024-04-09,2024-04-01,2024-06-05
U0471,2024-04-09,2024-04-01,2024-06-06
U0471,2024-04-09,2024-04-01,2024-06-11
U0471,2024-04-09,2024-04-01,2024-06-13
U0471,2024-04-09,2024-04-01,2024-06-17
U0471,2024-04-09,2024-04-01,2024-06-19
U0471,2024-04-09,2024-04-01,2024-06-26
U0471,2024-04-09,2024-04-01,2024-06-28
U0471,2024-04-09,2024-04-01,2024-07-03
U0472,2024-02-03,2024-02-01,2024-02-03
U0472,2024-02-03,2024-02-01,2024-02-07
U0472,2024-02-03,2024-02-01,2024-02-11
U0472,2024-02-03,2024-02-01,2024-02-15
U0472,2024-02-03,2024-02-01,2024-02-19
U0472,2024-02-03,2024-02-01,2024-02-27
U0473,2024-06-28,2024-06-01,2024-06-28
U0473,2024-06-28,2024-06-01,2024-07-02
U0473,2024-06-28,2024-06-01,2024-07-06
U0473,2024-06-28,2024-06-01,2024-07-10
U0473,2024-06-28,2024-06-01,2024-07-22
U0473,2024-06-28,2024-06-01,2024-07-26
U0473,2024-06-28,2024-06-01,2024-08-03
U0473,2024-06-28,2024-06-01,2024-08-15
U0473,2024-06-28,2024-06-01,2024-08-31
U0474,2024-05-17,2024-05-01,2024-05-17
U0474,2024-05-17,2024-05-01,2024-05-19
U0474,2024-05-17,2024-05-01,2024-05-21
U0474,2024-05-17,2024-05-01,2024-05-23
U0474,2024-05-17,2024-05-01,2024-05-25
U0474,2024-05-17,2024-05-01,2024-06-02
U0474,2024-05-17,2024-05-01,2024-06-04
U0474,2024-05-17,2024-05-01,2024-06-06
U0474,2024-05-17,2024-05-01,2024-06-08
U0474,2024-05-17,2024-05-01,2024-06-10
U0474,2024-05-17,2024-05-01,2024-06-12
U0474,2024-05-17,2024-05-01,2024-06-14
U0474,2024-05-17,2024-05-01,2024-06-18
U0474,2024-05-17,2024-05-01,2024-06-20
U0474,2024-05-17,2024-05-01,2024-06-24
U0474,2024-05-17,2024-05-01,2024-07-02
U0474,2024-05-17,2024-05-01,2024-07-04
U0474,2024-05-17,2024-05-01,2024-07-08
U0474,2024-05-17,2024-05-01,2024-07-24
U0474,2024-05-17,2024-05-01,2024-07-26
U0474,2024-05-17,2024-05-01,2024-07-28
U0474,2024-05-17,2024-05-01,2024-08-11
U0475,2024-05-26,2024-05-01,2024-05-26
U0475,2024-05-26,2024-05-01,2024-05-29
U0475,2024-05-26,2024-05-01,2024-06-01
U0475,2024-05-26,2024-05-01,2024-06-10
U0475,2024-05-26,2024-05-01,2024-06-13
U0475,2024-05-26,2024-05-01,2024-06-19
U0475,2024-05-26,2024-05-01,2024-06-22
U0475,2024-05-26,2024-05-01,2024-06-28
U0475,2024-05-26,2024-05-01,2024-07-01
U0475,2024-05-26,2024-05-01,2024-07-04
U0475,2024-05-26,2024-05-01,2024-07-07
U0475,2024-05-26,2024-05-01,2024-07-10
U0475,2024-05-26,2024-05-01,2024-07-13
U0475,2024-05-26,2024-05-01,2024-07-16
U0475,2024-05-26,2024-05-01,2024-07-28
U0475,2024-05-26,2024-05-01,2024-08-03
U0476,2024-04-05,2024-04-01,2024-04-05
U0476,2024-04-05,2024-04-01,2024-04-08
U0476,2024-04-05,2024-04-01,2024-04-11
U0476,2024-04-05,2024-04-01,2024-04-14
U0476,2024-04-05,2024-04-01,2024-04-17
U0476,2024-04-05,2024-04-01,2024-04-20
U0476,2024-04-05,2024-04-01,2024-04-23
U0476,2024-04-05,2024-04-01,2024-04-26
U0476,2024-04-05,2024-04-01,2024-04-29
U0477,2024-01-01,2024-01-01,2024-01-01
U0477,2024-01-01,2024-01-01,2024-01-04
U0477,2024-01-01,2024-01-01,2024-01-07
U0477,2024-01-01,2024-01-01,2024-01-10
U0477,2024-01-01,2024-01-01,2024-01-13
U0477,2024-01-01,2024-01-01,2024-01-16
U0477,2024-01-01,2024-01-01,2024-01-19
U0477,2024-01-01,2024-01-01,2024-01-25
U0477,2024-01-01,2024-01-01,2024-01-31
U0477,2024-01-01,2024-01-01,2024-02-03
U0477,2024-01-01,2024-01-01,2024-02-06
U0477,2024-01-01,2024-01-01,2024-02-09
U0477,2024-01-01,2024-01-01,2024-02-12
U0477,2024-01-01,2024-01-01,2024-02-15
U0477,2024-01-01,2024-01-01,2024-03-01
U0478,2024-03-09,2024-03-01,2024-03-09
U0478,2024-03-09,2024-03-01,2024-03-12
U0478,2024-03-09,2024-03-01,2024-03-15
U0478,2024-03-09,2024-03-01,2024-03-18
U0478,2024-03-09,2024-03-01,2024-03-21
U0478,2024-03-09,2024-03-01,2024-03-24
U0478,2024-03-09,2024-03-01,2024-03-27
U0478,2024-03-09,2024-03-01,2024-04-05
U0478,2024-03-09,2024-03-01,2024-04-11
U0478,2024-03-09,2024-03-01,2024-04-17
U0478,2024-03-09,2024-03-01,2024-04-20
U0478,2024-03-09,2024-03-01,2024-04-23
U0479,2024-01-04,2024-01-01,2024-01-04
U0479,2024-01-04,2024-01-01,2024-01-08
U0479,2024-01-04,2024-01-01,2024-01-16
U0479,2024-01-04,2024-01-01,2024-01-20
U0479,2024-01-04,2024-01-01,2024-01-28
U0479,2024-01-04,2024-01-01,2024-02-01
U0479,2024-01-04,2024-01-01,2024-02-05
U0479,2024-01-04,2024-01-01,2024-02-09
U0479,2024-01-04,2024-01-01,2024-02-13
U0479,2024-01-04,2024-01-01,2024-02-25
U0479,2024-01-04,2024-01-01,2024-03-08
U0479,2024-01-04,2024-01-01,2024-03-12
U0479,2024-01-04,2024-01-01,2024-03-16
U0480,2024-01-16,2024-01-01,2024-01-16
U0480,2024-01-16,2024-01-01,2024-01-19
U0480,2024-01-16,2024-01-01,2024-01-22
U0480,2024-01-16,2024-01-01,2024-01-25
U0480,2024-01-16,2024-01-01,2024-01-28
U0480,2024-01-16,2024-01-01,2024-01-31
U0480,2024-01-16,2024-01-01,2024-02-03
U0480,2024-01-16,2024-01-01,2024-02-06
U0480,2024-01-16,2024-01-01,2024-02-09
U0480,2024-01-16,2024-01-01,2024-02-21
U0480,2024-01-16,2024-01-01,2024-02-24
U0480,2024-01-16,2024-01-01,2024-02-27
U0480,2024-01-16,2024-01-01,2024-03-01
U0480,2024-01-16,2024-01-01,2024-03-04
U0480,2024-01-16,2024-01-01,2024-03-07
U0480,2024-01-16,2024-01-01,2024-03-13
U0480,2024-01-16,2024-01-01,2024-03-19
U0480,2024-01-16,2024-01-01,2024-03-25
U0480,2024-01-16,2024-01-01,2024-03-31
U0481,2024-01-24,2024-01-01,2024-01-24
U0481,2024-01-24,2024-01-01,2024-01-25
U0481,2024-01-24,2024-01-01,2024-01-26
U0481,2024-01-24,2024-01-01,2024-01-27
U0481,2024-01-24,2024-01-01,2024-01-28
U0481,2024-01-24,2024-01-01,2024-01-29
U0481,2024-01-24,2024-01-01,2024-01-30
U0481,2024-01-24,2024-01-01,2024-01-31
U0481,2024-01-24,2024-01-01,2024-02-01
U0481,2024-01-24,2024-01-01,2024-02-02
U0481,2024-01-24,2024-01-01,2024-02-05
U0481,2024-01-24,2024-01-01,2024-02-06
U0481,2024-01-24,2024-01-01,2024-02-07
U0481,2024-01-24,2024-01-01,2024-02-08
U0481,2024-01-24,2024-01-01,2024-02-10
U0481,2024-01-24,2024-01-01,2024-02-11
U0481,2024-01-24,2024-01-01,2024-02-12
U0481,2024-01-24,2024-01-01,2024-02-13
U0481,2024-01-24,2024-01-01,2024-02-14
U0481,2024-01-24,2024-01-01,2024-02-16
U0482,2024-03-20,2024-03-01,2024-03-20
U0482,2024-03-20,2024-03-01,2024-03-23
U0482,2024-03-20,2024-03-01,2024-03-26
U0482,2024-03-20,2024-03-01,2024-04-07
U0483,2024-01-02,2024-01-01,2024-01-02
U0483,2024-01-02,2024-01-01,2024-01-04
U0483,2024-01-02,2024-01-01,2024-01-06
U0483,2024-01-02,2024-01-01,2024-01-10
U0483,2024-01-02,2024-01-01,2024-01-12
U0483,2024-01-02,2024-01-01,2024-01-14
U0483,2024-01-02,2024-01-01,2024-01-16
U0483,2024-01-02,2024-01-01,2024-01-18
U0483,2024-01-02,2024-01-01,2024-01-20
U0483,2024-01-02,2024-01-01,2024-01-22
U0484,2024-05-07,2024-05-01,2024-05-07
U0484,2024-05-07,2024-05-01,2024-05-09
U0484,2024-05-07,2024-05-01,2024-05-11
U0484,2024-05-07,2024-05-01,2024-05-13
U0484,2024-05-07,2024-05-01,2024-05-15
U0484,2024-05-07,2024-05-01,2024-05-17
U0484,2024-05-07,2024-05-01,2024-05-19
U0484,2024-05-07,2024-05-01,2024-05-21
U0484,2024-05-07,2024-05-01,2024-05-23
U0484,2024-05-07,2024-05-01,2024-05-25
U0484,2024-05-07,2024-05-01,2024-05-29
U0484,2024-05-07,2024-05-01,2024-05-31
U0484,2024-05-07,2024-05-01,2024-06-02
U0484,2024-05-07,2024-05-01,2024-06-04
U0484,2024-05-07,2024-05-01,2024-06-06
U0484,2024-05-07,2024-05-01,2024-06-08
U0484,2024-05-07,2024-05-01,2024-06-10
U0484,2024-05-07,2024-05-01,2024-06-12
U0484,2024-05-07,2024-05-01,2024-06-14
U0484,2024-05-07,2024-05-01,2024-06-20
U0484,2024-05-07,2024-05-01,2024-07-02
U0484,2024-05-07,2024-05-01,2024-07-06
U0484,2024-05-07,2024-05-01,2024-07-08
U0484,2024-05-07,2024-05-01,2024-07-12
U0484,2024-05-07,2024-05-01,2024-07-20
U0485,2024-06-08,2024-06-01,2024-06-08
U0485,2024-06-08,2024-06-01,2024-06-10
U0485,2024-06-08,2024-06-01,2024-06-11
U0485,2024-06-08,2024-06-01,2024-06-12
U0485,2024-06-08,2024-06-01,2024-06-13
U0485,2024-06-08,2024-06-01,2024-06-14
U0485,2024-06-08,2024-06-01,2024-06-15
U0485,2024-06-08,2024-06-01,2024-06-16
U0485,2024-06-08,2024-06-01,2024-06-17
U0485,2024-06-08,2024-06-01,2024-06-18
U0485,2024-06-08,2024-06-01,2024-06-19
U0485,2024-06-08,2024-06-01,2024-06-21
U0485,2024-06-08,2024-06-01,2024-06-22
U0485,2024-06-08,2024-06-01,2024-06-24
U0485,2024-06-08,2024-06-01,2024-06-25
U0485,2024-06-08,2024-06-01,2024-06-26
U0485,2024-06-08,2024-06-01,2024-06-28
U0485,2024-06-08,2024-06-01,2024-06-29
U0485,2024-06-08,2024-06-01,2024-07-01
U0485,2024-06-08,2024-06-01,2024-07-02
U0485,2024-06-08,2024-06-01,2024-07-03
U0485,2024-06-08,2024-06-01,2024-07-04
U0485,2024-06-08,2024-06-01,2024-07-07
U0485,2024-06-08,2024-06-01,2024-07-08
U0485,2024-06-08,2024-06-01,2024-07-10
U0485,2024-06-08,2024-06-01,2024-07-11
U0485,2024-06-08,2024-06-01,2024-07-14
U0485,2024-06-08,2024-06-01,2024-07-15
U0485,2024-06-08,2024-06-01,2024-07-19
U0485,2024-06-08,2024-06-01,2024-07-24
U0485,2024-06-08,2024-06-01,2024-07-26
U0485,2024-06-08,2024-06-01,2024-07-27
U0485,2024-06-08,2024-06-01,2024-08-01
U0485,2024-06-08,2024-06-01,2024-08-03
U0485,2024-06-08,2024-06-01,2024-08-05
U0485,2024-06-08,2024-06-01,2024-08-07
U0485,2024-06-08,2024-06-01,2024-08-16
U0485,2024-06-08,2024-06-01,2024-08-17
U0485,2024-06-08,2024-06-01,2024-08-18
U0485,2024-06-08,2024-06-01,2024-08-19
U0485,2024-06-08,2024-06-01,2024-08-21
U0485,2024-06-08,2024-06-01,2024-08-22
U0485,2024-06-08,2024-06-01,2024-08-23
U0486,2024-03-24,2024-03-01,2024-03-24
U0486,2024-03-24,2024-03-01,2024-03-25
U0486,2024-03-24,2024-03-01,2024-03-26
U0486,2024-03-24,2024-03-01,2024-03-27
U0486,2024-03-24,2024-03-01,2024-03-28
U0486,2024-03-24,2024-03-01,2024-03-29
U0486,2024-03-24,2024-03-01,2024-03-30
U0486,2024-03-24,2024-03-01,2024-03-31
U0486,2024-03-24,2024-03-01,2024-04-01
U0486,2024-03-24,2024-03-01,2024-04-02
U0486,2024-03-24,2024-03-01,2024-04-03
U0486,2024-03-24,2024-03-01,2024-04-04
U0486,2024-03-24,2024-03-01,2024-04-05
U0486,2024-03-24,2024-03-01,2024-04-07
U0486,2024-03-24,2024-03-01,2024-04-08
U0486,2024-03-24,2024-03-01,2024-04-09
U0486,2024-03-24,2024-03-01,2024-04-17
U0487,2024-05-31,2024-05-01,2024-05-31
U0487,2024-05-31,2024-05-01,2024-06-01
U0487,2024-05-31,2024-05-01,2024-06-02
U0487,2024-05-31,2024-05-01,2024-06-03
U0487,2024-05-31,2024-05-01,2024-06-05
U0487,2024-05-31,2024-05-01,2024-06-06
U0487,2024-05-31,2024-05-01,2024-06-07
U0487,2024-05-31,2024-05-01,2024-06-08
U0487,2024-05-31,2024-05-01,2024-06-09
U0487,2024-05-31,2024-05-01,2024-06-10
U0487,2024-05-31,2024-05-01,2024-06-11
U0487,2024-05-31,2024-05-01,2024-06-13
U0487,2024-05-31,2024-05-01,2024-06-14
U0487,2024-05-31,2024-05-01,2024-06-15
U0487,2024-05-31,2024-05-01,2024-06-16
U0487,2024-05-31,2024-05-01,2024-06-17
U0487,2024-05-31,2024-05-01,2024-06-18
U0487,2024-05-31,2024-05-01,2024-06-19
U0487,2024-05-31,2024-05-01,2024-06-21
U0487,2024-05-31,2024-05-01,2024-06-22
U0487,2024-05-31,2024-05-01,2024-06-23
U0487,2024-05-31,2024-05-01,2024-06-25
U0487,2024-05-31,2024-05-01,2024-06-29
U0487,2024-05-31,2024-05-01,2024-07-01
U0487,2024-05-31,2024-05-01,2024-07-02
U0487,2024-05-31,2024-05-01,2024-07-03
U0487,2024-05-31,2024-05-01,2024-07-04
U0487,2024-05-31,2024-05-01,2024-07-05
U0487,2024-05-31,2024-05-01,2024-07-06
U0487,2024-05-31,2024-05-01,2024-07-07
U0487,2024-05-31,2024-05-01,2024-07-09
U0487,2024-05-31,2024-05-01,2024-07-10
U0487,2024-05-31,2024-05-01,2024-07-13
U0487,2024-05-31,2024-05-01,2024-07-15
U0487,2024-05-31,2024-05-01,2024-07-16
U0487,2024-05-31,2024-05-01,2024-07-17
U0488,2024-05-19,2024-05-01,2024-05-19
U0488,2024-05-19,2024-05-01,2024-05-22
U0488,2024-05-19,2024-05-01,2024-05-25
U0488,2024-05-19,2024-05-01,2024-05-28
U0488,2024-05-19,2024-05-01,2024-05-31
U0488,2024-05-19,2024-05-01,2024-06-03
U0488,2024-05-19,2024-05-01,2024-06-06
U0488,2024-05-19,2024-05-01,2024-06-09
U0488,2024-05-19,2024-05-01,2024-06-15
U0488,2024-05-19,2024-05-01,2024-06-21
U0488,2024-05-19,2024-05-01,2024-06-24
U0488,2024-05-19,2024-05-01,2024-07-09
U0488,2024-05-19,2024-05-01,2024-07-24
U0488,2024-05-19,2024-05-01,2024-07-27
U0488,2024-05-19,2024-05-01,2024-08-11
U0489,2024-06-26,2024-06-01,2024-06-26
U0489,2024-06-26,2024-06-01,2024-06-27
U0489,2024-06-26,2024-06-01,2024-06-28
U0489,2024-06-26,2024-06-01,2024-06-29
U0489,2024-06-26,2024-06-01,2024-06-30
U0489,2024-06-26,2024-06-01,2024-07-01
U0489,2024-06-26,2024-06-01,2024-07-03
U0489,2024-06-26,2024-06-01,2024-07-04
U0489,2024-06-26,2024-06-01,2024-07-05
U0489,2024-06-26,2024-06-01,2024-07-06
U0489,2024-06-26,2024-06-01,2024-07-07
U0489,2024-06-26,2024-06-01,2024-07-08
U0489,2024-06-26,2024-06-01,2024-07-09
U0489,2024-06-26,2024-06-01,2024-07-10
U0489,2024-06-26,2024-06-01,2024-07-11
U0489,2024-06-26,2024-06-01,2024-07-12
U0489,2024-06-26,2024-06-01,2024-07-13
U0489,2024-06-26,2024-06-01,2024-07-14
U0489,2024-06-26,2024-06-01,2024-07-15
U0489,2024-06-26,2024-06-01,2024-07-17
U0489,2024-06-26,2024-06-01,2024-07-19
U0489,2024-06-26,2024-06-01,2024-07-20
U0489,2024-06-26,2024-06-01,2024-07-22
U0489,2024-06-26,2024-06-01,2024-07-23
U0489,2024-06-26,2024-06-01,2024-07-24
U0489,2024-06-26,2024-06-01,2024-07-25
U0489,2024-06-26,2024-06-01,2024-07-26
U0489,2024-06-26,2024-06-01,2024-07-27
U0489,2024-06-26,2024-06-01,2024-07-30
U0489,2024-06-26,2024-06-01,2024-08-01
U0489,2024-06-26,2024-06-01,2024-08-02
U0489,2024-06-26,2024-06-01,2024-08-03
U0489,2024-06-26,2024-06-01,2024-08-05
U0489,2024-06-26,2024-06-01,2024-08-07
U0490,2024-06-11,2024-06-01,2024-06-11
U0490,2024-06-11,2024-06-01,2024-06-15
U0490,2024-06-11,2024-06-01,2024-06-19
U0490,2024-06-11,2024-06-01,2024-06-23
U0490,2024-06-11,2024-06-01,2024-06-27
U0490,2024-06-11,2024-06-01,2024-07-05
U0490,2024-06-11,2024-06-01,2024-07-09
U0490,2024-06-11,2024-06-01,2024-07-13
U0490,2024-06-11,2024-06-01,2024-07-17
U0491,2024-05-03,2024-05-01,2024-05-03
U0491,2024-05-03,2024-05-01,2024-05-05
U0491,2024-05-03,2024-05-01,2024-05-07
U0491,2024-05-03,2024-05-01,2024-05-09
U0491,2024-05-03,2024-05-01,2024-05-11
U0491,2024-05-03,2024-05-01,2024-05-13
U0492,2024-02-02,2024-02-01,2024-02-02
U0492,2024-02-02,2024-02-01,2024-02-04
U0492,2024-02-02,2024-02-01,2024-02-06
U0492,2024-02-02,2024-02-01,2024-02-08
U0492,2024-02-02,2024-02-01,2024-02-10
U0492,2024-02-02,2024-02-01,2024-02-12
U0493,2024-06-09,2024-06-01,2024-06-09
U0493,2024-06-09,2024-06-01,2024-06-11
U0493,2024-06-09,2024-06-01,2024-06-13
U0493,2024-06-09,2024-06-01,2024-06-17
U0493,2024-06-09,2024-06-01,2024-06-19
U0493,2024-06-09,2024-06-01,2024-06-21
U0493,2024-06-09,2024-06-01,2024-06-23
U0493,2024-06-09,2024-06-01,2024-06-25
U0493,2024-06-09,2024-06-01,2024-06-27
U0493,2024-06-09,2024-06-01,2024-07-01
U0493,2024-06-09,2024-06-01,2024-07-03
U0494,2024-06-27,2024-06-01,2024-06-27
U0494,2024-06-27,2024-06-01,2024-06-28
U0494,2024-06-27,2024-06-01,2024-06-29
U0494,2024-06-27,2024-06-01,2024-06-30
U0494,2024-06-27,2024-06-01,2024-07-01
U0494,2024-06-27,2024-06-01,2024-07-02
U0494,2024-06-27,2024-06-01,2024-07-03
U0494,2024-06-27,2024-06-01,2024-07-04
U0494,2024-06-27,2024-06-01,2024-07-05
U0494,2024-06-27,2024-06-01,2024-07-06
U0494,2024-06-27,2024-06-01,2024-07-07
U0494,2024-06-27,2024-06-01,2024-07-08
U0494,2024-06-27,2024-06-01,2024-07-09
U0494,2024-06-27,2024-06-01,2024-07-10
U0494,2024-06-27,2024-06-01,2024-07-11
U0494,2024-06-27,2024-06-01,2024-07-12
U0494,2024-06-27,2024-06-01,2024-07-13
U0494,2024-06-27,2024-06-01,2024-07-14
U0494,2024-06-27,2024-06-01,2024-07-15
U0494,2024-06-27,2024-06-01,2024-07-16
U0494,2024-06-27,2024-06-01,2024-07-17
U0494,2024-06-27,2024-06-01,2024-07-18
U0494,2024-06-27,2024-06-01,2024-07-20
U0494,2024-06-27,2024-06-01,2024-07-21
U0494,2024-06-27,2024-06-01,2024-07-25
U0494,2024-06-27,2024-06-01,2024-07-27
U0494,2024-06-27,2024-06-01,2024-07-28
U0494,2024-06-27,2024-06-01,2024-07-29
U0494,2024-06-27,2024-06-01,2024-07-31
U0494,2024-06-27,2024-06-01,2024-08-01
U0494,2024-06-27,2024-06-01,2024-08-02
U0494,2024-06-27,2024-06-01,2024-08-03
U0494,2024-06-27,2024-06-01,2024-08-05
U0494,2024-06-27,2024-06-01,2024-08-06
U0494,2024-06-27,2024-06-01,2024-08-08
U0495,2024-06-19,2024-06-01,2024-06-19
U0495,2024-06-19,2024-06-01,2024-06-23
U0495,2024-06-19,2024-06-01,2024-06-27
U0495,2024-06-19,2024-06-01,2024-07-01
U0495,2024-06-19,2024-06-01,2024-07-05
U0495,2024-06-19,2024-06-01,2024-07-09
U0496,2024-04-10,2024-04-01,2024-04-10
U0496,2024-04-10,2024-04-01,2024-04-12
U0496,2024-04-10,2024-04-01,2024-04-14
U0496,2024-04-10,2024-04-01,2024-04-18
U0496,2024-04-10,2024-04-01,2024-04-20
U0496,2024-04-10,2024-04-01,2024-04-22
U0496,2024-04-10,2024-04-01,2024-04-24
U0496,2024-04-10,2024-04-01,2024-04-26
U0496,2024-04-10,2024-04-01,2024-04-30
U0496,2024-04-10,2024-04-01,2024-05-02
U0496,2024-04-10,2024-04-01,2024-05-04
U0496,2024-04-10,2024-04-01,2024-05-10
U0496,2024-04-10,2024-04-01,2024-05-12
U0497,2024-01-12,2024-01-01,2024-01-12
U0497,2024-01-12,2024-01-01,2024-01-16
U0497,2024-01-12,2024-01-01,2024-01-20
U0497,2024-01-12,2024-01-01,2024-01-24
U0497,2024-01-12,2024-01-01,2024-01-28
U0497,2024-01-12,2024-01-01,2024-02-05
U0497,2024-01-12,2024-01-01,2024-02-17
U0497,2024-01-12,2024-01-01,2024-02-21
U0498,2024-03-07,2024-03-01,2024-03-07
U0498,2024-03-07,2024-03-01,2024-03-09
U0498,2024-03-07,2024-03-01,2024-03-11
U0498,2024-03-07,2024-03-01,2024-03-13
U0498,2024-03-07,2024-03-01,2024-03-23
U0498,2024-03-07,2024-03-01,2024-03-25
U0498,2024-03-07,2024-03-01,2024-03-27
U0498,2024-03-07,2024-03-01,2024-04-04
U0498,2024-03-07,2024-03-01,2024-04-08
U0498,2024-03-07,2024-03-01,2024-04-10
U0498,2024-03-07,2024-03-01,2024-04-14
U0498,2024-03-07,2024-03-01,2024-04-18
U0499,2024-03-05,2024-03-01,2024-03-05
U0499,2024-03-05,2024-03-01,2024-03-13
U0499,2024-03-05,2024-03-01,2024-03-17
U0499,2024-03-05,2024-03-01,2024-03-21
U0499,2024-03-05,2024-03-01,2024-03-29
U0499,2024-03-05,2024-03-01,2024-04-10
U0499,2024-03-05,2024-03-01,2024-04-18
U0500,2024-06-09,2024-06-01,2024-06-09
U0500,2024-06-09,2024-06-01,2024-06-11
U0500,2024-06-09,2024-06-01,2024-06-13
U0500,2024-06-09,2024-06-01,2024-06-15
U0500,2024-06-09,2024-06-01,2024-06-17
U0500,2024-06-09,2024-06-01,2024-06-19
U0500,2024-06-09,2024-06-01,2024-06-21
U0500,2024-06-09,2024-06-01,2024-06-23
U0500,2024-06-09,2024-06-01,2024-06-27
U0500,2024-06-09,2024-06-01,2024-07-01
U0500,2024-06-09,2024-06-01,2024-07-07
U0500,2024-06-09,2024-06-01,2024-07-11
U0500,2024-06-09,2024-06-01,2024-07-17
U0501,2024-06-16,2024-06-01,2024-06-16
U0501,2024-06-16,2024-06-01,2024-06-19
U0501,2024-06-16,2024-06-01,2024-06-22
U0501,2024-06-16,2024-06-01,2024-06-25
U0501,2024-06-16,2024-06-01,2024-06-28
U0501,2024-06-16,2024-06-01,2024-07-01
U0501,2024-06-16,2024-06-01,2024-07-04
U0501,2024-06-16,2024-06-01,2024-07-10
U0501,2024-06-16,2024-06-01,2024-07-16
U0501,2024-06-16,2024-06-01,2024-07-19
U0501,2024-06-16,2024-06-01,2024-07-22
U0501,2024-06-16,2024-06-01,2024-07-28
U0501,2024-06-16,2024-06-01,2024-07-31
U0501,2024-06-16,2024-06-01,2024-08-03
U0501,2024-06-16,2024-06-01,2024-08-06
U0501,2024-06-16,2024-06-01,2024-08-09
U0502,2024-03-14,2024-03-01,2024-03-14
U0502,2024-03-14,2024-03-01,2024-03-16
U0502,2024-03-14,2024-03-01,2024-03-18
U0502,2024-03-14,2024-03-01,2024-03-20
U0502,2024-03-14,2024-03-01,2024-03-22
U0502,2024-03-14,2024-03-01,2024-03-24
U0502,2024-03-14,2024-03-01,2024-03-26
U0502,2024-03-14,2024-03-01,2024-03-28
U0503,2024-02-12,2024-02-01,2024-02-12
U0503,2024-02-12,2024-02-01,2024-02-13
U0503,2024-02-12,2024-02-01,2024-02-14
U0503,2024-02-12,2024-02-01,2024-02-15
U0503,2024-02-12,2024-02-01,2024-02-16
U0503,2024-02-12,2024-02-01,2024-02-17
U0503,2024-02-12,2024-02-01,2024-02-18
U0503,2024-02-12,2024-02-01,2024-02-19
U0503,2024-02-12,2024-02-01,2024-02-21
U0503,2024-02-12,2024-02-01,2024-02-23
U0503,2024-02-12,2024-02-01,2024-02-24
U0503,2024-02-12,2024-02-01,2024-02-25
U0503,2024-02-12,2024-02-01,2024-02-26
U0503,2024-02-12,2024-02-01,2024-02-27
U0503,2024-02-12,2024-02-01,2024-03-01
U0503,2024-02-12,2024-02-01,2024-03-02
U0503,2024-02-12,2024-02-01,2024-03-03
U0503,2024-02-12,2024-02-01,2024-03-04
U0503,2024-02-12,2024-02-01,2024-03-05
U0503,2024-02-12,2024-02-01,2024-03-06
U0503,2024-02-12,2024-02-01,2024-03-07
U0503,2024-02-12,2024-02-01,2024-03-08
U0503,2024-02-12,2024-02-01,2024-03-09
U0503,2024-02-12,2024-02-01,2024-03-10
U0503,2024-02-12,2024-02-01,2024-03-11
U0503,2024-02-12,2024-02-01,2024-03-13
U0503,2024-02-12,2024-02-01,2024-03-20
U0503,2024-02-12,2024-02-01,2024-03-21
U0503,2024-02-12,2024-02-01,2024-04-03
U0503,2024-02-12,2024-02-01,2024-04-04
U0503,2024-02-12,2024-02-01,2024-04-07
U0503,2024-02-12,2024-02-01,2024-04-08
U0504,2024-02-13,2024-02-01,2024-02-13
U0504,2024-02-13,2024-02-01,2024-02-14
U0504,2024-02-13,2024-02-01,2024-02-15
U0504,2024-02-13,2024-02-01,2024-02-16
U0504,2024-02-13,2024-02-01,2024-02-17
U0504,2024-02-13,2024-02-01,2024-02-18
U0504,2024-02-13,2024-02-01,2024-02-19
U0504,2024-02-13,2024-02-01,2024-02-20
U0504,2024-02-13,2024-02-01,2024-02-21
U0504,2024-02-13,2024-02-01,2024-02-22
U0504,2024-02-13,2024-02-01,2024-02-23
U0504,2024-02-13,2024-02-01,2024-02-24
U0504,2024-02-13,2024-02-01,2024-02-26
U0504,2024-02-13,2024-02-01,2024-02-27
U0504,2024-02-13,2024-02-01,2024-02-28
U0504,2024-02-13,2024-02-01,2024-03-01
U0504,2024-02-13,2024-02-01,2024-03-02
U0504,2024-02-13,2024-02-01,2024-03-03
U0504,2024-02-13,2024-02-01,2024-03-04
U0504,2024-02-13,2024-02-01,2024-03-05
U0504,2024-02-13,2024-02-01,2024-03-06
U0504,2024-02-13,2024-02-01,2024-03-07
U0504,2024-02-13,2024-02-01,2024-03-08
U0504,2024-02-13,2024-02-01,2024-03-10
U0504,2024-02-13,2024-02-01,2024-03-11
U0504,2024-02-13,2024-02-01,2024-03-12
U0504,2024-02-13,2024-02-01,2024-03-13
U0504,2024-02-13,2024-02-01,2024-03-14
U0504,2024-02-13,2024-02-01,2024-03-15
U0504,2024-02-13,2024-02-01,2024-03-18
U0504,2024-02-13,2024-02-01,2024-03-19
U0504,2024-02-13,2024-02-01,2024-03-20
U0504,2024-02-13,2024-02-01,2024-03-21
U0504,2024-02-13,2024-02-01,2024-03-23
U0504,2024-02-13,2024-02-01,2024-03-24
U0504,2024-02-13,2024-02-01,2024-03-25
U0504,2024-02-13,2024-02-01,2024-03-26
U0504,2024-02-13,2024-02-01,2024-03-27
U0504,2024-02-13,2024-02-01,2024-03-29
U0504,2024-02-13,2024-02-01,2024-03-30
U0504,2024-02-13,2024-02-01,2024-03-31
U0504,2024-02-13,2024-02-01,2024-04-02
U0504,2024-02-13,2024-02-01,2024-04-03
U0504,2024-02-13,2024-02-01,2024-04-05
U0504,2024-02-13,2024-02-01,2024-04-06
U0504,2024-02-13,2024-02-01,2024-04-09
U0505,2024-01-29,2024-01-01,2024-01-29
U0505,2024-01-29,2024-01-01,2024-01-31
U0505,2024-01-29,2024-01-01,2024-02-02
U0505,2024-01-29,2024-01-01,2024-02-03
U0505,2024-01-29,2024-01-01,2024-02-04
U0505,2024-01-29,2024-01-01,2024-02-05
U0505,2024-01-29,2024-01-01,2024-02-06
U0505,2024-01-29,2024-01-01,2024-02-07
U0505,2024-01-29,2024-01-01,2024-02-08
U0505,2024-01-29,2024-01-01,2024-02-09
U0505,2024-01-29,2024-01-01,2024-02-10
U0505,2024-01-29,2024-01-01,2024-02-11
U0505,2024-01-29,2024-01-01,2024-02-12
U0505,2024-01-29,2024-01-01,2024-02-14
U0505,2024-01-29,2024-01-01,2024-02-15
U0505,2024-01-29,2024-01-01,2024-02-20
U0505,2024-01-29,2024-01-01,2024-02-22
U0505,2024-01-29,2024-01-01,2024-02-25
U0505,2024-01-29,2024-01-01,2024-02-26
U0505,2024-01-29,2024-01-01,2024-02-27
U0505,2024-01-29,2024-01-01,2024-02-29
U0505,2024-01-29,2024-01-01,2024-03-02
U0505,2024-01-29,2024-01-01,2024-03-03
U0505,2024-01-29,2024-01-01,2024-03-06
U0505,2024-01-29,2024-01-01,2024-03-07
U0505,2024-01-29,2024-01-01,2024-03-12
U0505,2024-01-29,2024-01-01,2024-03-13
U0505,2024-01-29,2024-01-01,2024-03-14
U0505,2024-01-29,2024-01-01,2024-03-15
U0505,2024-01-29,2024-01-01,2024-03-16
U0505,2024-01-29,2024-01-01,2024-03-17
U0505,2024-01-29,2024-01-01,2024-03-19
U0506,2024-05-20,2024-05-01,2024-05-20
U0506,2024-05-20,2024-05-01,2024-05-23
U0506,2024-05-20,2024-05-01,2024-05-26
U0506,2024-05-20,2024-05-01,2024-05-29
U0506,2024-05-20,2024-05-01,2024-06-04
U0506,2024-05-20,2024-05-01,2024-06-07
U0506,2024-05-20,2024-05-01,2024-06-10
U0506,2024-05-20,2024-05-01,2024-06-13
U0506,2024-05-20,2024-05-01,2024-06-19
U0507,2024-01-12,2024-01-01,2024-01-12
U0507,2024-01-12,2024-01-01,2024-01-15
U0507,2024-01-12,2024-01-01,2024-01-18
U0507,2024-01-12,2024-01-01,2024-01-21
U0507,2024-01-12,2024-01-01,2024-01-24
U0507,2024-01-12,2024-01-01,2024-01-27
U0507,2024-01-12,2024-01-01,2024-01-30
U0508,2024-04-04,2024-04-01,2024-04-04
U0508,2024-04-04,2024-04-01,2024-04-08
U0508,2024-04-04,2024-04-01,2024-04-12
U0508,2024-04-04,2024-04-01,2024-04-24
U0508,2024-04-04,2024-04-01,2024-04-28
U0508,2024-04-04,2024-04-01,2024-05-02
U0508,2024-04-04,2024-04-01,2024-05-06
U0508,2024-04-04,2024-04-01,2024-05-10
U0508,2024-04-04,2024-04-01,2024-05-18
U0508,2024-04-04,2024-04-01,2024-05-30
U0508,2024-04-04,2024-04-01,2024-06-11
U0509,2024-02-15,2024-02-01,2024-02-15
U0509,2024-02-15,2024-02-01,2024-02-19
U0509,2024-02-15,2024-02-01,2024-02-23
U0509,2024-02-15,2024-02-01,2024-02-27
U0509,2024-02-15,2024-02-01,2024-03-02
U0509,2024-02-15,2024-02-01,2024-03-06
U0509,2024-02-15,2024-02-01,2024-03-10
U0509,2024-02-15,2024-02-01,2024-03-14
U0509,2024-02-15,2024-02-01,2024-03-18
U0509,2024-02-15,2024-02-01,2024-04-03
U0509,2024-02-15,2024-02-01,2024-04-07
U0509,2024-02-15,2024-02-01,2024-04-19
U0509,2024-02-15,2024-02-01,2024-05-09
U0510,2024-05-09,2024-05-01,2024-05-09
U0510,2024-05-09,2024-05-01,2024-05-10
U0510,2024-05-09,2024-05-01,2024-05-11
U0510,2024-05-09,2024-05-01,2024-05-12
U0510,2024-05-09,2024-05-01,2024-05-13
U0510,2024-05-09,2024-05-01,2024-05-14
U0510,2024-05-09,2024-05-01,2024-05-15
U0510,2024-05-09,2024-05-01,2024-05-16
U0510,2024-05-09,2024-05-01,2024-05-18
U0510,2024-05-09,2024-05-01,2024-05-19
U0510,2024-05-09,2024-05-01,2024-05-20
U0510,2024-05-09,2024-05-01,2024-05-21
U0510,2024-05-09,2024-05-01,2024-05-22
U0510,2024-05-09,2024-05-01,2024-05-23
U0510,2024-05-09,2024-05-01,2024-05-24
U0510,2024-05-09,2024-05-01,2024-05-25
U0510,2024-05-09,2024-05-01,2024-05-26
U0510,2024-05-09,2024-05-01,2024-05-27
U0510,2024-05-09,2024-05-01,2024-05-28
U0510,2024-05-09,2024-05-01,2024-05-31
U0510,2024-05-09,2024-05-01,2024-06-01
U0510,2024-05-09,2024-05-01,2024-06-03
U0510,2024-05-09,2024-05-01,2024-06-05
U0510,2024-05-09,2024-05-01,2024-06-10
U0510,2024-05-09,2024-05-01,2024-06-11
U0510,2024-05-09,2024-05-01,2024-06-12
U0510,2024-05-09,2024-05-01,2024-06-13
U0510,2024-05-09,2024-05-01,2024-06-14
U0510,2024-05-09,2024-05-01,2024-06-15
U0510,2024-05-09,2024-05-01,2024-06-17
U0510,2024-05-09,2024-05-01,2024-06-18
U0510,2024-05-09,2024-05-01,2024-06-19
U0510,2024-05-09,2024-05-01,2024-06-21
U0510,2024-05-09,2024-05-01,2024-06-25
U0510,2024-05-09,2024-05-01,2024-06-28
U0510,2024-05-09,2024-05-01,2024-06-29
U0510,2024-05-09,2024-05-01,2024-06-30
U0510,2024-05-09,2024-05-01,2024-07-02
U0510,2024-05-09,2024-05-01,2024-07-04
U0510,2024-05-09,2024-05-01,2024-07-07
U0510,2024-05-09,2024-05-01,2024-07-09
U0510,2024-05-09,2024-05-01,2024-07-10
U0510,2024-05-09,2024-05-01,2024-07-12
U0510,2024-05-09,2024-05-01,2024-07-14
U0511,2024-02-04,2024-02-01,2024-02-04
U0511,2024-02-04,2024-02-01,2024-02-08
U0511,2024-02-04,2024-02-01,2024-02-12
U0511,2024-02-04,2024-02-01,2024-02-16
U0511,2024-02-04,2024-02-01,2024-02-20
U0511,2024-02-04,2024-02-01,2024-02-28
U0511,2024-02-04,2024-02-01,2024-03-03
U0511,2024-02-04,2024-02-01,2024-03-11
U0511,2024-02-04,2024-02-01,2024-03-15
U0511,2024-02-04,2024-02-01,2024-03-19
U0512,2024-03-21,2024-03-01,2024-03-21
U0512,2024-03-21,2024-03-01,2024-03-23
U0512,2024-03-21,2024-03-01,2024-03-25
U0512,2024-03-21,2024-03-01,2024-03-27
U0512,2024-03-21,2024-03-01,2024-03-29
U0512,2024-03-21,2024-03-01,2024-03-31
U0512,2024-03-21,2024-03-01,2024-04-02
U0512,2024-03-21,2024-03-01,2024-04-04
U0512,2024-03-21,2024-03-01,2024-04-06
U0512,2024-03-21,2024-03-01,2024-04-08
U0513,2024-03-30,2024-03-01,2024-03-30
U0513,2024-03-30,2024-03-01,2024-04-01
U0513,2024-03-30,2024-03-01,2024-04-03
U0513,2024-03-30,2024-03-01,2024-04-07
U0513,2024-03-30,2024-03-01,2024-04-09
U0513,2024-03-30,2024-03-01,2024-04-11
U0513,2024-03-30,2024-03-01,2024-04-13
U0513,2024-03-30,2024-03-01,2024-04-15
U0513,2024-03-30,2024-03-01,2024-04-17
U0513,2024-03-30,2024-03-01,2024-04-19
U0513,2024-03-30,2024-03-01,2024-04-21
U0513,2024-03-30,2024-03-01,2024-04-23
U0513,2024-03-30,2024-03-01,2024-04-25
U0513,2024-03-30,2024-03-01,2024-04-27
U0513,2024-03-30,2024-03-01,2024-05-01
U0513,2024-03-30,2024-03-01,2024-05-05
U0513,2024-03-30,2024-03-01,2024-05-07
U0513,2024-03-30,2024-03-01,2024-05-09
U0513,2024-03-30,2024-03-01,2024-05-13
U0514,2024-01-08,2024-01-01,2024-01-08
U0514,2024-01-08,2024-01-01,2024-01-11
U0514,2024-01-08,2024-01-01,2024-01-14
U0514,2024-01-08,2024-01-01,2024-01-17
U0514,2024-01-08,2024-01-01,2024-01-20
U0514,2024-01-08,2024-01-01,2024-01-23
U0514,2024-01-08,2024-01-01,2024-01-26
U0514,2024-01-08,2024-01-01,2024-02-04
U0514,2024-01-08,2024-01-01,2024-02-10
U0514,2024-01-08,2024-01-01,2024-02-19
U0514,2024-01-08,2024-01-01,2024-02-22
U0515,2024-04-02,2024-04-01,2024-04-02
U0515,2024-04-02,2024-04-01,2024-04-06
U0515,2024-04-02,2024-04-01,2024-04-10
U0515,2024-04-02,2024-04-01,2024-04-18
U0515,2024-04-02,2024-04-01,2024-04-22
U0515,2024-04-02,2024-04-01,2024-04-26
U0515,2024-04-02,2024-04-01,2024-05-04
U0515,2024-04-02,2024-04-01,2024-05-08
U0515,2024-04-02,2024-04-01,2024-05-12
U0515,2024-04-02,2024-04-01,2024-05-16
U0515,2024-04-02,2024-04-01,2024-05-20
U0515,2024-04-02,2024-04-01,2024-05-24
U0515,2024-04-02,2024-04-01,2024-05-28
U0515,2024-04-02,2024-04-01,2024-06-05
U0516,2024-06-02,2024-06-01,2024-06-02
U0516,2024-06-02,2024-06-01,2024-06-03
U0516,2024-06-02,2024-06-01,2024-06-04
U0516,2024-06-02,2024-06-01,2024-06-05
U0516,2024-06-02,2024-06-01,2024-06-06
U0516,2024-06-02,2024-06-01,2024-06-07
U0516,2024-06-02,2024-06-01,2024-06-08
U0516,2024-06-02,2024-06-01,2024-06-09
U0516,2024-06-02,2024-06-01,2024-06-11
U0516,2024-06-02,2024-06-01,2024-06-12
U0516,2024-06-02,2024-06-01,2024-06-13
U0516,2024-06-02,2024-06-01,2024-06-17
U0516,2024-06-02,2024-06-01,2024-06-18
U0516,2024-06-02,2024-06-01,2024-06-19
U0516,2024-06-02,2024-06-01,2024-06-20
U0516,2024-06-02,2024-06-01,2024-06-21
U0516,2024-06-02,2024-06-01,2024-06-22
U0516,2024-06-02,2024-06-01,2024-06-25
U0516,2024-06-02,2024-06-01,2024-06-27
U0516,2024-06-02,2024-06-01,2024-06-29
U0516,2024-06-02,2024-06-01,2024-06-30
U0516,2024-06-02,2024-06-01,2024-07-01
U0516,2024-06-02,2024-06-01,2024-07-02
U0516,2024-06-02,2024-06-01,2024-07-03
U0516,2024-06-02,2024-06-01,2024-07-04
U0516,2024-06-02,2024-06-01,2024-07-06
U0516,2024-06-02,2024-06-01,2024-07-07
U0516,2024-06-02,2024-06-01,2024-07-08
U0516,2024-06-02,2024-06-01,2024-07-09
U0516,2024-06-02,2024-06-01,2024-07-10
U0516,2024-06-02,2024-06-01,2024-07-15
U0516,2024-06-02,2024-06-01,2024-07-18
U0516,2024-06-02,2024-06-01,2024-07-19
U0516,2024-06-02,2024-06-01,2024-07-21
U0516,2024-06-02,2024-06-01,2024-07-24
U0516,2024-06-02,2024-06-01,2024-07-25
U0517,2024-03-30,2024-03-01,2024-03-30
U0517,2024-03-30,2024-03-01,2024-03-31
U0517,2024-03-30,2024-03-01,2024-04-01
U0517,2024-03-30,2024-03-01,2024-04-02
U0517,2024-03-30,2024-03-01,2024-04-03
U0517,2024-03-30,2024-03-01,2024-04-04
U0517,2024-03-30,2024-03-01,2024-04-05
U0517,2024-03-30,2024-03-01,2024-04-06
U0517,2024-03-30,2024-03-01,2024-04-10
U0517,2024-03-30,2024-03-01,2024-04-11
U0517,2024-03-30,2024-03-01,2024-04-12
U0517,2024-03-30,2024-03-01,2024-04-13
U0517,2024-03-30,2024-03-01,2024-04-14
U0517,2024-03-30,2024-03-01,2024-04-15
U0517,2024-03-30,2024-03-01,2024-04-17
U0517,2024-03-30,2024-03-01,2024-04-18
U0517,2024-03-30,2024-03-01,2024-04-19
U0517,2024-03-30,2024-03-01,2024-04-20
U0517,2024-03-30,2024-03-01,2024-04-21
U0518,2024-06-10,2024-06-01,2024-06-10
U0518,2024-06-10,2024-06-01,2024-06-11
U0518,2024-06-10,2024-06-01,2024-06-12
U0518,2024-06-10,2024-06-01,2024-06-13
U0518,2024-06-10,2024-06-01,2024-06-15
U0518,2024-06-10,2024-06-01,2024-06-17
U0518,2024-06-10,2024-06-01,2024-06-18
U0518,2024-06-10,2024-06-01,2024-06-19
U0518,2024-06-10,2024-06-01,2024-06-20
U0518,2024-06-10,2024-06-01,2024-06-21
U0518,2024-06-10,2024-06-01,2024-06-22
U0518,2024-06-10,2024-06-01,2024-06-24
U0518,2024-06-10,2024-06-01,2024-06-25
U0518,2024-06-10,2024-06-01,2024-06-26
U0518,2024-06-10,2024-06-01,2024-06-27
U0518,2024-06-10,2024-06-01,2024-06-28
U0518,2024-06-10,2024-06-01,2024-06-29
U0518,2024-06-10,2024-06-01,2024-06-30
U0518,2024-06-10,2024-06-01,2024-07-01
U0518,2024-06-10,2024-06-01,2024-07-02
U0518,2024-06-10,2024-06-01,2024-07-03
U0518,2024-06-10,2024-06-01,2024-07-04
U0518,2024-06-10,2024-06-01,2024-07-05
U0518,2024-06-10,2024-06-01,2024-07-06
U0518,2024-06-10,2024-06-01,2024-07-07
U0518,2024-06-10,2024-06-01,2024-07-08
U0518,2024-06-10,2024-06-01,2024-07-09
U0518,2024-06-10,2024-06-01,2024-07-10
U0518,2024-06-10,2024-06-01,2024-07-14
U0518,2024-06-10,2024-06-01,2024-07-15
U0518,2024-06-10,2024-06-01,2024-07-17
U0518,2024-06-10,2024-06-01,2024-07-19
U0518,2024-06-10,2024-06-01,2024-07-20
U0518,2024-06-10,2024-06-01,2024-07-22
U0518,2024-06-10,2024-06-01,2024-07-23
U0518,2024-06-10,2024-06-01,2024-07-24
U0518,2024-06-10,2024-06-01,2024-07-25
U0518,2024-06-10,2024-06-01,2024-07-26
U0518,2024-06-10,2024-06-01,2024-07-30
U0518,2024-06-10,2024-06-01,2024-08-02
U0518,2024-06-10,2024-06-01,2024-08-06
U0518,2024-06-10,2024-06-01,2024-08-13
U0518,2024-06-10,2024-06-01,2024-08-15
U0518,2024-06-10,2024-06-01,2024-08-18
U0518,2024-06-10,2024-06-01,2024-08-21
U0518,2024-06-10,2024-06-01,2024-08-23
U0519,2024-04-24,2024-04-01,2024-04-24
U0519,2024-04-24,2024-04-01,2024-04-25
U0519,2024-04-24,2024-04-01,2024-04-26
U0519,2024-04-24,2024-04-01,2024-04-27
U0519,2024-04-24,2024-04-01,2024-04-28
U0519,2024-04-24,2024-04-01,2024-04-29
U0519,2024-04-24,2024-04-01,2024-04-30
U0519,2024-04-24,2024-04-01,2024-05-01
U0519,2024-04-24,2024-04-01,2024-05-02
U0519,2024-04-24,2024-04-01,2024-05-04
U0519,2024-04-24,2024-04-01,2024-05-05
U0519,2024-04-24,2024-04-01,2024-05-07
U0519,2024-04-24,2024-04-01,2024-05-08
U0519,2024-04-24,2024-04-01,2024-05-09
U0519,2024-04-24,2024-04-01,2024-05-10
U0519,2024-04-24,2024-04-01,2024-05-11
U0519,2024-04-24,2024-04-01,2024-05-12
U0519,2024-04-24,2024-04-01,2024-05-14
U0519,2024-04-24,2024-04-01,2024-05-15
U0519,2024-04-24,2024-04-01,2024-05-16
U0519,2024-04-24,2024-04-01,2024-05-17
U0519,2024-04-24,2024-04-01,2024-05-19
U0519,2024-04-24,2024-04-01,2024-05-20
U0519,2024-04-24,2024-04-01,2024-05-21
U0519,2024-04-24,2024-04-01,2024-05-22
U0519,2024-04-24,2024-04-01,2024-05-24
U0519,2024-04-24,2024-04-01,2024-05-25
U0519,2024-04-24,2024-04-01,2024-05-26
U0519,2024-04-24,2024-04-01,2024-05-27
U0519,2024-04-24,2024-04-01,2024-05-28
U0519,2024-04-24,2024-04-01,2024-05-29
U0519,2024-04-24,2024-04-01,2024-05-31
U0519,2024-04-24,2024-04-01,2024-06-02
U0519,2024-04-24,2024-04-01,2024-06-04
U0519,2024-04-24,2024-04-01,2024-06-06
U0520,2024-04-14,2024-04-01,2024-04-14
U0520,2024-04-14,2024-04-01,2024-04-18
U0520,2024-04-14,2024-04-01,2024-04-22
U0520,2024-04-14,2024-04-01,2024-04-26
U0521,2024-05-14,2024-05-01,2024-05-14
U0521,2024-05-14,2024-05-01,2024-05-17
U0521,2024-05-14,2024-05-01,2024-05-20
U0521,2024-05-14,2024-05-01,2024-05-23
U0521,2024-05-14,2024-05-01,2024-05-26
U0521,2024-05-14,2024-05-01,2024-06-07
U0521,2024-05-14,2024-05-01,2024-06-13
U0521,2024-05-14,2024-05-01,2024-06-16
U0521,2024-05-14,2024-05-01,2024-06-19
U0521,2024-05-14,2024-05-01,2024-06-22
U0521,2024-05-14,2024-05-01,2024-06-25
U0521,2024-05-14,2024-05-01,2024-07-01
U0521,2024-05-14,2024-05-01,2024-07-10
U0521,2024-05-14,2024-05-01,2024-07-16
U0522,2024-02-27,2024-02-01,2024-02-27
U0522,2024-02-27,2024-02-01,2024-03-06
U0522,2024-02-27,2024-02-01,2024-03-10
U0522,2024-02-27,2024-02-01,2024-03-14
U0523,2024-04-23,2024-04-01,2024-04-23
U0523,2024-04-23,2024-04-01,2024-04-26
U0523,2024-04-23,2024-04-01,2024-04-29
U0523,2024-04-23,2024-04-01,2024-05-02
U0523,2024-04-23,2024-04-01,2024-05-05
U0523,2024-04-23,2024-04-01,2024-05-08
U0523,2024-04-23,2024-04-01,2024-05-14
U0523,2024-04-23,2024-04-01,2024-05-20
U0523,2024-04-23,2024-04-01,2024-05-23
U0523,2024-04-23,2024-04-01,2024-05-26
U0523,2024-04-23,2024-04-01,2024-05-29
U0524,2024-03-15,2024-03-01,2024-03-15
U0524,2024-03-15,2024-03-01,2024-03-18
U0524,2024-03-15,2024-03-01,2024-03-21
U0524,2024-03-15,2024-03-01,2024-03-24
U0524,2024-03-15,2024-03-01,2024-03-30
U0524,2024-03-15,2024-03-01,2024-04-02
U0524,2024-03-15,2024-03-01,2024-04-05
U0524,2024-03-15,2024-03-01,2024-04-08
U0524,2024-03-15,2024-03-01,2024-04-11
U0524,2024-03-15,2024-03-01,2024-04-14
U0525,2024-06-05,2024-06-01,2024-06-05
U0525,2024-06-05,2024-06-01,2024-06-09
U0525,2024-06-05,2024-06-01,2024-06-13
U0525,2024-06-05,2024-06-01,2024-06-21
U0525,2024-06-05,2024-06-01,2024-06-29
U0525,2024-06-05,2024-06-01,2024-07-07
U0525,2024-06-05,2024-06-01,2024-07-11
U0525,2024-06-05,2024-06-01,2024-08-04
U0525,2024-06-05,2024-06-01,2024-08-08
U0525,2024-06-05,2024-06-01,2024-08-12
U0526,2024-04-29,2024-04-01,2024-04-29
U0526,2024-04-29,2024-04-01,2024-04-30
U0526,2024-04-29,2024-04-01,2024-05-01
U0526,2024-04-29,2024-04-01,2024-05-02
U0526,2024-04-29,2024-04-01,2024-05-03
U0526,2024-04-29,2024-04-01,2024-05-04
U0526,2024-04-29,2024-04-01,2024-05-05
U0526,2024-04-29,2024-04-01,2024-05-06
U0526,2024-04-29,2024-04-01,2024-05-07
U0526,2024-04-29,2024-04-01,2024-05-08
U0526,2024-04-29,2024-04-01,2024-05-10
U0526,2024-04-29,2024-04-01,2024-05-11
U0526,2024-04-29,2024-04-01,2024-05-12
U0526,2024-04-29,2024-04-01,2024-05-13
U0526,2024-04-29,2024-04-01,2024-05-15
U0526,2024-04-29,2024-04-01,2024-05-16
U0526,2024-04-29,2024-04-01,2024-05-17
U0526,2024-04-29,2024-04-01,2024-05-20
U0526,2024-04-29,2024-04-01,2024-05-22
U0526,2024-04-29,2024-04-01,2024-05-23
U0526,2024-04-29,2024-04-01,2024-05-25
U0526,2024-04-29,2024-04-01,2024-05-26
U0526,2024-04-29,2024-04-01,2024-05-29
U0526,2024-04-29,2024-04-01,2024-05-31
U0526,2024-04-29,2024-04-01,2024-06-01
U0526,2024-04-29,2024-04-01,2024-06-03
U0526,2024-04-29,2024-04-01,2024-06-04
U0526,2024-04-29,2024-04-01,2024-06-05
U0526,2024-04-29,2024-04-01,2024-06-07
U0526,2024-04-29,2024-04-01,2024-06-08
U0526,2024-04-29,2024-04-01,2024-06-09
U0527,2024-06-12,2024-06-01,2024-06-12
U0527,2024-06-12,2024-06-01,2024-06-16
U0527,2024-06-12,2024-06-01,2024-06-20
U0527,2024-06-12,2024-06-01,2024-06-24
U0528,2024-01-21,2024-01-01,2024-01-21
U0528,2024-01-21,2024-01-01,2024-01-23
U0528,2024-01-21,2024-01-01,2024-01-25
U0528,2024-01-21,2024-01-01,2024-01-27
U0528,2024-01-21,2024-01-01,2024-01-29
U0528,2024-01-21,2024-01-01,2024-01-31
U0528,2024-01-21,2024-01-01,2024-02-02
U0528,2024-01-21,2024-01-01,2024-02-04
U0528,2024-01-21,2024-01-01,2024-02-06
U0528,2024-01-21,2024-01-01,2024-02-08
U0528,2024-01-21,2024-01-01,2024-02-12
U0528,2024-01-21,2024-01-01,2024-02-16
U0528,2024-01-21,2024-01-01,2024-02-20
U0528,2024-01-21,2024-01-01,2024-02-24
U0528,2024-01-21,2024-01-01,2024-02-28
U0528,2024-01-21,2024-01-01,2024-03-01
U0529,2024-06-12,2024-06-01,2024-06-12
U0529,2024-06-12,2024-06-01,2024-06-16
U0529,2024-06-12,2024-06-01,2024-06-20
U0529,2024-06-12,2024-06-01,2024-06-24
U0529,2024-06-12,2024-06-01,2024-06-28
U0530,2024-05-17,2024-05-01,2024-05-17
U0530,2024-05-17,2024-05-01,2024-05-21
U0530,2024-05-17,2024-05-01,2024-05-29
U0531,2024-04-10,2024-04-01,2024-04-10
U0531,2024-04-10,2024-04-01,2024-04-12
U0531,2024-04-10,2024-04-01,2024-04-14
U0531,2024-04-10,2024-04-01,2024-04-16
U0531,2024-04-10,2024-04-01,2024-04-18
U0531,2024-04-10,2024-04-01,2024-04-20
U0531,2024-04-10,2024-04-01,2024-04-22
U0531,2024-04-10,2024-04-01,2024-04-24
U0531,2024-04-10,2024-04-01,2024-04-26
U0531,2024-04-10,2024-04-01,2024-04-28
U0531,2024-04-10,2024-04-01,2024-04-30
U0531,2024-04-10,2024-04-01,2024-05-04
U0531,2024-04-10,2024-04-01,2024-05-08
U0531,2024-04-10,2024-04-01,2024-05-10
U0531,2024-04-10,2024-04-01,2024-05-12
U0531,2024-04-10,2024-04-01,2024-05-14
U0531,2024-04-10,2024-04-01,2024-05-16
U0531,2024-04-10,2024-04-01,2024-05-18
U0531,2024-04-10,2024-04-01,2024-05-20
U0531,2024-04-10,2024-04-01,2024-05-22
U0532,2024-05-31,2024-05-01,2024-05-31
U0532,2024-05-31,2024-05-01,2024-06-02
U0532,2024-05-31,2024-05-01,2024-06-04
U0532,2024-05-31,2024-05-01,2024-06-06
U0532,2024-05-31,2024-05-01,2024-06-08
U0532,2024-05-31,2024-05-01,2024-06-14
U0532,2024-05-31,2024-05-01,2024-06-16
U0532,2024-05-31,2024-05-01,2024-06-18
U0532,2024-05-31,2024-05-01,2024-06-20
U0532,2024-05-31,2024-05-01,2024-06-22
U0532,2024-05-31,2024-05-01,2024-06-28
U0532,2024-05-31,2024-05-01,2024-06-30
U0532,2024-05-31,2024-05-01,2024-07-04
U0532,2024-05-31,2024-05-01,2024-07-08
U0532,2024-05-31,2024-05-01,2024-07-10
U0532,2024-05-31,2024-05-01,2024-07-12
U0532,2024-05-31,2024-05-01,2024-07-14
U0532,2024-05-31,2024-05-01,2024-07-16
U0532,2024-05-31,2024-05-01,2024-07-22
U0533,2024-06-25,2024-06-01,2024-06-25
U0533,2024-06-25,2024-06-01,2024-06-26
U0533,2024-06-25,2024-06-01,2024-06-27
U0533,2024-06-25,2024-06-01,2024-06-28
U0533,2024-06-25,2024-06-01,2024-06-29
U0533,2024-06-25,2024-06-01,2024-06-30
U0533,2024-06-25,2024-06-01,2024-07-01
U0533,2024-06-25,2024-06-01,2024-07-02
U0533,2024-06-25,2024-06-01,2024-07-03
U0533,2024-06-25,2024-06-01,2024-07-05
U0533,2024-06-25,2024-06-01,2024-07-06
U0533,2024-06-25,2024-06-01,2024-07-08
U0533,2024-06-25,2024-06-01,2024-07-12
U0533,2024-06-25,2024-06-01,2024-07-13
U0533,2024-06-25,2024-06-01,2024-07-15
U0533,2024-06-25,2024-06-01,2024-07-16
U0533,2024-06-25,2024-06-01,2024-07-17
U0533,2024-06-25,2024-06-01,2024-07-18
U0533,2024-06-25,2024-06-01,2024-07-19
U0533,2024-06-25,2024-06-01,2024-07-20
U0533,2024-06-25,2024-06-01,2024-07-21
U0533,2024-06-25,2024-06-01,2024-07-22
U0533,2024-06-25,2024-06-01,2024-07-23
U0533,2024-06-25,2024-06-01,2024-07-26
U0533,2024-06-25,2024-06-01,2024-07-27
U0533,2024-06-25,2024-06-01,2024-07-28
U0533,2024-06-25,2024-06-01,2024-07-29
U0533,2024-06-25,2024-06-01,2024-08-03
U0533,2024-06-25,2024-06-01,2024-08-05
U0533,2024-06-25,2024-06-01,2024-08-06
U0533,2024-06-25,2024-06-01,2024-08-07
U0533,2024-06-25,2024-06-01,2024-08-08
U0533,2024-06-25,2024-06-01,2024-08-09
U0533,2024-06-25,2024-06-01,2024-08-10
U0533,2024-06-25,2024-06-01,2024-08-13
U0533,2024-06-25,2024-06-01,2024-08-15
U0533,2024-06-25,2024-06-01,2024-08-17
U0533,2024-06-25,2024-06-01,2024-08-19
U0533,2024-06-25,2024-06-01,2024-08-21
U0533,2024-06-25,2024-06-01,2024-08-22
U0533,2024-06-25,2024-06-01,2024-08-23
U0533,2024-06-25,2024-06-01,2024-08-24
U0534,2024-04-08,2024-04-01,2024-04-08
U0534,2024-04-08,2024-04-01,2024-04-14
U0534,2024-04-08,2024-04-01,2024-04-20
U0534,2024-04-08,2024-04-01,2024-04-23
U0535,2024-02-05,2024-02-01,2024-02-05
U0535,2024-02-05,2024-02-01,2024-02-08
U0535,2024-02-05,2024-02-01,2024-02-11
U0535,2024-02-05,2024-02-01,2024-02-14
U0535,2024-02-05,2024-02-01,2024-02-17
U0535,2024-02-05,2024-02-01,2024-02-20
U0535,2024-02-05,2024-02-01,2024-02-23
U0535,2024-02-05,2024-02-01,2024-02-26
U0535,2024-02-05,2024-02-01,2024-02-29
U0535,2024-02-05,2024-02-01,2024-03-06
U0535,2024-02-05,2024-02-01,2024-03-09
U0535,2024-02-05,2024-02-01,2024-03-15
U0535,2024-02-05,2024-02-01,2024-03-18
U0536,2024-04-05,2024-04-01,2024-04-05
U0536,2024-04-05,2024-04-01,2024-04-09
U0536,2024-04-05,2024-04-01,2024-04-13
U0536,2024-04-05,2024-04-01,2024-04-17
U0536,2024-04-05,2024-04-01,2024-04-25
U0536,2024-04-05,2024-04-01,2024-04-29
U0536,2024-04-05,2024-04-01,2024-05-07
U0536,2024-04-05,2024-04-01,2024-05-11
U0536,2024-04-05,2024-04-01,2024-05-15
U0536,2024-04-05,2024-04-01,2024-05-31
U0536,2024-04-05,2024-04-01,2024-06-04
U0537,2024-05-31,2024-05-01,2024-05-31
U0537,2024-05-31,2024-05-01,2024-06-02
U0537,2024-05-31,2024-05-01,2024-06-04
U0537,2024-05-31,2024-05-01,2024-06-06
U0537,2024-05-31,2024-05-01,2024-06-12
U0537,2024-05-31,2024-05-01,2024-06-14
U0537,2024-05-31,2024-05-01,2024-06-16
U0537,2024-05-31,2024-05-01,2024-06-18
U0537,2024-05-31,2024-05-01,2024-06-20
U0537,2024-05-31,2024-05-01,2024-06-22
U0538,2024-05-30,2024-05-01,2024-05-30
U0538,2024-05-30,2024-05-01,2024-06-01
U0538,2024-05-30,2024-05-01,2024-06-03
U0538,2024-05-30,2024-05-01,2024-06-05
U0538,2024-05-30,2024-05-01,2024-06-07
U0538,2024-05-30,2024-05-01,2024-06-09
U0538,2024-05-30,2024-05-01,2024-06-11
U0538,2024-05-30,2024-05-01,2024-06-13
U0538,2024-05-30,2024-05-01,2024-06-17
U0538,2024-05-30,2024-05-01,2024-06-19
U0538,2024-05-30,2024-05-01,2024-06-21
U0538,2024-05-30,2024-05-01,2024-06-27
U0539,2024-02-06,2024-02-01,2024-02-06
U0539,2024-02-06,2024-02-01,2024-02-07
U0539,2024-02-06,2024-02-01,2024-02-08
U0539,2024-02-06,2024-02-01,2024-02-09
U0539,2024-02-06,2024-02-01,2024-02-10
U0539,2024-02-06,2024-02-01,2024-02-11
U0539,2024-02-06,2024-02-01,2024-02-13
U0539,2024-02-06,2024-02-01,2024-02-14
U0539,2024-02-06,2024-02-01,2024-02-15
U0539,2024-02-06,2024-02-01,2024-02-16
U0539,2024-02-06,2024-02-01,2024-02-17
U0539,2024-02-06,2024-02-01,2024-02-18
U0539,2024-02-06,2024-02-01,2024-02-19
U0539,2024-02-06,2024-02-01,2024-02-20
U0539,2024-02-06,2024-02-01,2024-02-21
U0539,2024-02-06,2024-02-01,2024-02-22
U0539,2024-02-06,2024-02-01,2024-02-23
U0539,2024-02-06,2024-02-01,2024-02-24
U0539,2024-02-06,2024-02-01,2024-02-26
U0539,2024-02-06,2024-02-01,2024-02-27
U0539,2024-02-06,2024-02-01,2024-02-28
U0539,2024-02-06,2024-02-01,2024-02-29
U0539,2024-02-06,2024-02-01,2024-03-01
U0539,2024-02-06,2024-02-01,2024-03-02
U0539,2024-02-06,2024-02-01,2024-03-03
U0539,2024-02-06,2024-02-01,2024-03-06
U0539,2024-02-06,2024-02-01,2024-03-07
U0539,2024-02-06,2024-02-01,2024-03-08
U0539,2024-02-06,2024-02-01,2024-03-09
U0539,2024-02-06,2024-02-01,2024-03-10
U0539,2024-02-06,2024-02-01,2024-03-12
U0539,2024-02-06,2024-02-01,2024-03-14
U0539,2024-02-06,2024-02-01,2024-03-15
U0539,2024-02-06,2024-02-01,2024-03-17
U0539,2024-02-06,2024-02-01,2024-03-18
U0539,2024-02-06,2024-02-01,2024-03-19
U0539,2024-02-06,2024-02-01,2024-03-20
U0539,2024-02-06,2024-02-01,2024-03-21
U0540,2024-01-12,2024-01-01,2024-01-12
U0540,2024-01-12,2024-01-01,2024-01-15
U0540,2024-01-12,2024-01-01,2024-01-21
U0540,2024-01-12,2024-01-01,2024-01-24
U0540,2024-01-12,2024-01-01,2024-01-30
U0540,2024-01-12,2024-01-01,2024-02-02
U0540,2024-01-12,2024-01-01,2024-02-05
U0540,2024-01-12,2024-01-01,2024-02-11
U0540,2024-01-12,2024-01-01,2024-02-23
U0541,2024-04-22,2024-04-01,2024-04-22
U0541,2024-04-22,2024-04-01,2024-04-24
U0541,2024-04-22,2024-04-01,2024-04-26
U0541,2024-04-22,2024-04-01,2024-04-28
U0541,2024-04-22,2024-04-01,2024-04-30
U0541,2024-04-22,2024-04-01,2024-05-06
U0541,2024-04-22,2024-04-01,2024-05-08
U0541,2024-04-22,2024-04-01,2024-05-10
U0541,2024-04-22,2024-04-01,2024-05-14
U0541,2024-04-22,2024-04-01,2024-05-16
U0541,2024-04-22,2024-04-01,2024-05-20
U0542,2024-01-13,2024-01-01,2024-01-13
U0542,2024-01-13,2024-01-01,2024-01-14
U0542,2024-01-13,2024-01-01,2024-01-15
U0542,2024-01-13,2024-01-01,2024-01-16
U0542,2024-01-13,2024-01-01,2024-01-17
U0542,2024-01-13,2024-01-01,2024-01-18
U0542,2024-01-13,2024-01-01,2024-01-20
U0542,2024-01-13,2024-01-01,2024-01-21
U0542,2024-01-13,2024-01-01,2024-01-23
U0542,2024-01-13,2024-01-01,2024-01-24
U0542,2024-01-13,2024-01-01,2024-01-25
U0542,2024-01-13,2024-01-01,2024-01-26
U0542,2024-01-13,2024-01-01,2024-01-27
U0542,2024-01-13,2024-01-01,2024-01-28
U0542,2024-01-13,2024-01-01,2024-01-29
U0542,2024-01-13,2024-01-01,2024-01-30
U0542,2024-01-13,2024-01-01,2024-01-31
U0542,2024-01-13,2024-01-01,2024-02-01
U0542,2024-01-13,2024-01-01,2024-02-02
U0542,2024-01-13,2024-01-01,2024-02-03
U0542,2024-01-13,2024-01-01,2024-02-05
U0542,2024-01-13,2024-01-01,2024-02-06
U0543,2024-01-23,2024-01-01,2024-01-23
U0543,2024-01-23,2024-01-01,2024-01-24
U0543,2024-01-23,2024-01-01,2024-01-25
U0543,2024-01-23,2024-01-01,2024-01-26
U0543,2024-01-23,2024-01-01,2024-01-27
U0543,2024-01-23,2024-01-01,2024-01-28
U0543,2024-01-23,2024-01-01,2024-01-29
U0543,2024-01-23,2024-01-01,2024-01-30
U0543,2024-01-23,2024-01-01,2024-01-31
U0543,2024-01-23,2024-01-01,2024-02-01
U0543,2024-01-23,2024-01-01,2024-02-02
U0543,2024-01-23,2024-01-01,2024-02-03
U0543,2024-01-23,2024-01-01,2024-02-04
U0543,2024-01-23,2024-01-01,2024-02-05
U0543,2024-01-23,2024-01-01,2024-02-06
U0543,2024-01-23,2024-01-01,2024-02-07
U0543,2024-01-23,2024-01-01,2024-02-08
U0543,2024-01-23,2024-01-01,2024-02-09
U0543,2024-01-23,2024-01-01,2024-02-10
U0543,2024-01-23,2024-01-01,2024-02-12
U0543,2024-01-23,2024-01-01,2024-02-13
U0543,2024-01-23,2024-01-01,2024-02-14
U0543,2024-01-23,2024-01-01,2024-02-15
U0543,2024-01-23,2024-01-01,2024-02-16
U0543,2024-01-23,2024-01-01,2024-02-17
U0543,2024-01-23,2024-01-01,2024-02-20
U0543,2024-01-23,2024-01-01,2024-02-21
U0543,2024-01-23,2024-01-01,2024-02-23
U0543,2024-01-23,2024-01-01,2024-02-25
U0543,2024-01-23,2024-01-01,2024-02-26
U0543,2024-01-23,2024-01-01,2024-02-27
U0543,2024-01-23,2024-01-01,2024-03-01
U0543,2024-01-23,2024-01-01,2024-03-06
U0543,2024-01-23,2024-01-01,2024-03-07
U0543,2024-01-23,2024-01-01,2024-03-10
U0543,2024-01-23,2024-01-01,2024-03-11
U0543,2024-01-23,2024-01-01,2024-03-15
U0543,2024-01-23,2024-01-01,2024-03-17
U0543,2024-01-23,2024-01-01,2024-03-18
U0543,2024-01-23,2024-01-01,2024-03-19
U0543,2024-01-23,2024-01-01,2024-04-02
U0543,2024-01-23,2024-01-01,2024-04-05
U0544,2024-04-08,2024-04-01,2024-04-08
U0544,2024-04-08,2024-04-01,2024-04-09
U0544,2024-04-08,2024-04-01,2024-04-10
U0544,2024-04-08,2024-04-01,2024-04-11
U0544,2024-04-08,2024-04-01,2024-04-12
U0544,2024-04-08,2024-04-01,2024-04-13
U0544,2024-04-08,2024-04-01,2024-04-14
U0544,2024-04-08,2024-04-01,2024-04-15
U0544,2024-04-08,2024-04-01,2024-04-16
U0544,2024-04-08,2024-04-01,2024-04-17
U0544,2024-04-08,2024-04-01,2024-04-18
U0544,2024-04-08,2024-04-01,2024-04-19
U0544,2024-04-08,2024-04-01,2024-04-20
U0544,2024-04-08,2024-04-01,2024-04-21
U0544,2024-04-08,2024-04-01,2024-04-22
U0544,2024-04-08,2024-04-01,2024-04-23
U0544,2024-04-08,2024-04-01,2024-04-25
U0544,2024-04-08,2024-04-01,2024-04-26
U0544,2024-04-08,2024-04-01,2024-04-27
U0544,2024-04-08,2024-04-01,2024-04-30
U0544,2024-04-08,2024-04-01,2024-05-01
U0544,2024-04-08,2024-04-01,2024-05-06
U0544,2024-04-08,2024-04-01,2024-05-07
U0544,2024-04-08,2024-04-01,2024-05-08
U0544,2024-04-08,2024-04-01,2024-05-09
U0544,2024-04-08,2024-04-01,2024-05-13
U0544,2024-04-08,2024-04-01,2024-05-14
U0544,2024-04-08,2024-04-01,2024-05-15
U0544,2024-04-08,2024-04-01,2024-05-16
U0544,2024-04-08,2024-04-01,2024-05-17
U0544,2024-04-08,2024-04-01,2024-05-19
U0544,2024-04-08,2024-04-01,2024-05-21
U0544,2024-04-08,2024-04-01,2024-05-24
U0544,2024-04-08,2024-04-01,2024-05-29
U0544,2024-04-08,2024-04-01,2024-06-01
U0544,2024-04-08,2024-04-01,2024-06-02
U0544,2024-04-08,2024-04-01,2024-06-04
U0544,2024-04-08,2024-04-01,2024-06-09
U0544,2024-04-08,2024-04-01,2024-06-10
U0545,2024-04-14,2024-04-01,2024-04-14
U0545,2024-04-14,2024-04-01,2024-04-16
U0545,2024-04-14,2024-04-01,2024-04-18
U0545,2024-04-14,2024-04-01,2024-04-20
U0545,2024-04-14,2024-04-01,2024-04-24
U0545,2024-04-14,2024-04-01,2024-04-26
U0545,2024-04-14,2024-04-01,2024-04-28
U0545,2024-04-14,2024-04-01,2024-04-30
U0545,2024-04-14,2024-04-01,2024-05-02
U0545,2024-04-14,2024-04-01,2024-05-06
U0545,2024-04-14,2024-04-01,2024-05-08
U0545,2024-04-14,2024-04-01,2024-05-10
U0545,2024-04-14,2024-04-01,2024-05-12
U0545,2024-04-14,2024-04-01,2024-05-18
U0545,2024-04-14,2024-04-01,2024-05-20
U0545,2024-04-14,2024-04-01,2024-05-28
U0545,2024-04-14,2024-04-01,2024-06-01
U0545,2024-04-14,2024-04-01,2024-06-07
U0545,2024-04-14,2024-04-01,2024-06-11
U0545,2024-04-14,2024-04-01,2024-06-15
U0546,2024-01-30,2024-01-01,2024-01-30
U0546,2024-01-30,2024-01-01,2024-01-31
U0546,2024-01-30,2024-01-01,2024-02-01
U0546,2024-01-30,2024-01-01,2024-02-02
U0546,2024-01-30,2024-01-01,2024-02-03
U0546,2024-01-30,2024-01-01,2024-02-04
U0546,2024-01-30,2024-01-01,2024-02-05
U0546,2024-01-30,2024-01-01,2024-02-06
U0546,2024-01-30,2024-01-01,2024-02-07
U0546,2024-01-30,2024-01-01,2024-02-08
U0546,2024-01-30,2024-01-01,2024-02-09
U0546,2024-01-30,2024-01-01,2024-02-11
U0546,2024-01-30,2024-01-01,2024-02-12
U0546,2024-01-30,2024-01-01,2024-02-13
U0546,2024-01-30,2024-01-01,2024-02-15
U0546,2024-01-30,2024-01-01,2024-02-17
U0546,2024-01-30,2024-01-01,2024-02-18
U0546,2024-01-30,2024-01-01,2024-02-20
U0546,2024-01-30,2024-01-01,2024-02-21
U0546,2024-01-30,2024-01-01,2024-02-22
U0546,2024-01-30,2024-01-01,2024-02-23
U0546,2024-01-30,2024-01-01,2024-02-25
U0546,2024-01-30,2024-01-01,2024-02-26
U0546,2024-01-30,2024-01-01,2024-02-28
U0546,2024-01-30,2024-01-01,2024-02-29
U0546,2024-01-30,2024-01-01,2024-03-03
U0546,2024-01-30,2024-01-01,2024-03-04
U0546,2024-01-30,2024-01-01,2024-03-08
U0546,2024-01-30,2024-01-01,2024-03-09
U0546,2024-01-30,2024-01-01,2024-03-13
U0546,2024-01-30,2024-01-01,2024-03-14
U0547,2024-01-17,2024-01-01,2024-01-17
U0547,2024-01-17,2024-01-01,2024-01-19
U0547,2024-01-17,2024-01-01,2024-01-21
U0547,2024-01-17,2024-01-01,2024-01-23
U0547,2024-01-17,2024-01-01,2024-01-25
U0547,2024-01-17,2024-01-01,2024-01-27
U0547,2024-01-17,2024-01-01,2024-01-31
U0547,2024-01-17,2024-01-01,2024-02-02
U0547,2024-01-17,2024-01-01,2024-02-04
U0547,2024-01-17,2024-01-01,2024-02-08
U0547,2024-01-17,2024-01-01,2024-02-10
U0547,2024-01-17,2024-01-01,2024-02-18
U0547,2024-01-17,2024-01-01,2024-02-20
U0547,2024-01-17,2024-01-01,2024-02-22
U0547,2024-01-17,2024-01-01,2024-02-24
U0547,2024-01-17,2024-01-01,2024-02-28
U0547,2024-01-17,2024-01-01,2024-03-03
U0547,2024-01-17,2024-01-01,2024-03-05
U0547,2024-01-17,2024-01-01,2024-03-09
U0547,2024-01-17,2024-01-01,2024-03-11
U0547,2024-01-17,2024-01-01,2024-03-13
U0547,2024-01-17,2024-01-01,2024-03-15
U0548,2024-04-22,2024-04-01,2024-04-22
U0548,2024-04-22,2024-04-01,2024-04-24
U0548,2024-04-22,2024-04-01,2024-04-26
U0548,2024-04-22,2024-04-01,2024-04-30
U0548,2024-04-22,2024-04-01,2024-05-02
U0548,2024-04-22,2024-04-01,2024-05-04
U0548,2024-04-22,2024-04-01,2024-05-06
U0548,2024-04-22,2024-04-01,2024-05-08
U0548,2024-04-22,2024-04-01,2024-05-12
U0548,2024-04-22,2024-04-01,2024-05-14
U0548,2024-04-22,2024-04-01,2024-05-18
U0548,2024-04-22,2024-04-01,2024-05-20
U0548,2024-04-22,2024-04-01,2024-05-22
U0548,2024-04-22,2024-04-01,2024-05-24
U0548,2024-04-22,2024-04-01,2024-05-28
U0549,2024-03-02,2024-03-01,2024-03-02
U0549,2024-03-02,2024-03-01,2024-03-06
U0549,2024-03-02,2024-03-01,2024-03-10
U0549,2024-03-02,2024-03-01,2024-03-14
U0549,2024-03-02,2024-03-01,2024-03-18
U0549,2024-03-02,2024-03-01,2024-03-22
U0549,2024-03-02,2024-03-01,2024-03-26
U0549,2024-03-02,2024-03-01,2024-03-30
U0549,2024-03-02,2024-03-01,2024-04-07
U0549,2024-03-02,2024-03-01,2024-04-15
U0549,2024-03-02,2024-03-01,2024-04-27
U0549,2024-03-02,2024-03-01,2024-05-13
U0550,2024-03-24,2024-03-01,2024-03-24
U0550,2024-03-24,2024-03-01,2024-03-27
U0550,2024-03-24,2024-03-01,2024-04-02
U0550,2024-03-24,2024-03-01,2024-04-05
U0551,2024-04-21,2024-04-01,2024-04-21
U0551,2024-04-21,2024-04-01,2024-04-23
U0551,2024-04-21,2024-04-01,2024-04-25
U0551,2024-04-21,2024-04-01,2024-04-27
U0551,2024-04-21,2024-04-01,2024-04-29
U0551,2024-04-21,2024-04-01,2024-05-03
U0551,2024-04-21,2024-04-01,2024-05-05
U0551,2024-04-21,2024-04-01,2024-05-07
U0551,2024-04-21,2024-04-01,2024-05-11
U0551,2024-04-21,2024-04-01,2024-05-15
U0551,2024-04-21,2024-04-01,2024-05-19
U0551,2024-04-21,2024-04-01,2024-05-21
U0551,2024-04-21,2024-04-01,2024-05-23
U0551,2024-04-21,2024-04-01,2024-05-25
U0551,2024-04-21,2024-04-01,2024-05-27
U0552,2024-03-26,2024-03-01,2024-03-26
U0552,2024-03-26,2024-03-01,2024-03-29
U0552,2024-03-26,2024-03-01,2024-04-01
U0552,2024-03-26,2024-03-01,2024-04-04
U0552,2024-03-26,2024-03-01,2024-04-07
U0552,2024-03-26,2024-03-01,2024-04-13
U0552,2024-03-26,2024-03-01,2024-04-16
U0552,2024-03-26,2024-03-01,2024-04-19
U0552,2024-03-26,2024-03-01,2024-05-01
U0552,2024-03-26,2024-03-01,2024-05-07
U0552,2024-03-26,2024-03-01,2024-05-10
U0552,2024-03-26,2024-03-01,2024-05-13
U0552,2024-03-26,2024-03-01,2024-05-16
U0552,2024-03-26,2024-03-01,2024-05-28
U0553,2024-05-20,2024-05-01,2024-05-20
U0553,2024-05-20,2024-05-01,2024-05-21
U0553,2024-05-20,2024-05-01,2024-05-22
U0553,2024-05-20,2024-05-01,2024-05-23
U0553,2024-05-20,2024-05-01,2024-05-24
U0553,2024-05-20,2024-05-01,2024-05-25
U0553,2024-05-20,2024-05-01,2024-05-26
U0553,2024-05-20,2024-05-01,2024-05-27
U0553,2024-05-20,2024-05-01,2024-05-29
U0553,2024-05-20,2024-05-01,2024-05-30
U0553,2024-05-20,2024-05-01,2024-05-31
U0553,2024-05-20,2024-05-01,2024-06-01
U0553,2024-05-20,2024-05-01,2024-06-02
U0553,2024-05-20,2024-05-01,2024-06-03
U0553,2024-05-20,2024-05-01,2024-06-04
U0553,2024-05-20,2024-05-01,2024-06-05
U0553,2024-05-20,2024-05-01,2024-06-07
U0553,2024-05-20,2024-05-01,2024-06-08
U0553,2024-05-20,2024-05-01,2024-06-09
U0553,2024-05-20,2024-05-01,2024-06-10
U0553,2024-05-20,2024-05-01,2024-06-12
U0553,2024-05-20,2024-05-01,2024-06-13
U0553,2024-05-20,2024-05-01,2024-06-14
U0553,2024-05-20,2024-05-01,2024-06-16
U0553,2024-05-20,2024-05-01,2024-06-18
U0553,2024-05-20,2024-05-01,2024-06-20
U0553,2024-05-20,2024-05-01,2024-06-21
U0553,2024-05-20,2024-05-01,2024-06-23
U0553,2024-05-20,2024-05-01,2024-06-24
U0553,2024-05-20,2024-05-01,2024-06-27
U0553,2024-05-20,2024-05-01,2024-07-01
U0554,2024-01-19,2024-01-01,2024-01-19
U0554,2024-01-19,2024-01-01,2024-01-21
U0554,2024-01-19,2024-01-01,2024-01-23
U0554,2024-01-19,2024-01-01,2024-01-25
U0554,2024-01-19,2024-01-01,2024-01-27
U0554,2024-01-19,2024-01-01,2024-01-31
U0554,2024-01-19,2024-01-01,2024-02-02
U0554,2024-01-19,2024-01-01,2024-02-04
U0554,2024-01-19,2024-01-01,2024-02-06
U0554,2024-01-19,2024-01-01,2024-02-08
U0554,2024-01-19,2024-01-01,2024-02-10
U0554,2024-01-19,2024-01-01,2024-02-18
U0555,2024-06-25,2024-06-01,2024-06-25
U0555,2024-06-25,2024-06-01,2024-06-26
U0555,2024-06-25,2024-06-01,2024-06-27
U0555,2024-06-25,2024-06-01,2024-06-28
U0555,2024-06-25,2024-06-01,2024-06-29
U0555,2024-06-25,2024-06-01,2024-06-30
U0555,2024-06-25,2024-06-01,2024-07-01
U0555,2024-06-25,2024-06-01,2024-07-02
U0555,2024-06-25,2024-06-01,2024-07-03
U0555,2024-06-25,2024-06-01,2024-07-04
U0555,2024-06-25,2024-06-01,2024-07-05
U0555,2024-06-25,2024-06-01,2024-07-06
U0555,2024-06-25,2024-06-01,2024-07-07
U0555,2024-06-25,2024-06-01,2024-07-08
U0555,2024-06-25,2024-06-01,2024-07-09
U0555,2024-06-25,2024-06-01,2024-07-11
U0555,2024-06-25,2024-06-01,2024-07-14
U0555,2024-06-25,2024-06-01,2024-07-16
U0555,2024-06-25,2024-06-01,2024-07-17
U0555,2024-06-25,2024-06-01,2024-07-18
U0555,2024-06-25,2024-06-01,2024-07-19
U0555,2024-06-25,2024-06-01,2024-07-22
U0555,2024-06-25,2024-06-01,2024-07-23
U0555,2024-06-25,2024-06-01,2024-07-24
U0555,2024-06-25,2024-06-01,2024-07-26
U0555,2024-06-25,2024-06-01,2024-07-28
U0555,2024-06-25,2024-06-01,2024-07-29
U0555,2024-06-25,2024-06-01,2024-07-31
U0555,2024-06-25,2024-06-01,2024-08-01
U0555,2024-06-25,2024-06-01,2024-08-02
U0555,2024-06-25,2024-06-01,2024-08-03
U0555,2024-06-25,2024-06-01,2024-08-06
U0555,2024-06-25,2024-06-01,2024-08-08
U0555,2024-06-25,2024-06-01,2024-08-12
U0555,2024-06-25,2024-06-01,2024-08-13
U0555,2024-06-25,2024-06-01,2024-08-14
U0555,2024-06-25,2024-06-01,2024-08-19
U0555,2024-06-25,2024-06-01,2024-08-20
U0555,2024-06-25,2024-06-01,2024-08-21
U0555,2024-06-25,2024-06-01,2024-08-22
U0555,2024-06-25,2024-06-01,2024-08-23
U0555,2024-06-25,2024-06-01,2024-08-25
U0555,2024-06-25,2024-06-01,2024-08-26
U0555,2024-06-25,2024-06-01,2024-08-28
U0555,2024-06-25,2024-06-01,2024-09-02
U0555,2024-06-25,2024-06-01,2024-09-06
U0555,2024-06-25,2024-06-01,2024-09-10
U0555,2024-06-25,2024-06-01,2024-09-11
U0555,2024-06-25,2024-06-01,2024-09-13
U0555,2024-06-25,2024-06-01,2024-09-15
U0555,2024-06-25,2024-06-01,2024-09-16
U0555,2024-06-25,2024-06-01,2024-09-17
U0555,2024-06-25,2024-06-01,2024-09-19
U0556,2024-04-09,2024-04-01,2024-04-09
U0556,2024-04-09,2024-04-01,2024-04-13
U0556,2024-04-09,2024-04-01,2024-04-17
U0556,2024-04-09,2024-04-01,2024-04-21
U0556,2024-04-09,2024-04-01,2024-04-25
U0556,2024-04-09,2024-04-01,2024-05-03
U0556,2024-04-09,2024-04-01,2024-05-07
U0556,2024-04-09,2024-04-01,2024-05-11
U0556,2024-04-09,2024-04-01,2024-05-31
U0556,2024-04-09,2024-04-01,2024-06-08
U0556,2024-04-09,2024-04-01,2024-06-16
U0557,2024-05-19,2024-05-01,2024-05-19
U0557,2024-05-19,2024-05-01,2024-05-20
U0557,2024-05-19,2024-05-01,2024-05-21
U0557,2024-05-19,2024-05-01,2024-05-22
U0557,2024-05-19,2024-05-01,2024-05-23
U0557,2024-05-19,2024-05-01,2024-05-24
U0557,2024-05-19,2024-05-01,2024-05-25
U0557,2024-05-19,2024-05-01,2024-05-26
U0557,2024-05-19,2024-05-01,2024-05-27
U0557,2024-05-19,2024-05-01,2024-05-28
U0557,2024-05-19,2024-05-01,2024-05-30
U0557,2024-05-19,2024-05-01,2024-05-31
U0557,2024-05-19,2024-05-01,2024-06-01
U0557,2024-05-19,2024-05-01,2024-06-02
U0557,2024-05-19,2024-05-01,2024-06-03
U0557,2024-05-19,2024-05-01,2024-06-04
U0557,2024-05-19,2024-05-01,2024-06-05
U0557,2024-05-19,2024-05-01,2024-06-06
U0557,2024-05-19,2024-05-01,2024-06-07
U0557,2024-05-19,2024-05-01,2024-06-10
U0557,2024-05-19,2024-05-01,2024-06-11
U0557,2024-05-19,2024-05-01,2024-06-12
U0557,2024-05-19,2024-05-01,2024-06-13
U0557,2024-05-19,2024-05-01,2024-06-16
U0557,2024-05-19,2024-05-01,2024-06-17
U0557,2024-05-19,2024-05-01,2024-06-18
U0557,2024-05-19,2024-05-01,2024-06-19
U0557,2024-05-19,2024-05-01,2024-06-21
U0557,2024-05-19,2024-05-01,2024-06-22
U0557,2024-05-19,2024-05-01,2024-06-24
U0557,2024-05-19,2024-05-01,2024-06-26
U0557,2024-05-19,2024-05-01,2024-06-27
U0557,2024-05-19,2024-05-01,2024-06-30
U0557,2024-05-19,2024-05-01,2024-07-07
U0557,2024-05-19,2024-05-01,2024-07-08
U0557,2024-05-19,2024-05-01,2024-07-14
U0557,2024-05-19,2024-05-01,2024-07-16
U0558,2024-05-26,2024-05-01,2024-05-26
U0558,2024-05-26,2024-05-01,2024-05-28
U0558,2024-05-26,2024-05-01,2024-05-30
U0558,2024-05-26,2024-05-01,2024-06-01
U0558,2024-05-26,2024-05-01,2024-06-05
U0558,2024-05-26,2024-05-01,2024-06-07
U0558,2024-05-26,2024-05-01,2024-06-09
U0558,2024-05-26,2024-05-01,2024-06-11
U0558,2024-05-26,2024-05-01,2024-06-15
U0558,2024-05-26,2024-05-01,2024-06-17
U0558,2024-05-26,2024-05-01,2024-06-19
U0558,2024-05-26,2024-05-01,2024-06-21
U0558,2024-05-26,2024-05-01,2024-06-23
U0558,2024-05-26,2024-05-01,2024-06-25
U0558,2024-05-26,2024-05-01,2024-06-27
U0558,2024-05-26,2024-05-01,2024-06-29
U0558,2024-05-26,2024-05-01,2024-07-03
U0559,2024-03-16,2024-03-01,2024-03-16
U0559,2024-03-16,2024-03-01,2024-03-20
U0559,2024-03-16,2024-03-01,2024-03-24
U0559,2024-03-16,2024-03-01,2024-03-28
U0559,2024-03-16,2024-03-01,2024-04-01
U0559,2024-03-16,2024-03-01,2024-04-09
U0559,2024-03-16,2024-03-01,2024-04-17
U0559,2024-03-16,2024-03-01,2024-04-21
U0560,2024-01-09,2024-01-01,2024-01-09
U0560,2024-01-09,2024-01-01,2024-01-10
U0560,2024-01-09,2024-01-01,2024-01-11
U0560,2024-01-09,2024-01-01,2024-01-12
U0560,2024-01-09,2024-01-01,2024-01-13
U0560,2024-01-09,2024-01-01,2024-01-14
U0560,2024-01-09,2024-01-01,2024-01-15
U0560,2024-01-09,2024-01-01,2024-01-16
U0560,2024-01-09,2024-01-01,2024-01-17
U0560,2024-01-09,2024-01-01,2024-01-18
U0560,2024-01-09,2024-01-01,2024-01-19
U0560,2024-01-09,2024-01-01,2024-01-20
U0560,2024-01-09,2024-01-01,2024-01-21
U0560,2024-01-09,2024-01-01,2024-01-22
U0560,2024-01-09,2024-01-01,2024-01-25
U0560,2024-01-09,2024-01-01,2024-01-27
U0560,2024-01-09,2024-01-01,2024-01-28
U0560,2024-01-09,2024-01-01,2024-01-29
U0560,2024-01-09,2024-01-01,2024-01-30
U0560,2024-01-09,2024-01-01,2024-02-01
U0560,2024-01-09,2024-01-01,2024-02-03
U0560,2024-01-09,2024-01-01,2024-02-06
U0560,2024-01-09,2024-01-01,2024-02-07
U0560,2024-01-09,2024-01-01,2024-02-10
U0560,2024-01-09,2024-01-01,2024-02-12
U0560,2024-01-09,2024-01-01,2024-02-13
U0560,2024-01-09,2024-01-01,2024-02-14
U0560,2024-01-09,2024-01-01,2024-02-17
U0560,2024-01-09,2024-01-01,2024-02-20
U0560,2024-01-09,2024-01-01,2024-02-22
U0560,2024-01-09,2024-01-01,2024-02-23
U0560,2024-01-09,2024-01-01,2024-02-24
U0560,2024-01-09,2024-01-01,2024-02-27
U0560,2024-01-09,2024-01-01,2024-02-28
U0561,2024-01-28,2024-01-01,2024-01-28
U0561,2024-01-28,2024-01-01,2024-02-01
U0561,2024-01-28,2024-01-01,2024-02-03
U0561,2024-01-28,2024-01-01,2024-02-05
U0561,2024-01-28,2024-01-01,2024-02-09
U0561,2024-01-28,2024-01-01,2024-02-11
U0561,2024-01-28,2024-01-01,2024-02-13
U0561,2024-01-28,2024-01-01,2024-02-15
U0562,2024-05-07,2024-05-01,2024-05-07
U0562,2024-05-07,2024-05-01,2024-05-08
U0562,2024-05-07,2024-05-01,2024-05-09
U0562,2024-05-07,2024-05-01,2024-05-10
U0562,2024-05-07,2024-05-01,2024-05-11
U0562,2024-05-07,2024-05-01,2024-05-12
U0562,2024-05-07,2024-05-01,2024-05-13
U0562,2024-05-07,2024-05-01,2024-05-14
U0562,2024-05-07,2024-05-01,2024-05-16
U0562,2024-05-07,2024-05-01,2024-05-19
U0562,2024-05-07,2024-05-01,2024-05-20
U0562,2024-05-07,2024-05-01,2024-05-21
U0562,2024-05-07,2024-05-01,2024-05-23
U0562,2024-05-07,2024-05-01,2024-05-24
U0562,2024-05-07,2024-05-01,2024-05-25
U0562,2024-05-07,2024-05-01,2024-05-26
U0562,2024-05-07,2024-05-01,2024-05-27
U0562,2024-05-07,2024-05-01,2024-05-29
U0562,2024-05-07,2024-05-01,2024-05-31
U0562,2024-05-07,2024-05-01,2024-06-04
U0562,2024-05-07,2024-05-01,2024-06-05
U0562,2024-05-07,2024-05-01,2024-06-06
U0562,2024-05-07,2024-05-01,2024-06-07
U0562,2024-05-07,2024-05-01,2024-06-10
U0562,2024-05-07,2024-05-01,2024-06-11
U0562,2024-05-07,2024-05-01,2024-06-12
U0563,2024-02-21,2024-02-01,2024-02-21
U0563,2024-02-21,2024-02-01,2024-02-24
U0563,2024-02-21,2024-02-01,2024-02-27
U0563,2024-02-21,2024-02-01,2024-03-01
U0563,2024-02-21,2024-02-01,2024-03-04
U0563,2024-02-21,2024-02-01,2024-03-13
U0563,2024-02-21,2024-02-01,2024-03-16
U0563,2024-02-21,2024-02-01,2024-03-19
U0563,2024-02-21,2024-02-01,2024-03-22
U0563,2024-02-21,2024-02-01,2024-03-25
U0563,2024-02-21,2024-02-01,2024-03-28
U0563,2024-02-21,2024-02-01,2024-03-31
U0563,2024-02-21,2024-02-01,2024-04-03
U0563,2024-02-21,2024-02-01,2024-04-06
U0564,2024-03-23,2024-03-01,2024-03-23
U0564,2024-03-23,2024-03-01,2024-03-25
U0564,2024-03-23,2024-03-01,2024-03-27
U0564,2024-03-23,2024-03-01,2024-03-29
U0564,2024-03-23,2024-03-01,2024-03-31
U0564,2024-03-23,2024-03-01,2024-04-06
U0564,2024-03-23,2024-03-01,2024-04-08
U0564,2024-03-23,2024-03-01,2024-04-10
U0564,2024-03-23,2024-03-01,2024-04-12
U0564,2024-03-23,2024-03-01,2024-04-14
U0564,2024-03-23,2024-03-01,2024-04-20
U0564,2024-03-23,2024-03-01,2024-04-22
U0564,2024-03-23,2024-03-01,2024-04-24
U0565,2024-04-20,2024-04-01,2024-04-20
U0565,2024-04-20,2024-04-01,2024-04-22
U0565,2024-04-20,2024-04-01,2024-04-24
U0565,2024-04-20,2024-04-01,2024-04-26
U0565,2024-04-20,2024-04-01,2024-04-28
U0566,2024-05-23,2024-05-01,2024-05-23
U0566,2024-05-23,2024-05-01,2024-05-25
U0566,2024-05-23,2024-05-01,2024-05-27
U0566,2024-05-23,2024-05-01,2024-05-29
U0566,2024-05-23,2024-05-01,2024-05-31
U0566,2024-05-23,2024-05-01,2024-06-02
U0566,2024-05-23,2024-05-01,2024-06-04
U0567,2024-04-26,2024-04-01,2024-04-26
U0567,2024-04-26,2024-04-01,2024-05-04
U0567,2024-04-26,2024-04-01,2024-05-12
U0567,2024-04-26,2024-04-01,2024-05-16
U0568,2024-03-09,2024-03-01,2024-03-09
U0568,2024-03-09,2024-03-01,2024-03-10
U0568,2024-03-09,2024-03-01,2024-03-11
U0568,2024-03-09,2024-03-01,2024-03-12
U0568,2024-03-09,2024-03-01,2024-03-13
U0568,2024-03-09,2024-03-01,2024-03-14
U0568,2024-03-09,2024-03-01,2024-03-15
U0568,2024-03-09,2024-03-01,2024-03-16
U0568,2024-03-09,2024-03-01,2024-03-18
U0568,2024-03-09,2024-03-01,2024-03-19
U0568,2024-03-09,2024-03-01,2024-03-20
U0568,2024-03-09,2024-03-01,2024-03-21
U0568,2024-03-09,2024-03-01,2024-03-22
U0568,2024-03-09,2024-03-01,2024-03-23
U0568,2024-03-09,2024-03-01,2024-03-25
U0568,2024-03-09,2024-03-01,2024-03-26
U0568,2024-03-09,2024-03-01,2024-03-30
U0568,2024-03-09,2024-03-01,2024-03-31
U0568,2024-03-09,2024-03-01,2024-04-02
U0568,2024-03-09,2024-03-01,2024-04-03
U0568,2024-03-09,2024-03-01,2024-04-09
U0568,2024-03-09,2024-03-01,2024-04-13
U0568,2024-03-09,2024-03-01,2024-04-14
U0568,2024-03-09,2024-03-01,2024-04-16
U0568,2024-03-09,2024-03-01,2024-04-18
U0568,2024-03-09,2024-03-01,2024-04-19
U0568,2024-03-09,2024-03-01,2024-04-21
U0568,2024-03-09,2024-03-01,2024-04-23
U0568,2024-03-09,2024-03-01,2024-04-24
U0568,2024-03-09,2024-03-01,2024-04-25
U0568,2024-03-09,2024-03-01,2024-04-27
U0569,2024-04-08,2024-04-01,2024-04-08
U0569,2024-04-08,2024-04-01,2024-04-11
U0569,2024-04-08,2024-04-01,2024-04-14
U0569,2024-04-08,2024-04-01,2024-04-17
U0569,2024-04-08,2024-04-01,2024-04-20
U0569,2024-04-08,2024-04-01,2024-04-23
U0569,2024-04-08,2024-04-01,2024-04-26
U0569,2024-04-08,2024-04-01,2024-05-05
U0569,2024-04-08,2024-04-01,2024-05-08
U0570,2024-05-19,2024-05-01,2024-05-19
U0570,2024-05-19,2024-05-01,2024-05-22
U0570,2024-05-19,2024-05-01,2024-05-25
U0570,2024-05-19,2024-05-01,2024-05-28
U0570,2024-05-19,2024-05-01,2024-05-31
U0570,2024-05-19,2024-05-01,2024-06-03
U0570,2024-05-19,2024-05-01,2024-06-06
U0571,2024-01-25,2024-01-01,2024-01-25
U0571,2024-01-25,2024-01-01,2024-01-27
U0571,2024-01-25,2024-01-01,2024-01-31
U0571,2024-01-25,2024-01-01,2024-02-02
U0571,2024-01-25,2024-01-01,2024-02-04
U0571,2024-01-25,2024-01-01,2024-02-06
U0571,2024-01-25,2024-01-01,2024-02-08
U0571,2024-01-25,2024-01-01,2024-02-14
U0571,2024-01-25,2024-01-01,2024-02-16
U0571,2024-01-25,2024-01-01,2024-02-18
U0571,2024-01-25,2024-01-01,2024-02-22
U0571,2024-01-25,2024-01-01,2024-02-26
U0571,2024-01-25,2024-01-01,2024-03-01
U0571,2024-01-25,2024-01-01,2024-03-03
U0571,2024-01-25,2024-01-01,2024-03-09
U0571,2024-01-25,2024-01-01,2024-03-11
U0571,2024-01-25,2024-01-01,2024-03-13
U0571,2024-01-25,2024-01-01,2024-03-15
U0571,2024-01-25,2024-01-01,2024-03-21
U0571,2024-01-25,2024-01-01,2024-03-23
U0571,2024-01-25,2024-01-01,2024-03-25
U0571,2024-01-25,2024-01-01,2024-04-02
U0572,2024-06-28,2024-06-01,2024-06-28
U0572,2024-06-28,2024-06-01,2024-07-02
U0572,2024-06-28,2024-06-01,2024-07-06
U0572,2024-06-28,2024-06-01,2024-07-10
U0572,2024-06-28,2024-06-01,2024-07-14
U0572,2024-06-28,2024-06-01,2024-07-22
U0572,2024-06-28,2024-06-01,2024-08-15
U0572,2024-06-28,2024-06-01,2024-08-19
U0572,2024-06-28,2024-06-01,2024-08-31
U0573,2024-05-02,2024-05-01,2024-05-02
U0573,2024-05-02,2024-05-01,2024-05-04
U0573,2024-05-02,2024-05-01,2024-05-06
U0573,2024-05-02,2024-05-01,2024-05-08
U0573,2024-05-02,2024-05-01,2024-05-10
U0573,2024-05-02,2024-05-01,2024-05-12
U0573,2024-05-02,2024-05-01,2024-05-16
U0573,2024-05-02,2024-05-01,2024-05-18
U0573,2024-05-02,2024-05-01,2024-05-22
U0573,2024-05-02,2024-05-01,2024-05-24
U0573,2024-05-02,2024-05-01,2024-05-26
U0573,2024-05-02,2024-05-01,2024-06-01
U0573,2024-05-02,2024-05-01,2024-06-03
U0573,2024-05-02,2024-05-01,2024-06-09
U0573,2024-05-02,2024-05-01,2024-06-13
U0573,2024-05-02,2024-05-01,2024-06-15
U0573,2024-05-02,2024-05-01,2024-06-17
U0573,2024-05-02,2024-05-01,2024-06-19
U0573,2024-05-02,2024-05-01,2024-06-21
U0573,2024-05-02,2024-05-01,2024-06-25
U0573,2024-05-02,2024-05-01,2024-06-27
U0573,2024-05-02,2024-05-01,2024-06-29
U0573,2024-05-02,2024-05-01,2024-07-05
U0573,2024-05-02,2024-05-01,2024-07-09
U0573,2024-05-02,2024-05-01,2024-07-13
U0574,2024-02-22,2024-02-01,2024-02-22
U0574,2024-02-22,2024-02-01,2024-02-26
U0574,2024-02-22,2024-02-01,2024-03-01
U0574,2024-02-22,2024-02-01,2024-03-05
U0574,2024-02-22,2024-02-01,2024-03-13
U0574,2024-02-22,2024-02-01,2024-03-17
U0574,2024-02-22,2024-02-01,2024-03-21
U0574,2024-02-22,2024-02-01,2024-03-29
U0574,2024-02-22,2024-02-01,2024-04-06
U0574,2024-02-22,2024-02-01,2024-04-10
U0574,2024-02-22,2024-02-01,2024-04-18
U0574,2024-02-22,2024-02-01,2024-04-22
U0574,2024-02-22,2024-02-01,2024-04-26
U0575,2024-05-30,2024-05-01,2024-05-30
U0575,2024-05-30,2024-05-01,2024-06-01
U0575,2024-05-30,2024-05-01,2024-06-03
U0575,2024-05-30,2024-05-01,2024-06-05
U0575,2024-05-30,2024-05-01,2024-06-07
U0575,2024-05-30,2024-05-01,2024-06-09
U0575,2024-05-30,2024-05-01,2024-06-11
U0575,2024-05-30,2024-05-01,2024-06-15
U0575,2024-05-30,2024-05-01,2024-06-17
U0575,2024-05-30,2024-05-01,2024-06-23
U0576,2024-05-23,2024-05-01,2024-05-23
U0576,2024-05-23,2024-05-01,2024-05-25
U0576,2024-05-23,2024-05-01,2024-05-27
U0576,2024-05-23,2024-05-01,2024-05-29
U0576,2024-05-23,2024-05-01,2024-05-31
U0576,2024-05-23,2024-05-01,2024-06-02
U0576,2024-05-23,2024-05-01,2024-06-04
U0576,2024-05-23,2024-05-01,2024-06-06
U0576,2024-05-23,2024-05-01,2024-06-10
U0576,2024-05-23,2024-05-01,2024-06-12
U0576,2024-05-23,2024-05-01,2024-06-14
U0576,2024-05-23,2024-05-01,2024-06-22
U0576,2024-05-23,2024-05-01,2024-06-24
U0576,2024-05-23,2024-05-01,2024-06-26
U0576,2024-05-23,2024-05-01,2024-06-28
U0576,2024-05-23,2024-05-01,2024-07-02
U0576,2024-05-23,2024-05-01,2024-07-04
U0576,2024-05-23,2024-05-01,2024-07-06
U0576,2024-05-23,2024-05-01,2024-07-08
U0576,2024-05-23,2024-05-01,2024-07-10
U0576,2024-05-23,2024-05-01,2024-07-12
U0576,2024-05-23,2024-05-01,2024-07-16
U0577,2024-02-26,2024-02-01,2024-02-26
U0577,2024-02-26,2024-02-01,2024-02-28
U0577,2024-02-26,2024-02-01,2024-03-01
U0577,2024-02-26,2024-02-01,2024-03-03
U0577,2024-02-26,2024-02-01,2024-03-05
U0577,2024-02-26,2024-02-01,2024-03-07
U0577,2024-02-26,2024-02-01,2024-03-09
U0577,2024-02-26,2024-02-01,2024-03-11
U0577,2024-02-26,2024-02-01,2024-03-13
U0577,2024-02-26,2024-02-01,2024-03-19
U0577,2024-02-26,2024-02-01,2024-03-21
U0577,2024-02-26,2024-02-01,2024-03-27
U0577,2024-02-26,2024-02-01,2024-03-29
U0577,2024-02-26,2024-02-01,2024-04-02
U0577,2024-02-26,2024-02-01,2024-04-04
U0577,2024-02-26,2024-02-01,2024-04-16
U0578,2024-02-08,2024-02-01,2024-02-08
U0578,2024-02-08,2024-02-01,2024-02-11
U0578,2024-02-08,2024-02-01,2024-02-14
U0578,2024-02-08,2024-02-01,2024-02-17
U0578,2024-02-08,2024-02-01,2024-02-20
U0578,2024-02-08,2024-02-01,2024-02-23
U0578,2024-02-08,2024-02-01,2024-02-26
U0578,2024-02-08,2024-02-01,2024-02-29
U0578,2024-02-08,2024-02-01,2024-03-03
U0578,2024-02-08,2024-02-01,2024-03-09
U0578,2024-02-08,2024-02-01,2024-03-24
U0579,2024-04-18,2024-04-01,2024-04-18
U0579,2024-04-18,2024-04-01,2024-04-22
U0579,2024-04-18,2024-04-01,2024-04-26
U0579,2024-04-18,2024-04-01,2024-04-30
U0579,2024-04-18,2024-04-01,2024-05-04
U0579,2024-04-18,2024-04-01,2024-05-08
U0579,2024-04-18,2024-04-01,2024-05-12
U0579,2024-04-18,2024-04-01,2024-05-16
U0579,2024-04-18,2024-04-01,2024-05-20
U0579,2024-04-18,2024-04-01,2024-05-24
U0579,2024-04-18,2024-04-01,2024-06-01
U0580,2024-06-29,2024-06-01,2024-06-29
U0580,2024-06-29,2024-06-01,2024-07-02
U0580,2024-06-29,2024-06-01,2024-07-05
U0580,2024-06-29,2024-06-01,2024-07-08
U0580,2024-06-29,2024-06-01,2024-07-14
U0580,2024-06-29,2024-06-01,2024-07-17
U0580,2024-06-29,2024-06-01,2024-07-20
U0581,2024-02-11,2024-02-01,2024-02-11
U0581,2024-02-11,2024-02-01,2024-02-15
U0581,2024-02-11,2024-02-01,2024-02-19
U0581,2024-02-11,2024-02-01,2024-02-23
U0581,2024-02-11,2024-02-01,2024-02-27
U0581,2024-02-11,2024-02-01,2024-03-02
U0581,2024-02-11,2024-02-01,2024-03-18
U0581,2024-02-11,2024-02-01,2024-03-22
U0581,2024-02-11,2024-02-01,2024-03-26
U0582,2024-06-15,2024-06-01,2024-06-15
U0582,2024-06-15,2024-06-01,2024-06-18
U0582,2024-06-15,2024-06-01,2024-06-21
U0582,2024-06-15,2024-06-01,2024-06-24
U0582,2024-06-15,2024-06-01,2024-06-27
U0582,2024-06-15,2024-06-01,2024-06-30
U0582,2024-06-15,2024-06-01,2024-07-03
U0582,2024-06-15,2024-06-01,2024-07-06
U0582,2024-06-15,2024-06-01,2024-07-09
U0582,2024-06-15,2024-06-01,2024-07-15
U0582,2024-06-15,2024-06-01,2024-07-18
U0582,2024-06-15,2024-06-01,2024-07-21
U0582,2024-06-15,2024-06-01,2024-07-24
U0582,2024-06-15,2024-06-01,2024-07-27
U0582,2024-06-15,2024-06-01,2024-07-30
U0583,2024-05-21,2024-05-01,2024-05-21
U0583,2024-05-21,2024-05-01,2024-05-23
U0583,2024-05-21,2024-05-01,2024-05-25
U0583,2024-05-21,2024-05-01,2024-05-27
U0583,2024-05-21,2024-05-01,2024-05-29
U0583,2024-05-21,2024-05-01,2024-05-31
U0583,2024-05-21,2024-05-01,2024-06-02
U0583,2024-05-21,2024-05-01,2024-06-04
U0583,2024-05-21,2024-05-01,2024-06-10
U0583,2024-05-21,2024-05-01,2024-06-12
U0583,2024-05-21,2024-05-01,2024-06-16
U0583,2024-05-21,2024-05-01,2024-06-18
U0583,2024-05-21,2024-05-01,2024-06-20
U0583,2024-05-21,2024-05-01,2024-06-26
U0583,2024-05-21,2024-05-01,2024-07-04
U0583,2024-05-21,2024-05-01,2024-07-16
U0584,2024-05-01,2024-05-01,2024-05-01
U0584,2024-05-01,2024-05-01,2024-05-04
U0584,2024-05-01,2024-05-01,2024-05-07
U0584,2024-05-01,2024-05-01,2024-05-10
U0584,2024-05-01,2024-05-01,2024-05-13
U0584,2024-05-01,2024-05-01,2024-05-16
U0584,2024-05-01,2024-05-01,2024-05-19
U0584,2024-05-01,2024-05-01,2024-05-22
U0584,2024-05-01,2024-05-01,2024-05-25
U0584,2024-05-01,2024-05-01,2024-05-28
U0584,2024-05-01,2024-05-01,2024-06-09
U0585,2024-05-12,2024-05-01,2024-05-12
U0585,2024-05-12,2024-05-01,2024-05-15
U0585,2024-05-12,2024-05-01,2024-05-18
U0585,2024-05-12,2024-05-01,2024-05-21
U0585,2024-05-12,2024-05-01,2024-05-24
U0585,2024-05-12,2024-05-01,2024-05-27
U0585,2024-05-12,2024-05-01,2024-06-02
U0585,2024-05-12,2024-05-01,2024-06-05
U0585,2024-05-12,2024-05-01,2024-06-08
U0585,2024-05-12,2024-05-01,2024-06-11
U0586,2024-06-11,2024-06-01,2024-06-11
U0586,2024-06-11,2024-06-01,2024-06-12
U0586,2024-06-11,2024-06-01,2024-06-13
U0586,2024-06-11,2024-06-01,2024-06-14
U0586,2024-06-11,2024-06-01,2024-06-15
U0586,2024-06-11,2024-06-01,2024-06-16
U0586,2024-06-11,2024-06-01,2024-06-17
U0586,2024-06-11,2024-06-01,2024-06-18
U0586,2024-06-11,2024-06-01,2024-06-19
U0586,2024-06-11,2024-06-01,2024-06-20
U0586,2024-06-11,2024-06-01,2024-06-21
U0586,2024-06-11,2024-06-01,2024-06-23
U0586,2024-06-11,2024-06-01,2024-06-24
U0586,2024-06-11,2024-06-01,2024-06-25
U0586,2024-06-11,2024-06-01,2024-06-26
U0586,2024-06-11,2024-06-01,2024-06-27
U0586,2024-06-11,2024-06-01,2024-06-29
U0586,2024-06-11,2024-06-01,2024-07-01
U0586,2024-06-11,2024-06-01,2024-07-06
U0586,2024-06-11,2024-06-01,2024-07-07
U0586,2024-06-11,2024-06-01,2024-07-08
U0586,2024-06-11,2024-06-01,2024-07-09
U0586,2024-06-11,2024-06-01,2024-07-11
U0586,2024-06-11,2024-06-01,2024-07-12
U0586,2024-06-11,2024-06-01,2024-07-13
U0586,2024-06-11,2024-06-01,2024-07-17
U0586,2024-06-11,2024-06-01,2024-07-20
U0586,2024-06-11,2024-06-01,2024-07-22
U0586,2024-06-11,2024-06-01,2024-07-24
U0586,2024-06-11,2024-06-01,2024-07-31
U0586,2024-06-11,2024-06-01,2024-08-12
U0586,2024-06-11,2024-06-01,2024-08-17
U0586,2024-06-11,2024-06-01,2024-08-25
U0586,2024-06-11,2024-06-01,2024-08-26
U0586,2024-06-11,2024-06-01,2024-08-28
U0586,2024-06-11,2024-06-01,2024-08-29
U0586,2024-06-11,2024-06-01,2024-08-30
U0586,2024-06-11,2024-06-01,2024-09-03
U0586,2024-06-11,2024-06-01,2024-09-06
U0587,2024-03-15,2024-03-01,2024-03-15
U0587,2024-03-15,2024-03-01,2024-03-17
U0587,2024-03-15,2024-03-01,2024-03-19
U0587,2024-03-15,2024-03-01,2024-03-21
U0587,2024-03-15,2024-03-01,2024-03-23
U0587,2024-03-15,2024-03-01,2024-03-25
U0587,2024-03-15,2024-03-01,2024-04-02
U0587,2024-03-15,2024-03-01,2024-04-04
U0587,2024-03-15,2024-03-01,2024-04-06
U0587,2024-03-15,2024-03-01,2024-04-08
U0587,2024-03-15,2024-03-01,2024-04-10
U0587,2024-03-15,2024-03-01,2024-04-12
U0587,2024-03-15,2024-03-01,2024-04-22
U0587,2024-03-15,2024-03-01,2024-04-24
U0587,2024-03-15,2024-03-01,2024-05-02
U0587,2024-03-15,2024-03-01,2024-05-04
U0588,2024-05-25,2024-05-01,2024-05-25
U0588,2024-05-25,2024-05-01,2024-05-27
U0588,2024-05-25,2024-05-01,2024-05-29
U0588,2024-05-25,2024-05-01,2024-06-02
U0588,2024-05-25,2024-05-01,2024-06-04
U0588,2024-05-25,2024-05-01,2024-06-08
U0588,2024-05-25,2024-05-01,2024-06-12
U0588,2024-05-25,2024-05-01,2024-06-16
U0588,2024-05-25,2024-05-01,2024-06-18
U0588,2024-05-25,2024-05-01,2024-06-20
U0589,2024-03-16,2024-03-01,2024-03-16
U0589,2024-03-16,2024-03-01,2024-03-17
U0589,2024-03-16,2024-03-01,2024-03-18
U0589,2024-03-16,2024-03-01,2024-03-19
U0589,2024-03-16,2024-03-01,2024-03-20
U0589,2024-03-16,2024-03-01,2024-03-21
U0589,2024-03-16,2024-03-01,2024-03-23
U0589,2024-03-16,2024-03-01,2024-03-24
U0589,2024-03-16,2024-03-01,2024-03-25
U0589,2024-03-16,2024-03-01,2024-03-26
U0589,2024-03-16,2024-03-01,2024-03-27
U0589,2024-03-16,2024-03-01,2024-03-28
U0589,2024-03-16,2024-03-01,2024-03-29
U0589,2024-03-16,2024-03-01,2024-03-30
U0589,2024-03-16,2024-03-01,2024-04-02
U0589,2024-03-16,2024-03-01,2024-04-03
U0589,2024-03-16,2024-03-01,2024-04-04
U0589,2024-03-16,2024-03-01,2024-04-05
U0589,2024-03-16,2024-03-01,2024-04-06
U0589,2024-03-16,2024-03-01,2024-04-08
U0589,2024-03-16,2024-03-01,2024-04-09
U0589,2024-03-16,2024-03-01,2024-04-10
U0589,2024-03-16,2024-03-01,2024-04-11
U0589,2024-03-16,2024-03-01,2024-04-12
U0589,2024-03-16,2024-03-01,2024-04-13
U0589,2024-03-16,2024-03-01,2024-04-14
U0589,2024-03-16,2024-03-01,2024-04-15
U0589,2024-03-16,2024-03-01,2024-04-16
U0589,2024-03-16,2024-03-01,2024-04-21
U0589,2024-03-16,2024-03-01,2024-04-24
U0589,2024-03-16,2024-03-01,2024-04-25
U0589,2024-03-16,2024-03-01,2024-04-26
U0589,2024-03-16,2024-03-01,2024-04-27
U0589,2024-03-16,2024-03-01,2024-04-28
U0589,2024-03-16,2024-03-01,2024-05-09
U0589,2024-03-16,2024-03-01,2024-05-13
U0589,2024-03-16,2024-03-01,2024-05-15
U0589,2024-03-16,2024-03-01,2024-05-16
U0589,2024-03-16,2024-03-01,2024-05-17
U0589,2024-03-16,2024-03-01,2024-05-20
U0589,2024-03-16,2024-03-01,2024-05-22
U0589,2024-03-16,2024-03-01,2024-05-23
U0589,2024-03-16,2024-03-01,2024-05-25
U0589,2024-03-16,2024-03-01,2024-05-27
U0589,2024-03-16,2024-03-01,2024-05-28
U0589,2024-03-16,2024-03-01,2024-05-31
U0589,2024-03-16,2024-03-01,2024-06-04
U0589,2024-03-16,2024-03-01,2024-06-07
U0590,2024-01-09,2024-01-01,2024-01-09
U0590,2024-01-09,2024-01-01,2024-01-12
U0590,2024-01-09,2024-01-01,2024-01-15
U0590,2024-01-09,2024-01-01,2024-01-18
U0590,2024-01-09,2024-01-01,2024-01-21
U0590,2024-01-09,2024-01-01,2024-01-24
U0590,2024-01-09,2024-01-01,2024-01-30
U0591,2024-03-14,2024-03-01,2024-03-14
U0591,2024-03-14,2024-03-01,2024-03-17
U0591,2024-03-14,2024-03-01,2024-03-20
U0591,2024-03-14,2024-03-01,2024-03-29
U0591,2024-03-14,2024-03-01,2024-04-04
U0592,2024-05-24,2024-05-01,2024-05-24
U0592,2024-05-24,2024-05-01,2024-05-27
U0592,2024-05-24,2024-05-01,2024-05-30
U0592,2024-05-24,2024-05-01,2024-06-02
U0592,2024-05-24,2024-05-01,2024-06-05
U0592,2024-05-24,2024-05-01,2024-06-08
U0592,2024-05-24,2024-05-01,2024-06-17
U0592,2024-05-24,2024-05-01,2024-06-20
U0592,2024-05-24,2024-05-01,2024-07-11
U0592,2024-05-24,2024-05-01,2024-07-14
U0592,2024-05-24,2024-05-01,2024-07-26
U0593,2024-01-07,2024-01-01,2024-01-07
U0593,2024-01-07,2024-01-01,2024-01-11
U0593,2024-01-07,2024-01-01,2024-01-15
U0593,2024-01-07,2024-01-01,2024-01-19
U0593,2024-01-07,2024-01-01,2024-01-23
U0593,2024-01-07,2024-01-01,2024-01-27
U0593,2024-01-07,2024-01-01,2024-01-31
U0593,2024-01-07,2024-01-01,2024-02-08
U0593,2024-01-07,2024-01-01,2024-02-12
U0593,2024-01-07,2024-01-01,2024-02-20
U0593,2024-01-07,2024-01-01,2024-02-28
U0594,2024-06-22,2024-06-01,2024-06-22
U0594,2024-06-22,2024-06-01,2024-06-23
U0594,2024-06-22,2024-06-01,2024-06-24
U0594,2024-06-22,2024-06-01,2024-06-25
U0594,2024-06-22,2024-06-01,2024-06-26
U0594,2024-06-22,2024-06-01,2024-06-27
U0594,2024-06-22,2024-06-01,2024-06-28
U0594,2024-06-22,2024-06-01,2024-06-29
U0594,2024-06-22,2024-06-01,2024-06-30
U0594,2024-06-22,2024-06-01,2024-07-01
U0594,2024-06-22,2024-06-01,2024-07-03
U0594,2024-06-22,2024-06-01,2024-07-04
U0594,2024-06-22,2024-06-01,2024-07-05
U0594,2024-06-22,2024-06-01,2024-07-08
U0594,2024-06-22,2024-06-01,2024-07-10
U0594,2024-06-22,2024-06-01,2024-07-11
U0594,2024-06-22,2024-06-01,2024-07-13
U0594,2024-06-22,2024-06-01,2024-07-14
U0594,2024-06-22,2024-06-01,2024-07-15
U0594,2024-06-22,2024-06-01,2024-07-16
U0594,2024-06-22,2024-06-01,2024-07-17
U0594,2024-06-22,2024-06-01,2024-07-19
U0594,2024-06-22,2024-06-01,2024-07-20
U0594,2024-06-22,2024-06-01,2024-07-21
U0594,2024-06-22,2024-06-01,2024-07-22
U0594,2024-06-22,2024-06-01,2024-07-23
U0594,2024-06-22,2024-06-01,2024-07-25
U0594,2024-06-22,2024-06-01,2024-07-27
U0594,2024-06-22,2024-06-01,2024-07-29
U0594,2024-06-22,2024-06-01,2024-08-09
U0594,2024-06-22,2024-06-01,2024-08-13
U0595,2024-05-20,2024-05-01,2024-05-20
U0595,2024-05-20,2024-05-01,2024-05-23
U0595,2024-05-20,2024-05-01,2024-05-26
U0595,2024-05-20,2024-05-01,2024-05-29
U0595,2024-05-20,2024-05-01,2024-06-01
U0596,2024-06-16,2024-06-01,2024-06-16
U0596,2024-06-16,2024-06-01,2024-06-20
U0596,2024-06-16,2024-06-01,2024-06-24
U0596,2024-06-16,2024-06-01,2024-06-28
U0596,2024-06-16,2024-06-01,2024-07-02
U0596,2024-06-16,2024-06-01,2024-07-10
U0597,2024-06-18,2024-06-01,2024-06-18
U0597,2024-06-18,2024-06-01,2024-06-21
U0597,2024-06-18,2024-06-01,2024-06-24
U0597,2024-06-18,2024-06-01,2024-06-27
U0597,2024-06-18,2024-06-01,2024-06-30
U0597,2024-06-18,2024-06-01,2024-07-09
U0597,2024-06-18,2024-06-01,2024-07-12
U0597,2024-06-18,2024-06-01,2024-07-15
U0597,2024-06-18,2024-06-01,2024-07-18
U0597,2024-06-18,2024-06-01,2024-07-27
U0597,2024-06-18,2024-06-01,2024-07-30
U0597,2024-06-18,2024-06-01,2024-08-05
U0597,2024-06-18,2024-06-01,2024-08-08
U0597,2024-06-18,2024-06-01,2024-08-11
U0597,2024-06-18,2024-06-01,2024-08-23
U0598,2024-05-16,2024-05-01,2024-05-16
U0598,2024-05-16,2024-05-01,2024-05-18
U0598,2024-05-16,2024-05-01,2024-05-20
U0598,2024-05-16,2024-05-01,2024-05-24
U0598,2024-05-16,2024-05-01,2024-05-26
U0598,2024-05-16,2024-05-01,2024-05-28
U0598,2024-05-16,2024-05-01,2024-05-30
U0598,2024-05-16,2024-05-01,2024-06-03
U0598,2024-05-16,2024-05-01,2024-06-05
U0598,2024-05-16,2024-05-01,2024-06-11
U0598,2024-05-16,2024-05-01,2024-06-13
U0598,2024-05-16,2024-05-01,2024-06-15
U0598,2024-05-16,2024-05-01,2024-06-17
U0598,2024-05-16,2024-05-01,2024-06-21
U0599,2024-06-26,2024-06-01,2024-06-26
U0599,2024-06-26,2024-06-01,2024-06-27
U0599,2024-06-26,2024-06-01,2024-06-28
U0599,2024-06-26,2024-06-01,2024-06-29
U0599,2024-06-26,2024-06-01,2024-06-30
U0599,2024-06-26,2024-06-01,2024-07-01
U0599,2024-06-26,2024-06-01,2024-07-02
U0599,2024-06-26,2024-06-01,2024-07-03
U0599,2024-06-26,2024-06-01,2024-07-04
U0599,2024-06-26,2024-06-01,2024-07-05
U0599,2024-06-26,2024-06-01,2024-07-07
U0599,2024-06-26,2024-06-01,2024-07-08
U0599,2024-06-26,2024-06-01,2024-07-09
U0600,2024-01-27,2024-01-01,2024-01-27
U0600,2024-01-27,2024-01-01,2024-01-28
U0600,2024-01-27,2024-01-01,2024-01-29
U0600,2024-01-27,2024-01-01,2024-01-30
U0600,2024-01-27,2024-01-01,2024-01-31
U0600,2024-01-27,2024-01-01,2024-02-01
U0600,2024-01-27,2024-01-01,2024-02-02
U0600,2024-01-27,2024-01-01,2024-02-03
U0600,2024-01-27,2024-01-01,2024-02-05
U0600,2024-01-27,2024-01-01,2024-02-06
U0600,2024-01-27,2024-01-01,2024-02-07
U0600,2024-01-27,2024-01-01,2024-02-08
U0600,2024-01-27,2024-01-01,2024-02-09
U0600,2024-01-27,2024-01-01,2024-02-11
U0600,2024-01-27,2024-01-01,2024-02-12
U0600,2024-01-27,2024-01-01,2024-02-13
U0600,2024-01-27,2024-01-01,2024-02-14
U0600,2024-01-27,2024-01-01,2024-02-15
U0600,2024-01-27,2024-01-01,2024-02-17
U0600,2024-01-27,2024-01-01,2024-02-18
U0600,2024-01-27,2024-01-01,2024-02-20
U0600,2024-01-27,2024-01-01,2024-02-21
U0600,2024-01-27,2024-01-01,2024-02-22
U0600,2024-01-27,2024-01-01,2024-02-23
U0600,2024-01-27,2024-01-01,2024-02-24
U0600,2024-01-27,2024-01-01,2024-02-28
U0600,2024-01-27,2024-01-01,2024-03-01
U0600,2024-01-27,2024-01-01,2024-03-02
U0600,2024-01-27,2024-01-01,2024-03-03
U0600,2024-01-27,2024-01-01,2024-03-04
U0600,2024-01-27,2024-01-01,2024-03-10
U0600,2024-01-27,2024-01-01,2024-03-13
U0600,2024-01-27,2024-01-01,2024-03-15
U0600,2024-01-27,2024-01-01,2024-03-16
U0601,2024-05-01,2024-05-01,2024-05-01
U0601,2024-05-01,2024-05-01,2024-05-02
U0601,2024-05-01,2024-05-01,2024-05-03
U0601,2024-05-01,2024-05-01,2024-05-04
U0601,2024-05-01,2024-05-01,2024-05-05
U0601,2024-05-01,2024-05-01,2024-05-06
U0601,2024-05-01,2024-05-01,2024-05-08
U0601,2024-05-01,2024-05-01,2024-05-09
U0601,2024-05-01,2024-05-01,2024-05-10
U0601,2024-05-01,2024-05-01,2024-05-11
U0601,2024-05-01,2024-05-01,2024-05-12
U0601,2024-05-01,2024-05-01,2024-05-14
U0601,2024-05-01,2024-05-01,2024-05-15
U0601,2024-05-01,2024-05-01,2024-05-16
U0601,2024-05-01,2024-05-01,2024-05-17
U0601,2024-05-01,2024-05-01,2024-05-18
U0601,2024-05-01,2024-05-01,2024-05-19
U0601,2024-05-01,2024-05-01,2024-05-20
U0601,2024-05-01,2024-05-01,2024-05-21
U0601,2024-05-01,2024-05-01,2024-05-22
U0601,2024-05-01,2024-05-01,2024-05-24
U0601,2024-05-01,2024-05-01,2024-05-25
U0601,2024-05-01,2024-05-01,2024-05-26
U0602,2024-01-05,2024-01-01,2024-01-05
U0602,2024-01-05,2024-01-01,2024-01-08
U0602,2024-01-05,2024-01-01,2024-01-11
U0602,2024-01-05,2024-01-01,2024-01-14
U0602,2024-01-05,2024-01-01,2024-01-17
U0602,2024-01-05,2024-01-01,2024-01-20
U0602,2024-01-05,2024-01-01,2024-01-29
U0602,2024-01-05,2024-01-01,2024-03-02
U0602,2024-01-05,2024-01-01,2024-03-08
U0603,2024-01-29,2024-01-01,2024-01-29
U0603,2024-01-29,2024-01-01,2024-02-01
U0603,2024-01-29,2024-01-01,2024-02-04
U0603,2024-01-29,2024-01-01,2024-02-07
U0603,2024-01-29,2024-01-01,2024-02-10
U0603,2024-01-29,2024-01-01,2024-02-13
U0603,2024-01-29,2024-01-01,2024-03-05
U0603,2024-01-29,2024-01-01,2024-03-08
U0603,2024-01-29,2024-01-01,2024-03-11
U0603,2024-01-29,2024-01-01,2024-03-14
U0603,2024-01-29,2024-01-01,2024-03-17
U0603,2024-01-29,2024-01-01,2024-03-20
U0603,2024-01-29,2024-01-01,2024-03-29
U0604,2024-06-13,2024-06-01,2024-06-13
U0604,2024-06-13,2024-06-01,2024-06-16
U0604,2024-06-13,2024-06-01,2024-06-19
U0604,2024-06-13,2024-06-01,2024-06-22
U0605,2024-06-14,2024-06-01,2024-06-14
U0605,2024-06-14,2024-06-01,2024-06-20
U0605,2024-06-14,2024-06-01,2024-06-23
U0605,2024-06-14,2024-06-01,2024-06-26
U0605,2024-06-14,2024-06-01,2024-06-29
U0605,2024-06-14,2024-06-01,2024-07-02
U0605,2024-06-14,2024-06-01,2024-07-05
U0605,2024-06-14,2024-06-01,2024-07-08
U0605,2024-06-14,2024-06-01,2024-07-11
U0605,2024-06-14,2024-06-01,2024-07-14
U0605,2024-06-14,2024-06-01,2024-07-17
U0605,2024-06-14,2024-06-01,2024-07-20
U0606,2024-03-23,2024-03-01,2024-03-23
U0606,2024-03-23,2024-03-01,2024-03-24
U0606,2024-03-23,2024-03-01,2024-03-25
U0606,2024-03-23,2024-03-01,2024-03-26
U0606,2024-03-23,2024-03-01,2024-03-27
U0606,2024-03-23,2024-03-01,2024-03-28
U0606,2024-03-23,2024-03-01,2024-03-29
U0606,2024-03-23,2024-03-01,2024-03-30
U0606,2024-03-23,2024-03-01,2024-03-31
U0606,2024-03-23,2024-03-01,2024-04-01
U0606,2024-03-23,2024-03-01,2024-04-02
U0606,2024-03-23,2024-03-01,2024-04-03
U0606,2024-03-23,2024-03-01,2024-04-04
U0606,2024-03-23,2024-03-01,2024-04-05
U0606,2024-03-23,2024-03-01,2024-04-07
U0606,2024-03-23,2024-03-01,2024-04-08
U0606,2024-03-23,2024-03-01,2024-04-09
U0606,2024-03-23,2024-03-01,2024-04-10
U0606,2024-03-23,2024-03-01,2024-04-11
U0606,2024-03-23,2024-03-01,2024-04-13
U0606,2024-03-23,2024-03-01,2024-04-14
U0606,2024-03-23,2024-03-01,2024-04-15
U0606,2024-03-23,2024-03-01,2024-04-17
U0607,2024-05-15,2024-05-01,2024-05-15
U0607,2024-05-15,2024-05-01,2024-05-19
U0607,2024-05-15,2024-05-01,2024-05-23
U0607,2024-05-15,2024-05-01,2024-05-27
U0607,2024-05-15,2024-05-01,2024-05-31
U0607,2024-05-15,2024-05-01,2024-06-04
U0607,2024-05-15,2024-05-01,2024-06-12
U0607,2024-05-15,2024-05-01,2024-06-16
U0607,2024-05-15,2024-05-01,2024-06-20
U0607,2024-05-15,2024-05-01,2024-06-24
U0607,2024-05-15,2024-05-01,2024-06-28
U0607,2024-05-15,2024-05-01,2024-07-02
U0608,2024-04-18,2024-04-01,2024-04-18
U0608,2024-04-18,2024-04-01,2024-04-20
U0608,2024-04-18,2024-04-01,2024-04-22
U0608,2024-04-18,2024-04-01,2024-04-26
U0608,2024-04-18,2024-04-01,2024-04-28
U0608,2024-04-18,2024-04-01,2024-04-30
U0608,2024-04-18,2024-04-01,2024-05-02
U0608,2024-04-18,2024-04-01,2024-05-04
U0608,2024-04-18,2024-04-01,2024-05-08
U0608,2024-04-18,2024-04-01,2024-05-18
U0608,2024-04-18,2024-04-01,2024-05-22
U0608,2024-04-18,2024-04-01,2024-05-26
U0608,2024-04-18,2024-04-01,2024-05-28
U0608,2024-04-18,2024-04-01,2024-06-01
U0608,2024-04-18,2024-04-01,2024-06-03
U0608,2024-04-18,2024-04-01,2024-06-11
U0608,2024-04-18,2024-04-01,2024-06-13
U0608,2024-04-18,2024-04-01,2024-06-21
U0608,2024-04-18,2024-04-01,2024-06-23
U0609,2024-03-05,2024-03-01,2024-03-05
U0609,2024-03-05,2024-03-01,2024-03-07
U0609,2024-03-05,2024-03-01,2024-03-09
U0609,2024-03-05,2024-03-01,2024-03-11
U0609,2024-03-05,2024-03-01,2024-03-13
U0609,2024-03-05,2024-03-01,2024-03-15
U0609,2024-03-05,2024-03-01,2024-03-17
U0609,2024-03-05,2024-03-01,2024-03-21
U0609,2024-03-05,2024-03-01,2024-03-23
U0609,2024-03-05,2024-03-01,2024-03-29
U0609,2024-03-05,2024-03-01,2024-04-02
U0609,2024-03-05,2024-03-01,2024-04-04
U0609,2024-03-05,2024-03-01,2024-04-06
U0609,2024-03-05,2024-03-01,2024-04-08
U0609,2024-03-05,2024-03-01,2024-04-12
U0609,2024-03-05,2024-03-01,2024-04-14
U0609,2024-03-05,2024-03-01,2024-04-18
U0609,2024-03-05,2024-03-01,2024-04-20
U0610,2024-03-26,2024-03-01,2024-03-26
U0610,2024-03-26,2024-03-01,2024-03-29
U0610,2024-03-26,2024-03-01,2024-04-01
U0610,2024-03-26,2024-03-01,2024-04-04
U0610,2024-03-26,2024-03-01,2024-04-07
U0610,2024-03-26,2024-03-01,2024-04-16
U0610,2024-03-26,2024-03-01,2024-04-19
U0610,2024-03-26,2024-03-01,2024-04-22
U0610,2024-03-26,2024-03-01,2024-04-25
U0610,2024-03-26,2024-03-01,2024-04-28
U0610,2024-03-26,2024-03-01,2024-05-01
U0610,2024-03-26,2024-03-01,2024-05-07
U0610,2024-03-26,2024-03-01,2024-05-10
U0610,2024-03-26,2024-03-01,2024-05-16
U0610,2024-03-26,2024-03-01,2024-05-19
U0610,2024-03-26,2024-03-01,2024-05-22
U0611,2024-05-24,2024-05-01,2024-05-24
U0611,2024-05-24,2024-05-01,2024-05-27
U0611,2024-05-24,2024-05-01,2024-05-30
U0611,2024-05-24,2024-05-01,2024-06-02
U0611,2024-05-24,2024-05-01,2024-06-05
U0611,2024-05-24,2024-05-01,2024-06-08
U0611,2024-05-24,2024-05-01,2024-06-11
U0611,2024-05-24,2024-05-01,2024-06-14
U0611,2024-05-24,2024-05-01,2024-06-17
U0611,2024-05-24,2024-05-01,2024-06-20
U0612,2024-03-11,2024-03-01,2024-03-11
U0612,2024-03-11,2024-03-01,2024-03-12
U0612,2024-03-11,2024-03-01,2024-03-13
U0612,2024-03-11,2024-03-01,2024-03-14
U0612,2024-03-11,2024-03-01,2024-03-15
U0612,2024-03-11,2024-03-01,2024-03-16
U0612,2024-03-11,2024-03-01,2024-03-17
U0612,2024-03-11,2024-03-01,2024-03-18
U0612,2024-03-11,2024-03-01,2024-03-19
U0612,2024-03-11,2024-03-01,2024-03-20
U0612,2024-03-11,2024-03-01,2024-03-21
U0612,2024-03-11,2024-03-01,2024-03-22
U0612,2024-03-11,2024-03-01,2024-03-23
U0612,2024-03-11,2024-03-01,2024-03-24
U0612,2024-03-11,2024-03-01,2024-03-25
U0612,2024-03-11,2024-03-01,2024-03-26
U0612,2024-03-11,2024-03-01,2024-03-27
U0612,2024-03-11,2024-03-01,2024-03-28
U0612,2024-03-11,2024-03-01,2024-03-29
U0612,2024-03-11,2024-03-01,2024-03-31
U0612,2024-03-11,2024-03-01,2024-04-02
U0612,2024-03-11,2024-03-01,2024-04-03
U0612,2024-03-11,2024-03-01,2024-04-04
U0612,2024-03-11,2024-03-01,2024-04-05
U0612,2024-03-11,2024-03-01,2024-04-06
U0612,2024-03-11,2024-03-01,2024-04-07
U0612,2024-03-11,2024-03-01,2024-04-08
U0612,2024-03-11,2024-03-01,2024-04-09
U0612,2024-03-11,2024-03-01,2024-04-10
U0612,2024-03-11,2024-03-01,2024-04-11
U0612,2024-03-11,2024-03-01,2024-04-13
U0612,2024-03-11,2024-03-01,2024-04-15
U0612,2024-03-11,2024-03-01,2024-04-17
U0612,2024-03-11,2024-03-01,2024-04-19
U0612,2024-03-11,2024-03-01,2024-04-20
U0612,2024-03-11,2024-03-01,2024-04-21
U0612,2024-03-11,2024-03-01,2024-04-22
U0612,2024-03-11,2024-03-01,2024-04-23
U0612,2024-03-11,2024-03-01,2024-04-24
U0612,2024-03-11,2024-03-01,2024-04-25
U0612,2024-03-11,2024-03-01,2024-04-26
U0612,2024-03-11,2024-03-01,2024-05-03
U0612,2024-03-11,2024-03-01,2024-05-04
U0612,2024-03-11,2024-03-01,2024-05-12
U0613,2024-02-14,2024-02-01,2024-02-14
U0613,2024-02-14,2024-02-01,2024-02-16
U0613,2024-02-14,2024-02-01,2024-02-20
U0613,2024-02-14,2024-02-01,2024-02-22
U0613,2024-02-14,2024-02-01,2024-02-24
U0613,2024-02-14,2024-02-01,2024-02-26
U0613,2024-02-14,2024-02-01,2024-03-01
U0613,2024-02-14,2024-02-01,2024-03-07
U0613,2024-02-14,2024-02-01,2024-03-09
U0613,2024-02-14,2024-02-01,2024-03-11
U0613,2024-02-14,2024-02-01,2024-03-13
U0613,2024-02-14,2024-02-01,2024-03-15
U0613,2024-02-14,2024-02-01,2024-03-19
U0613,2024-02-14,2024-02-01,2024-03-29
U0614,2024-05-11,2024-05-01,2024-05-11
U0614,2024-05-11,2024-05-01,2024-05-13
U0614,2024-05-11,2024-05-01,2024-05-15
U0614,2024-05-11,2024-05-01,2024-05-17
U0614,2024-05-11,2024-05-01,2024-05-19
U0614,2024-05-11,2024-05-01,2024-05-21
U0614,2024-05-11,2024-05-01,2024-05-23
U0614,2024-05-11,2024-05-01,2024-05-25
U0614,2024-05-11,2024-05-01,2024-05-29
U0614,2024-05-11,2024-05-01,2024-06-02
U0614,2024-05-11,2024-05-01,2024-06-06
U0614,2024-05-11,2024-05-01,2024-06-10
U0614,2024-05-11,2024-05-01,2024-06-12
U0614,2024-05-11,2024-05-01,2024-06-14
U0614,2024-05-11,2024-05-01,2024-06-16
U0614,2024-05-11,2024-05-01,2024-06-20
U0614,2024-05-11,2024-05-01,2024-06-24
U0614,2024-05-11,2024-05-01,2024-06-28
U0614,2024-05-11,2024-05-01,2024-06-30
U0614,2024-05-11,2024-05-01,2024-07-02
U0615,2024-02-05,2024-02-01,2024-02-05
U0615,2024-02-05,2024-02-01,2024-02-09
U0615,2024-02-05,2024-02-01,2024-02-13
U0615,2024-02-05,2024-02-01,2024-02-17
U0615,2024-02-05,2024-02-01,2024-02-21
U0615,2024-02-05,2024-02-01,2024-02-25
U0615,2024-02-05,2024-02-01,2024-03-04
U0615,2024-02-05,2024-02-01,2024-03-08
U0615,2024-02-05,2024-02-01,2024-03-16
U0616,2024-03-10,2024-03-01,2024-03-10
U0616,2024-03-10,2024-03-01,2024-03-12
U0616,2024-03-10,2024-03-01,2024-03-14
U0616,2024-03-10,2024-03-01,2024-03-16
U0616,2024-03-10,2024-03-01,2024-03-18
U0616,2024-03-10,2024-03-01,2024-03-20
U0616,2024-03-10,2024-03-01,2024-03-22
U0616,2024-03-10,2024-03-01,2024-03-24
U0616,2024-03-10,2024-03-01,2024-03-28
U0616,2024-03-10,2024-03-01,2024-03-30
U0616,2024-03-10,2024-03-01,2024-04-01
U0617,2024-06-07,2024-06-01,2024-06-07
U0617,2024-06-07,2024-06-01,2024-06-09
U0617,2024-06-07,2024-06-01,2024-06-11
U0617,2024-06-07,2024-06-01,2024-06-13
U0617,2024-06-07,2024-06-01,2024-06-15
U0617,2024-06-07,2024-06-01,2024-06-17
U0617,2024-06-07,2024-06-01,2024-06-19
U0617,2024-06-07,2024-06-01,2024-06-21
U0617,2024-06-07,2024-06-01,2024-06-23
U0617,2024-06-07,2024-06-01,2024-06-27
U0617,2024-06-07,2024-06-01,2024-06-29
U0617,2024-06-07,2024-06-01,2024-07-01
U0618,2024-01-19,2024-01-01,2024-01-19
U0618,2024-01-19,2024-01-01,2024-01-21
U0618,2024-01-19,2024-01-01,2024-01-23
U0618,2024-01-19,2024-01-01,2024-01-25
U0618,2024-01-19,2024-01-01,2024-01-27
U0618,2024-01-19,2024-01-01,2024-01-29
U0618,2024-01-19,2024-01-01,2024-01-31
U0618,2024-01-19,2024-01-01,2024-02-04
U0618,2024-01-19,2024-01-01,2024-02-06
U0618,2024-01-19,2024-01-01,2024-02-14
U0618,2024-01-19,2024-01-01,2024-02-18
U0618,2024-01-19,2024-01-01,2024-02-20
U0618,2024-01-19,2024-01-01,2024-02-28
U0618,2024-01-19,2024-01-01,2024-03-05
U0619,2024-04-17,2024-04-01,2024-04-17
U0619,2024-04-17,2024-04-01,2024-04-18
U0619,2024-04-17,2024-04-01,2024-04-19
U0619,2024-04-17,2024-04-01,2024-04-20
U0619,2024-04-17,2024-04-01,2024-04-21
U0619,2024-04-17,2024-04-01,2024-04-22
U0619,2024-04-17,2024-04-01,2024-04-23
U0619,2024-04-17,2024-04-01,2024-04-24
U0619,2024-04-17,2024-04-01,2024-04-25
U0619,2024-04-17,2024-04-01,2024-04-26
U0619,2024-04-17,2024-04-01,2024-04-27
U0619,2024-04-17,2024-04-01,2024-04-28
U0619,2024-04-17,2024-04-01,2024-04-29
U0619,2024-04-17,2024-04-01,2024-04-30
U0620,2024-06-30,2024-06-01,2024-06-30
U0620,2024-06-30,2024-06-01,2024-07-02
U0620,2024-06-30,2024-06-01,2024-07-04
U0620,2024-06-30,2024-06-01,2024-07-06
U0620,2024-06-30,2024-06-01,2024-07-10
U0620,2024-06-30,2024-06-01,2024-07-12
U0621,2024-06-15,2024-06-01,2024-06-15
U0621,2024-06-15,2024-06-01,2024-06-19
U0621,2024-06-15,2024-06-01,2024-06-23
U0621,2024-06-15,2024-06-01,2024-06-27
U0621,2024-06-15,2024-06-01,2024-07-01
U0621,2024-06-15,2024-06-01,2024-07-05
U0621,2024-06-15,2024-06-01,2024-07-17
U0622,2024-03-31,2024-03-01,2024-03-31
U0622,2024-03-31,2024-03-01,2024-04-01
U0622,2024-03-31,2024-03-01,2024-04-02
U0622,2024-03-31,2024-03-01,2024-04-03
U0622,2024-03-31,2024-03-01,2024-04-04
U0622,2024-03-31,2024-03-01,2024-04-06
U0622,2024-03-31,2024-03-01,2024-04-07
U0622,2024-03-31,2024-03-01,2024-04-08
U0622,2024-03-31,2024-03-01,2024-04-09
U0622,2024-03-31,2024-03-01,2024-04-10
U0622,2024-03-31,2024-03-01,2024-04-12
U0622,2024-03-31,2024-03-01,2024-04-13
U0622,2024-03-31,2024-03-01,2024-04-17
U0622,2024-03-31,2024-03-01,2024-04-18
U0622,2024-03-31,2024-03-01,2024-04-19
U0622,2024-03-31,2024-03-01,2024-04-21
U0622,2024-03-31,2024-03-01,2024-04-23
U0623,2024-03-30,2024-03-01,2024-03-30
U0623,2024-03-30,2024-03-01,2024-03-31
U0623,2024-03-30,2024-03-01,2024-04-01
U0623,2024-03-30,2024-03-01,2024-04-02
U0623,2024-03-30,2024-03-01,2024-04-03
U0623,2024-03-30,2024-03-01,2024-04-04
U0623,2024-03-30,2024-03-01,2024-04-05
U0623,2024-03-30,2024-03-01,2024-04-06
U0623,2024-03-30,2024-03-01,2024-04-07
U0623,2024-03-30,2024-03-01,2024-04-08
U0623,2024-03-30,2024-03-01,2024-04-09
U0623,2024-03-30,2024-03-01,2024-04-10
U0623,2024-03-30,2024-03-01,2024-04-13
U0623,2024-03-30,2024-03-01,2024-04-14
U0623,2024-03-30,2024-03-01,2024-04-15
U0623,2024-03-30,2024-03-01,2024-04-17
U0623,2024-03-30,2024-03-01,2024-04-18
U0624,2024-01-19,2024-01-01,2024-01-19
U0624,2024-01-19,2024-01-01,2024-01-22
U0624,2024-01-19,2024-01-01,2024-01-25
U0624,2024-01-19,2024-01-01,2024-01-28
U0624,2024-01-19,2024-01-01,2024-01-31
U0624,2024-01-19,2024-01-01,2024-02-03
U0624,2024-01-19,2024-01-01,2024-02-06
U0624,2024-01-19,2024-01-01,2024-02-09
U0625,2024-02-08,2024-02-01,2024-02-08
U0625,2024-02-08,2024-02-01,2024-02-10
U0625,2024-02-08,2024-02-01,2024-02-12
U0625,2024-02-08,2024-02-01,2024-02-14
U0625,2024-02-08,2024-02-01,2024-02-16
U0625,2024-02-08,2024-02-01,2024-02-18
U0625,2024-02-08,2024-02-01,2024-02-22
U0625,2024-02-08,2024-02-01,2024-02-24
U0625,2024-02-08,2024-02-01,2024-02-28
U0625,2024-02-08,2024-02-01,2024-03-03
U0625,2024-02-08,2024-02-01,2024-03-05
U0626,2024-05-05,2024-05-01,2024-05-05
U0626,2024-05-05,2024-05-01,2024-05-07
U0626,2024-05-05,2024-05-01,2024-05-09
U0626,2024-05-05,2024-05-01,2024-05-11
U0626,2024-05-05,2024-05-01,2024-05-15
U0626,2024-05-05,2024-05-01,2024-05-19
U0626,2024-05-05,2024-05-01,2024-05-23
U0626,2024-05-05,2024-05-01,2024-05-27
U0626,2024-05-05,2024-05-01,2024-06-02
U0627,2024-06-21,2024-06-01,2024-06-21
U0627,2024-06-21,2024-06-01,2024-06-25
U0627,2024-06-21,2024-06-01,2024-06-29
U0627,2024-06-21,2024-06-01,2024-07-03
U0627,2024-06-21,2024-06-01,2024-07-07
U0627,2024-06-21,2024-06-01,2024-07-15
U0627,2024-06-21,2024-06-01,2024-07-19
U0627,2024-06-21,2024-06-01,2024-07-23
U0627,2024-06-21,2024-06-01,2024-08-16
U0627,2024-06-21,2024-06-01,2024-08-20
U0628,2024-05-20,2024-05-01,2024-05-20
U0628,2024-05-20,2024-05-01,2024-05-21
U0628,2024-05-20,2024-05-01,2024-05-22
U0628,2024-05-20,2024-05-01,2024-05-23
U0628,2024-05-20,2024-05-01,2024-05-26
U0628,2024-05-20,2024-05-01,2024-05-27
U0628,2024-05-20,2024-05-01,2024-05-28
U0628,2024-05-20,2024-05-01,2024-05-29
U0628,2024-05-20,2024-05-01,2024-05-30
U0628,2024-05-20,2024-05-01,2024-05-31
U0628,2024-05-20,2024-05-01,2024-06-02
U0628,2024-05-20,2024-05-01,2024-06-03
U0628,2024-05-20,2024-05-01,2024-06-04
U0628,2024-05-20,2024-05-01,2024-06-05
U0628,2024-05-20,2024-05-01,2024-06-06
U0628,2024-05-20,2024-05-01,2024-06-07
U0628,2024-05-20,2024-05-01,2024-06-09
U0628,2024-05-20,2024-05-01,2024-06-11
U0628,2024-05-20,2024-05-01,2024-06-12
U0628,2024-05-20,2024-05-01,2024-06-13
U0628,2024-05-20,2024-05-01,2024-06-16
U0628,2024-05-20,2024-05-01,2024-06-17
U0628,2024-05-20,2024-05-01,2024-06-18
U0628,2024-05-20,2024-05-01,2024-06-20
U0628,2024-05-20,2024-05-01,2024-06-21
U0628,2024-05-20,2024-05-01,2024-06-22
U0628,2024-05-20,2024-05-01,2024-06-23
U0628,2024-05-20,2024-05-01,2024-06-26
U0628,2024-05-20,2024-05-01,2024-06-27
U0628,2024-05-20,2024-05-01,2024-06-28
U0628,2024-05-20,2024-05-01,2024-06-29
U0628,2024-05-20,2024-05-01,2024-07-01
U0628,2024-05-20,2024-05-01,2024-07-02
U0628,2024-05-20,2024-05-01,2024-07-10
U0628,2024-05-20,2024-05-01,2024-07-11
U0628,2024-05-20,2024-05-01,2024-07-16
U0628,2024-05-20,2024-05-01,2024-07-20
U0628,2024-05-20,2024-05-01,2024-07-21
U0628,2024-05-20,2024-05-01,2024-07-26
U0628,2024-05-20,2024-05-01,2024-08-04
U0628,2024-05-20,2024-05-01,2024-08-06
U0628,2024-05-20,2024-05-01,2024-08-07
U0628,2024-05-20,2024-05-01,2024-08-10
U0629,2024-05-05,2024-05-01,2024-05-05
U0629,2024-05-05,2024-05-01,2024-05-06
U0629,2024-05-05,2024-05-01,2024-05-07
U0629,2024-05-05,2024-05-01,2024-05-08
U0629,2024-05-05,2024-05-01,2024-05-09
U0629,2024-05-05,2024-05-01,2024-05-10
U0629,2024-05-05,2024-05-01,2024-05-11
U0629,2024-05-05,2024-05-01,2024-05-12
U0629,2024-05-05,2024-05-01,2024-05-14
U0630,2024-02-27,2024-02-01,2024-02-27
U0630,2024-02-27,2024-02-01,2024-03-02
U0630,2024-02-27,2024-02-01,2024-03-06
U0630,2024-02-27,2024-02-01,2024-03-10
U0630,2024-02-27,2024-02-01,2024-03-14
U0630,2024-02-27,2024-02-01,2024-03-18
U0631,2024-05-27,2024-05-01,2024-05-27
U0631,2024-05-27,2024-05-01,2024-05-29
U0631,2024-05-27,2024-05-01,2024-06-02
U0631,2024-05-27,2024-05-01,2024-06-04
U0631,2024-05-27,2024-05-01,2024-06-06
U0631,2024-05-27,2024-05-01,2024-06-08
U0631,2024-05-27,2024-05-01,2024-06-10
U0631,2024-05-27,2024-05-01,2024-06-14
U0631,2024-05-27,2024-05-01,2024-06-16
U0631,2024-05-27,2024-05-01,2024-06-18
U0631,2024-05-27,2024-05-01,2024-06-20
U0631,2024-05-27,2024-05-01,2024-06-22
U0631,2024-05-27,2024-05-01,2024-06-24
U0631,2024-05-27,2024-05-01,2024-06-30
U0631,2024-05-27,2024-05-01,2024-07-04
U0631,2024-05-27,2024-05-01,2024-07-08
U0631,2024-05-27,2024-05-01,2024-07-10
U0631,2024-05-27,2024-05-01,2024-07-14
U0631,2024-05-27,2024-05-01,2024-07-16
U0632,2024-03-01,2024-03-01,2024-03-01
U0632,2024-03-01,2024-03-01,2024-03-05
U0632,2024-03-01,2024-03-01,2024-03-09
U0632,2024-03-01,2024-03-01,2024-03-13
U0632,2024-03-01,2024-03-01,2024-03-17
U0632,2024-03-01,2024-03-01,2024-03-21
U0632,2024-03-01,2024-03-01,2024-03-25
U0632,2024-03-01,2024-03-01,2024-03-29
U0632,2024-03-01,2024-03-01,2024-04-02
U0633,2024-05-06,2024-05-01,2024-05-06
U0633,2024-05-06,2024-05-01,2024-05-10
U0633,2024-05-06,2024-05-01,2024-05-12
U0633,2024-05-06,2024-05-01,2024-05-14
U0633,2024-05-06,2024-05-01,2024-05-16
U0633,2024-05-06,2024-05-01,2024-05-18
U0633,2024-05-06,2024-05-01,2024-05-22
U0633,2024-05-06,2024-05-01,2024-05-24
U0633,2024-05-06,2024-05-01,2024-05-26
U0633,2024-05-06,2024-05-01,2024-06-01
U0633,2024-05-06,2024-05-01,2024-06-03
U0633,2024-05-06,2024-05-01,2024-06-05
U0633,2024-05-06,2024-05-01,2024-06-07
U0633,2024-05-06,2024-05-01,2024-06-09
U0634,2024-04-14,2024-04-01,2024-04-14
U0634,2024-04-14,2024-04-01,2024-04-22
U0634,2024-04-14,2024-04-01,2024-04-26
U0634,2024-04-14,2024-04-01,2024-05-04
U0634,2024-04-14,2024-04-01,2024-05-08
U0634,2024-04-14,2024-04-01,2024-05-12
U0635,2024-06-15,2024-06-01,2024-06-15
U0635,2024-06-15,2024-06-01,2024-06-16
U0635,2024-06-15,2024-06-01,2024-06-17
U0635,2024-06-15,2024-06-01,2024-06-18
U0635,2024-06-15,2024-06-01,2024-06-19
U0635,2024-06-15,2024-06-01,2024-06-20
U0635,2024-06-15,2024-06-01,2024-06-21
U0635,2024-06-15,2024-06-01,2024-06-22
U0635,2024-06-15,2024-06-01,2024-06-23
U0635,2024-06-15,2024-06-01,2024-06-24
U0635,2024-06-15,2024-06-01,2024-06-25
U0635,2024-06-15,2024-06-01,2024-06-26
U0635,2024-06-15,2024-06-01,2024-06-28
U0635,2024-06-15,2024-06-01,2024-06-29
U0635,2024-06-15,2024-06-01,2024-06-30
U0635,2024-06-15,2024-06-01,2024-07-03
U0635,2024-06-15,2024-06-01,2024-07-04
U0635,2024-06-15,2024-06-01,2024-07-05
U0635,2024-06-15,2024-06-01,2024-07-06
U0635,2024-06-15,2024-06-01,2024-07-07
U0635,2024-06-15,2024-06-01,2024-07-09
U0635,2024-06-15,2024-06-01,2024-07-11
U0635,2024-06-15,2024-06-01,2024-07-12
U0635,2024-06-15,2024-06-01,2024-07-14
U0635,2024-06-15,2024-06-01,2024-07-18
U0635,2024-06-15,2024-06-01,2024-07-19
U0635,2024-06-15,2024-06-01,2024-07-20
U0635,2024-06-15,2024-06-01,2024-07-23
U0635,2024-06-15,2024-06-01,2024-07-24
U0635,2024-06-15,2024-06-01,2024-07-26
U0635,2024-06-15,2024-06-01,2024-07-27
U0635,2024-06-15,2024-06-01,2024-07-28
U0635,2024-06-15,2024-06-01,2024-07-29
U0635,2024-06-15,2024-06-01,2024-07-31
U0635,2024-06-15,2024-06-01,2024-08-03
U0635,2024-06-15,2024-06-01,2024-08-04
U0635,2024-06-15,2024-06-01,2024-08-07
U0635,2024-06-15,2024-06-01,2024-08-08
U0635,2024-06-15,2024-06-01,2024-08-09
U0635,2024-06-15,2024-06-01,2024-08-11
U0635,2024-06-15,2024-06-01,2024-08-13
U0635,2024-06-15,2024-06-01,2024-08-17
U0635,2024-06-15,2024-06-01,2024-08-18
U0635,2024-06-15,2024-06-01,2024-08-23
U0635,2024-06-15,2024-06-01,2024-08-25
U0635,2024-06-15,2024-06-01,2024-08-26
U0635,2024-06-15,2024-06-01,2024-09-01
U0636,2024-01-01,2024-01-01,2024-01-01
U0636,2024-01-01,2024-01-01,2024-01-05
U0636,2024-01-01,2024-01-01,2024-01-13
U0636,2024-01-01,2024-01-01,2024-01-17
U0636,2024-01-01,2024-01-01,2024-01-21
U0636,2024-01-01,2024-01-01,2024-01-25
U0636,2024-01-01,2024-01-01,2024-01-29
U0637,2024-05-10,2024-05-01,2024-05-10
U0637,2024-05-10,2024-05-01,2024-05-11
U0637,2024-05-10,2024-05-01,2024-05-12
U0637,2024-05-10,2024-05-01,2024-05-13
U0637,2024-05-10,2024-05-01,2024-05-14
U0637,2024-05-10,2024-05-01,2024-05-15
U0637,2024-05-10,2024-05-01,2024-05-16
U0637,2024-05-10,2024-05-01,2024-05-17
U0637,2024-05-10,2024-05-01,2024-05-18
U0637,2024-05-10,2024-05-01,2024-05-19
U0637,2024-05-10,2024-05-01,2024-05-20
U0637,2024-05-10,2024-05-01,2024-05-21
U0637,2024-05-10,2024-05-01,2024-05-22
U0637,2024-05-10,2024-05-01,2024-05-23
U0637,2024-05-10,2024-05-01,2024-05-24
U0637,2024-05-10,2024-05-01,2024-05-25
U0637,2024-05-10,2024-05-01,2024-05-26
U0637,2024-05-10,2024-05-01,2024-05-27
U0637,2024-05-10,2024-05-01,2024-05-28
U0637,2024-05-10,2024-05-01,2024-05-29
U0637,2024-05-10,2024-05-01,2024-05-30
U0637,2024-05-10,2024-05-01,2024-05-31
U0637,2024-05-10,2024-05-01,2024-06-01
U0637,2024-05-10,2024-05-01,2024-06-02
U0637,2024-05-10,2024-05-01,2024-06-03
U0637,2024-05-10,2024-05-01,2024-06-04
U0637,2024-05-10,2024-05-01,2024-06-09
U0637,2024-05-10,2024-05-01,2024-06-10
U0638,2024-04-01,2024-04-01,2024-04-01
U0638,2024-04-01,2024-04-01,2024-04-05
U0638,2024-04-01,2024-04-01,2024-04-09
U0638,2024-04-01,2024-04-01,2024-04-13
U0638,2024-04-01,2024-04-01,2024-04-21
U0638,2024-04-01,2024-04-01,2024-04-25
U0638,2024-04-01,2024-04-01,2024-05-03
U0638,2024-04-01,2024-04-01,2024-05-07
U0639,2024-04-22,2024-04-01,2024-04-22
U0639,2024-04-22,2024-04-01,2024-04-24
U0639,2024-04-22,2024-04-01,2024-04-26
U0639,2024-04-22,2024-04-01,2024-04-28
U0639,2024-04-22,2024-04-01,2024-04-30
U0639,2024-04-22,2024-04-01,2024-05-04
U0639,2024-04-22,2024-04-01,2024-05-06
U0639,2024-04-22,2024-04-01,2024-05-08
U0639,2024-04-22,2024-04-01,2024-05-10
U0639,2024-04-22,2024-04-01,2024-05-12
U0639,2024-04-22,2024-04-01,2024-05-20
U0639,2024-04-22,2024-04-01,2024-05-28
U0639,2024-04-22,2024-04-01,2024-06-03
U0640,2024-06-01,2024-06-01,2024-06-01
U0640,2024-06-01,2024-06-01,2024-06-05
U0640,2024-06-01,2024-06-01,2024-06-09
U0640,2024-06-01,2024-06-01,2024-06-17
U0640,2024-06-01,2024-06-01,2024-06-25
U0640,2024-06-01,2024-06-01,2024-06-29
U0640,2024-06-01,2024-06-01,2024-07-07
U0640,2024-06-01,2024-06-01,2024-07-23
U0641,2024-02-25,2024-02-01,2024-02-25
U0641,2024-02-25,2024-02-01,2024-02-29
U0641,2024-02-25,2024-02-01,2024-03-08
U0641,2024-02-25,2024-02-01,2024-03-12
U0641,2024-02-25,2024-02-01,2024-03-16
U0641,2024-02-25,2024-02-01,2024-03-20
U0641,2024-02-25,2024-02-01,2024-04-17
U0641,2024-02-25,2024-02-01,2024-05-03
U0642,2024-06-09,2024-06-01,2024-06-09
U0642,2024-06-09,2024-06-01,2024-06-10
U0642,2024-06-09,2024-06-01,2024-06-11
U0642,2024-06-09,2024-06-01,2024-06-12
U0642,2024-06-09,2024-06-01,2024-06-13
U0642,2024-06-09,2024-06-01,2024-06-14
U0642,2024-06-09,2024-06-01,2024-06-15
U0642,2024-06-09,2024-06-01,2024-06-17
U0642,2024-06-09,2024-06-01,2024-06-18
U0642,2024-06-09,2024-06-01,2024-06-19
U0642,2024-06-09,2024-06-01,2024-06-20
U0642,2024-06-09,2024-06-01,2024-06-21
U0642,2024-06-09,2024-06-01,2024-06-22
U0642,2024-06-09,2024-06-01,2024-06-24
U0642,2024-06-09,2024-06-01,2024-06-25
U0642,2024-06-09,2024-06-01,2024-06-26
U0642,2024-06-09,2024-06-01,2024-06-27
U0642,2024-06-09,2024-06-01,2024-06-28
U0642,2024-06-09,2024-06-01,2024-06-29
U0642,2024-06-09,2024-06-01,2024-06-30
U0642,2024-06-09,2024-06-01,2024-07-01
U0642,2024-06-09,2024-06-01,2024-07-02
U0642,2024-06-09,2024-06-01,2024-07-03
U0642,2024-06-09,2024-06-01,2024-07-04
U0642,2024-06-09,2024-06-01,2024-07-05
U0642,2024-06-09,2024-06-01,2024-07-06
U0642,2024-06-09,2024-06-01,2024-07-07
U0642,2024-06-09,2024-06-01,2024-07-08
U0642,2024-06-09,2024-06-01,2024-07-09
U0642,2024-06-09,2024-06-01,2024-07-10
U0642,2024-06-09,2024-06-01,2024-07-11
U0642,2024-06-09,2024-06-01,2024-07-12
U0642,2024-06-09,2024-06-01,2024-07-20
U0642,2024-06-09,2024-06-01,2024-07-21
U0642,2024-06-09,2024-06-01,2024-07-24
U0642,2024-06-09,2024-06-01,2024-07-27
U0642,2024-06-09,2024-06-01,2024-07-28
U0642,2024-06-09,2024-06-01,2024-07-30
U0642,2024-06-09,2024-06-01,2024-08-03
U0642,2024-06-09,2024-06-01,2024-08-05
U0642,2024-06-09,2024-06-01,2024-08-06
U0642,2024-06-09,2024-06-01,2024-08-08
U0642,2024-06-09,2024-06-01,2024-08-09
U0642,2024-06-09,2024-06-01,2024-08-12
U0642,2024-06-09,2024-06-01,2024-08-18
U0643,2024-06-14,2024-06-01,2024-06-14
U0643,2024-06-14,2024-06-01,2024-06-18
U0643,2024-06-14,2024-06-01,2024-06-22
U0643,2024-06-14,2024-06-01,2024-06-26
U0643,2024-06-14,2024-06-01,2024-06-30
U0643,2024-06-14,2024-06-01,2024-07-08
U0644,2024-04-26,2024-04-01,2024-04-26
U0644,2024-04-26,2024-04-01,2024-04-28
U0644,2024-04-26,2024-04-01,2024-05-02
U0644,2024-04-26,2024-04-01,2024-05-04
U0644,2024-04-26,2024-04-01,2024-05-06
U0644,2024-04-26,2024-04-01,2024-05-08
U0644,2024-04-26,2024-04-01,2024-05-10
U0644,2024-04-26,2024-04-01,2024-05-12
U0644,2024-04-26,2024-04-01,2024-05-14
U0644,2024-04-26,2024-04-01,2024-05-16
U0644,2024-04-26,2024-04-01,2024-05-24
U0644,2024-04-26,2024-04-01,2024-05-30
U0644,2024-04-26,2024-04-01,2024-06-01
U0644,2024-04-26,2024-04-01,2024-06-09
U0644,2024-04-26,2024-04-01,2024-06-13
U0644,2024-04-26,2024-04-01,2024-06-15
U0644,2024-04-26,2024-04-01,2024-06-19
U0644,2024-04-26,2024-04-01,2024-07-01
U0644,2024-04-26,2024-04-01,2024-07-05
U0644,2024-04-26,2024-04-01,2024-07-07
U0644,2024-04-26,2024-04-01,2024-07-15
U0644,2024-04-26,2024-04-01,2024-07-21
U0645,2024-05-13,2024-05-01,2024-05-13
U0645,2024-05-13,2024-05-01,2024-05-14
U0645,2024-05-13,2024-05-01,2024-05-15
U0645,2024-05-13,2024-05-01,2024-05-16
U0645,2024-05-13,2024-05-01,2024-05-17
U0645,2024-05-13,2024-05-01,2024-05-18
U0645,2024-05-13,2024-05-01,2024-05-19
U0645,2024-05-13,2024-05-01,2024-05-20
U0645,2024-05-13,2024-05-01,2024-05-21
U0645,2024-05-13,2024-05-01,2024-05-22
U0645,2024-05-13,2024-05-01,2024-05-23
U0645,2024-05-13,2024-05-01,2024-05-24
U0645,2024-05-13,2024-05-01,2024-05-25
U0645,2024-05-13,2024-05-01,2024-05-26
U0645,2024-05-13,2024-05-01,2024-05-27
U0645,2024-05-13,2024-05-01,2024-05-28
U0645,2024-05-13,2024-05-01,2024-05-29
U0645,2024-05-13,2024-05-01,2024-05-30
U0645,2024-05-13,2024-05-01,2024-05-31
U0645,2024-05-13,2024-05-01,2024-06-01
U0645,2024-05-13,2024-05-01,2024-06-04
U0645,2024-05-13,2024-05-01,2024-06-06
U0645,2024-05-13,2024-05-01,2024-06-07
U0645,2024-05-13,2024-05-01,2024-06-08
U0645,2024-05-13,2024-05-01,2024-06-10
U0645,2024-05-13,2024-05-01,2024-06-12
U0645,2024-05-13,2024-05-01,2024-06-13
U0645,2024-05-13,2024-05-01,2024-06-18
U0645,2024-05-13,2024-05-01,2024-06-19
U0645,2024-05-13,2024-05-01,2024-06-20
U0645,2024-05-13,2024-05-01,2024-06-21
U0645,2024-05-13,2024-05-01,2024-06-25
U0645,2024-05-13,2024-05-01,2024-06-29
U0645,2024-05-13,2024-05-01,2024-07-03
U0645,2024-05-13,2024-05-01,2024-07-04
U0645,2024-05-13,2024-05-01,2024-07-06
U0645,2024-05-13,2024-05-01,2024-07-08
U0645,2024-05-13,2024-05-01,2024-07-11
U0645,2024-05-13,2024-05-01,2024-07-12
U0645,2024-05-13,2024-05-01,2024-07-15
U0645,2024-05-13,2024-05-01,2024-07-16
U0645,2024-05-13,2024-05-01,2024-07-19
U0645,2024-05-13,2024-05-01,2024-07-22
U0645,2024-05-13,2024-05-01,2024-07-24
U0645,2024-05-13,2024-05-01,2024-07-25
U0645,2024-05-13,2024-05-01,2024-07-26
U0645,2024-05-13,2024-05-01,2024-07-30
U0645,2024-05-13,2024-05-01,2024-07-31
U0645,2024-05-13,2024-05-01,2024-08-02
U0646,2024-02-27,2024-02-01,2024-02-27
U0646,2024-02-27,2024-02-01,2024-03-01
U0646,2024-02-27,2024-02-01,2024-03-04
U0646,2024-02-27,2024-02-01,2024-03-07
U0646,2024-02-27,2024-02-01,2024-03-10
U0646,2024-02-27,2024-02-01,2024-03-13
U0646,2024-02-27,2024-02-01,2024-03-16
U0646,2024-02-27,2024-02-01,2024-03-19
U0646,2024-02-27,2024-02-01,2024-03-22
U0646,2024-02-27,2024-02-01,2024-03-25
U0646,2024-02-27,2024-02-01,2024-03-31
U0646,2024-02-27,2024-02-01,2024-04-06
U0646,2024-02-27,2024-02-01,2024-04-09
U0646,2024-02-27,2024-02-01,2024-04-12
U0646,2024-02-27,2024-02-01,2024-04-15
U0647,2024-02-13,2024-02-01,2024-02-13
U0647,2024-02-13,2024-02-01,2024-02-14
U0647,2024-02-13,2024-02-01,2024-02-15
U0647,2024-02-13,2024-02-01,2024-02-16
U0647,2024-02-13,2024-02-01,2024-02-17
U0647,2024-02-13,2024-02-01,2024-02-18
U0647,2024-02-13,2024-02-01,2024-02-19
U0647,2024-02-13,2024-02-01,2024-02-20
U0647,2024-02-13,2024-02-01,2024-02-22
U0647,2024-02-13,2024-02-01,2024-02-23
U0647,2024-02-13,2024-02-01,2024-02-24
U0647,2024-02-13,2024-02-01,2024-02-25
U0647,2024-02-13,2024-02-01,2024-02-26
U0647,2024-02-13,2024-02-01,2024-02-27
U0647,2024-02-13,2024-02-01,2024-02-28
U0647,2024-02-13,2024-02-01,2024-02-29
U0647,2024-02-13,2024-02-01,2024-03-02
U0647,2024-02-13,2024-02-01,2024-03-04
U0647,2024-02-13,2024-02-01,2024-03-05
U0647,2024-02-13,2024-02-01,2024-03-09
U0647,2024-02-13,2024-02-01,2024-03-11
U0647,2024-02-13,2024-02-01,2024-03-12
U0647,2024-02-13,2024-02-01,2024-03-13
U0647,2024-02-13,2024-02-01,2024-03-16
U0647,2024-02-13,2024-02-01,2024-03-17
U0647,2024-02-13,2024-02-01,2024-03-18
U0647,2024-02-13,2024-02-01,2024-03-19
U0647,2024-02-13,2024-02-01,2024-03-20
U0647,2024-02-13,2024-02-01,2024-03-24
U0647,2024-02-13,2024-02-01,2024-03-25
U0647,2024-02-13,2024-02-01,2024-03-26
U0647,2024-02-13,2024-02-01,2024-03-31
U0647,2024-02-13,2024-02-01,2024-04-01
U0647,2024-02-13,2024-02-01,2024-04-04
U0647,2024-02-13,2024-02-01,2024-04-05
U0647,2024-02-13,2024-02-01,2024-04-08
U0647,2024-02-13,2024-02-01,2024-04-10
U0647,2024-02-13,2024-02-01,2024-04-12
U0647,2024-02-13,2024-02-01,2024-04-15
U0647,2024-02-13,2024-02-01,2024-04-17
U0647,2024-02-13,2024-02-01,2024-04-20
U0647,2024-02-13,2024-02-01,2024-04-21
U0647,2024-02-13,2024-02-01,2024-04-23
U0648,2024-06-21,2024-06-01,2024-06-21
U0648,2024-06-21,2024-06-01,2024-06-23
U0648,2024-06-21,2024-06-01,2024-06-25
U0648,2024-06-21,2024-06-01,2024-06-27
U0648,2024-06-21,2024-06-01,2024-06-29
U0648,2024-06-21,2024-06-01,2024-07-01
U0648,2024-06-21,2024-06-01,2024-07-03
U0648,2024-06-21,2024-06-01,2024-07-05
U0648,2024-06-21,2024-06-01,2024-07-09
U0648,2024-06-21,2024-06-01,2024-07-13
U0648,2024-06-21,2024-06-01,2024-07-17
U0648,2024-06-21,2024-06-01,2024-07-19
U0648,2024-06-21,2024-06-01,2024-07-21
U0648,2024-06-21,2024-06-01,2024-07-27
U0648,2024-06-21,2024-06-01,2024-07-31
U0648,2024-06-21,2024-06-01,2024-08-12
U0648,2024-06-21,2024-06-01,2024-08-22
U0649,2024-06-08,2024-06-01,2024-06-08
U0649,2024-06-08,2024-06-01,2024-06-09
U0649,2024-06-08,2024-06-01,2024-06-10
U0649,2024-06-08,2024-06-01,2024-06-11
U0649,2024-06-08,2024-06-01,2024-06-12
U0649,2024-06-08,2024-06-01,2024-06-13
U0649,2024-06-08,2024-06-01,2024-06-14
U0649,2024-06-08,2024-06-01,2024-06-15
U0649,2024-06-08,2024-06-01,2024-06-16
U0649,2024-06-08,2024-06-01,2024-06-17
U0649,2024-06-08,2024-06-01,2024-06-18
U0649,2024-06-08,2024-06-01,2024-06-19
U0649,2024-06-08,2024-06-01,2024-06-21
U0649,2024-06-08,2024-06-01,2024-06-22
U0649,2024-06-08,2024-06-01,2024-06-23
U0649,2024-06-08,2024-06-01,2024-06-24
U0649,2024-06-08,2024-06-01,2024-06-26
U0649,2024-06-08,2024-06-01,2024-06-28
U0649,2024-06-08,2024-06-01,2024-06-29
U0649,2024-06-08,2024-06-01,2024-07-01
U0649,2024-06-08,2024-06-01,2024-07-02
U0649,2024-06-08,2024-06-01,2024-07-03
U0650,2024-06-21,2024-06-01,2024-06-21
U0650,2024-06-21,2024-06-01,2024-06-25
U0650,2024-06-21,2024-06-01,2024-07-03
U0650,2024-06-21,2024-06-01,2024-07-07
U0650,2024-06-21,2024-06-01,2024-07-15
U0651,2024-03-01,2024-03-01,2024-03-01
U0651,2024-03-01,2024-03-01,2024-03-05
U0651,2024-03-01,2024-03-01,2024-03-09
U0651,2024-03-01,2024-03-01,2024-03-13
U0651,2024-03-01,2024-03-01,2024-03-17
U0651,2024-03-01,2024-03-01,2024-03-21
U0651,2024-03-01,2024-03-01,2024-03-29
U0651,2024-03-01,2024-03-01,2024-04-02
U0651,2024-03-01,2024-03-01,2024-04-18
U0652,2024-02-16,2024-02-01,2024-02-16
U0652,2024-02-16,2024-02-01,2024-02-19
U0652,2024-02-16,2024-02-01,2024-02-22
U0652,2024-02-16,2024-02-01,2024-02-25
U0652,2024-02-16,2024-02-01,2024-02-28
U0652,2024-02-16,2024-02-01,2024-03-02
U0652,2024-02-16,2024-02-01,2024-03-05
U0652,2024-02-16,2024-02-01,2024-03-08
U0652,2024-02-16,2024-02-01,2024-03-17
U0652,2024-02-16,2024-02-01,2024-03-20
U0652,2024-02-16,2024-02-01,2024-03-23
U0652,2024-02-16,2024-02-01,2024-03-26
U0652,2024-02-16,2024-02-01,2024-03-29
U0652,2024-02-16,2024-02-01,2024-04-07
U0653,2024-05-28,2024-05-01,2024-05-28
U0653,2024-05-28,2024-05-01,2024-05-31
U0653,2024-05-28,2024-05-01,2024-06-03
U0653,2024-05-28,2024-05-01,2024-06-06
U0653,2024-05-28,2024-05-01,2024-06-09
U0653,2024-05-28,2024-05-01,2024-06-15
U0653,2024-05-28,2024-05-01,2024-06-18
U0653,2024-05-28,2024-05-01,2024-06-21
U0653,2024-05-28,2024-05-01,2024-06-24
U0653,2024-05-28,2024-05-01,2024-06-30
U0653,2024-05-28,2024-05-01,2024-07-06
U0653,2024-05-28,2024-05-01,2024-07-12
U0653,2024-05-28,2024-05-01,2024-07-15
U0653,2024-05-28,2024-05-01,2024-07-18
U0654,2024-03-20,2024-03-01,2024-03-20
U0654,2024-03-20,2024-03-01,2024-03-24
U0654,2024-03-20,2024-03-01,2024-03-26
U0654,2024-03-20,2024-03-01,2024-03-30
U0654,2024-03-20,2024-03-01,2024-04-07
U0654,2024-03-20,2024-03-01,2024-04-09
U0654,2024-03-20,2024-03-01,2024-04-13
U0654,2024-03-20,2024-03-01,2024-04-15
U0654,2024-03-20,2024-03-01,2024-04-19
U0654,2024-03-20,2024-03-01,2024-04-25
U0654,2024-03-20,2024-03-01,2024-04-27
U0654,2024-03-20,2024-03-01,2024-04-29
U0654,2024-03-20,2024-03-01,2024-05-01
U0654,2024-03-20,2024-03-01,2024-05-05
U0654,2024-03-20,2024-03-01,2024-05-07
U0654,2024-03-20,2024-03-01,2024-05-13
U0654,2024-03-20,2024-03-01,2024-05-17
U0655,2024-04-27,2024-04-01,2024-04-27
U0655,2024-04-27,2024-04-01,2024-04-28
U0655,2024-04-27,2024-04-01,2024-04-29
U0655,2024-04-27,2024-04-01,2024-04-30
U0655,2024-04-27,2024-04-01,2024-05-01
U0655,2024-04-27,2024-04-01,2024-05-02
U0655,2024-04-27,2024-04-01,2024-05-03
U0655,2024-04-27,2024-04-01,2024-05-04
U0655,2024-04-27,2024-04-01,2024-05-05
U0655,2024-04-27,2024-04-01,2024-05-06
U0655,2024-04-27,2024-04-01,2024-05-08
U0655,2024-04-27,2024-04-01,2024-05-09
U0655,2024-04-27,2024-04-01,2024-05-10
U0655,2024-04-27,2024-04-01,2024-05-11
U0655,2024-04-27,2024-04-01,2024-05-12
U0655,2024-04-27,2024-04-01,2024-05-13
U0655,2024-04-27,2024-04-01,2024-05-14
U0655,2024-04-27,2024-04-01,2024-05-15
U0655,2024-04-27,2024-04-01,2024-05-16
U0655,2024-04-27,2024-04-01,2024-05-18
U0655,2024-04-27,2024-04-01,2024-05-20
U0655,2024-04-27,2024-04-01,2024-05-21
U0655,2024-04-27,2024-04-01,2024-05-22
U0655,2024-04-27,2024-04-01,2024-05-23
U0655,2024-04-27,2024-04-01,2024-05-25
U0655,2024-04-27,2024-04-01,2024-05-26
U0655,2024-04-27,2024-04-01,2024-05-27
U0655,2024-04-27,2024-04-01,2024-05-28
U0655,2024-04-27,2024-04-01,2024-05-30
U0655,2024-04-27,2024-04-01,2024-05-31
U0655,2024-04-27,2024-04-01,2024-06-01
U0655,2024-04-27,2024-04-01,2024-06-02
U0655,2024-04-27,2024-04-01,2024-06-03
U0655,2024-04-27,2024-04-01,2024-06-08
U0655,2024-04-27,2024-04-01,2024-06-09
U0655,2024-04-27,2024-04-01,2024-06-10
U0655,2024-04-27,2024-04-01,2024-06-12
U0655,2024-04-27,2024-04-01,2024-06-15
U0655,2024-04-27,2024-04-01,2024-06-17
U0656,2024-06-12,2024-06-01,2024-06-12
U0656,2024-06-12,2024-06-01,2024-06-15
U0656,2024-06-12,2024-06-01,2024-06-18
U0656,2024-06-12,2024-06-01,2024-06-21
U0656,2024-06-12,2024-06-01,2024-06-24
U0656,2024-06-12,2024-06-01,2024-06-27
U0656,2024-06-12,2024-06-01,2024-06-30
U0656,2024-06-12,2024-06-01,2024-07-06
U0656,2024-06-12,2024-06-01,2024-07-09
U0656,2024-06-12,2024-06-01,2024-07-12
U0656,2024-06-12,2024-06-01,2024-07-15
U0656,2024-06-12,2024-06-01,2024-08-02
U0656,2024-06-12,2024-06-01,2024-08-05
U0656,2024-06-12,2024-06-01,2024-08-08
U0656,2024-06-12,2024-06-01,2024-08-17
U0657,2024-05-26,2024-05-01,2024-05-26
U0657,2024-05-26,2024-05-01,2024-05-29
U0657,2024-05-26,2024-05-01,2024-06-01
U0657,2024-05-26,2024-05-01,2024-06-04
U0657,2024-05-26,2024-05-01,2024-06-07
U0657,2024-05-26,2024-05-01,2024-06-10
U0657,2024-05-26,2024-05-01,2024-06-13
U0657,2024-05-26,2024-05-01,2024-06-16
U0657,2024-05-26,2024-05-01,2024-06-19
U0657,2024-05-26,2024-05-01,2024-06-22
U0657,2024-05-26,2024-05-01,2024-06-25
U0657,2024-05-26,2024-05-01,2024-06-28
U0657,2024-05-26,2024-05-01,2024-07-01
U0657,2024-05-26,2024-05-01,2024-07-10
U0657,2024-05-26,2024-05-01,2024-07-13
U0658,2024-01-20,2024-01-01,2024-01-20
U0658,2024-01-20,2024-01-01,2024-01-24
U0658,2024-01-20,2024-01-01,2024-01-28
U0659,2024-05-25,2024-05-01,2024-05-25
U0659,2024-05-25,2024-05-01,2024-05-29
U0659,2024-05-25,2024-05-01,2024-05-31
U0659,2024-05-25,2024-05-01,2024-06-02
U0659,2024-05-25,2024-05-01,2024-06-04
U0659,2024-05-25,2024-05-01,2024-06-10
U0659,2024-05-25,2024-05-01,2024-06-14
U0659,2024-05-25,2024-05-01,2024-06-18
U0659,2024-05-25,2024-05-01,2024-06-20
U0660,2024-02-16,2024-02-01,2024-02-16
U0660,2024-02-16,2024-02-01,2024-02-19
U0660,2024-02-16,2024-02-01,2024-02-22
U0660,2024-02-16,2024-02-01,2024-02-25
U0660,2024-02-16,2024-02-01,2024-02-28
U0660,2024-02-16,2024-02-01,2024-03-02
U0660,2024-02-16,2024-02-01,2024-03-05
U0660,2024-02-16,2024-02-01,2024-03-08
U0660,2024-02-16,2024-02-01,2024-03-11
U0660,2024-02-16,2024-02-01,2024-03-14
U0660,2024-02-16,2024-02-01,2024-03-17
U0660,2024-02-16,2024-02-01,2024-03-23
U0661,2024-02-18,2024-02-01,2024-02-18
U0661,2024-02-18,2024-02-01,2024-02-19
U0661,2024-02-18,2024-02-01,2024-02-20
U0661,2024-02-18,2024-02-01,2024-02-21
U0661,2024-02-18,2024-02-01,2024-02-22
U0661,2024-02-18,2024-02-01,2024-02-23
U0661,2024-02-18,2024-02-01,2024-02-24
U0661,2024-02-18,2024-02-01,2024-02-25
U0661,2024-02-18,2024-02-01,2024-02-27
U0661,2024-02-18,2024-02-01,2024-02-28
U0662,2024-01-14,2024-01-01,2024-01-14
U0662,2024-01-14,2024-01-01,2024-01-16
U0662,2024-01-14,2024-01-01,2024-01-18
U0662,2024-01-14,2024-01-01,2024-01-20
U0662,2024-01-14,2024-01-01,2024-01-22
U0662,2024-01-14,2024-01-01,2024-01-24
U0662,2024-01-14,2024-01-01,2024-01-26
U0662,2024-01-14,2024-01-01,2024-02-07
U0662,2024-01-14,2024-01-01,2024-02-09
U0662,2024-01-14,2024-01-01,2024-02-11
U0662,2024-01-14,2024-01-01,2024-02-13
U0662,2024-01-14,2024-01-01,2024-02-15
U0662,2024-01-14,2024-01-01,2024-02-17
U0662,2024-01-14,2024-01-01,2024-03-04
U0662,2024-01-14,2024-01-01,2024-03-08
U0662,2024-01-14,2024-01-01,2024-03-12
U0662,2024-01-14,2024-01-01,2024-03-18
U0663,2024-05-22,2024-05-01,2024-05-22
U0663,2024-05-22,2024-05-01,2024-05-24
U0663,2024-05-22,2024-05-01,2024-05-26
U0663,2024-05-22,2024-05-01,2024-05-28
U0663,2024-05-22,2024-05-01,2024-05-30
U0663,2024-05-22,2024-05-01,2024-06-01
U0663,2024-05-22,2024-05-01,2024-06-03
U0663,2024-05-22,2024-05-01,2024-06-05
U0663,2024-05-22,2024-05-01,2024-06-07
U0663,2024-05-22,2024-05-01,2024-06-09
U0663,2024-05-22,2024-05-01,2024-06-11
U0663,2024-05-22,2024-05-01,2024-06-13
U0663,2024-05-22,2024-05-01,2024-06-15
U0663,2024-05-22,2024-05-01,2024-06-17
U0663,2024-05-22,2024-05-01,2024-06-19
U0663,2024-05-22,2024-05-01,2024-06-21
U0663,2024-05-22,2024-05-01,2024-06-23
U0663,2024-05-22,2024-05-01,2024-07-01
U0663,2024-05-22,2024-05-01,2024-07-15
U0663,2024-05-22,2024-05-01,2024-07-19
U0663,2024-05-22,2024-05-01,2024-07-29
U0663,2024-05-22,2024-05-01,2024-07-31
U0664,2024-06-07,2024-06-01,2024-06-07
U0664,2024-06-07,2024-06-01,2024-06-10
U0664,2024-06-07,2024-06-01,2024-06-16
U0664,2024-06-07,2024-06-01,2024-06-19
U0664,2024-06-07,2024-06-01,2024-06-22
U0664,2024-06-07,2024-06-01,2024-06-25
U0664,2024-06-07,2024-06-01,2024-07-01
U0664,2024-06-07,2024-06-01,2024-07-04
U0664,2024-06-07,2024-06-01,2024-07-25
U0664,2024-06-07,2024-06-01,2024-07-28
U0664,2024-06-07,2024-06-01,2024-07-31
U0665,2024-01-01,2024-01-01,2024-01-01
U0665,2024-01-01,2024-01-01,2024-01-05
U0665,2024-01-01,2024-01-01,2024-01-09
U0665,2024-01-01,2024-01-01,2024-01-13
U0665,2024-01-01,2024-01-01,2024-01-17
U0665,2024-01-01,2024-01-01,2024-01-25
U0665,2024-01-01,2024-01-01,2024-01-29
U0665,2024-01-01,2024-01-01,2024-02-02
U0665,2024-01-01,2024-01-01,2024-02-06
U0665,2024-01-01,2024-01-01,2024-02-10
U0665,2024-01-01,2024-01-01,2024-02-14
U0665,2024-01-01,2024-01-01,2024-02-18
U0666,2024-04-26,2024-04-01,2024-04-26
U0666,2024-04-26,2024-04-01,2024-04-30
U0666,2024-04-26,2024-04-01,2024-05-04
U0666,2024-04-26,2024-04-01,2024-05-08
U0666,2024-04-26,2024-04-01,2024-05-12
U0666,2024-04-26,2024-04-01,2024-05-16
U0667,2024-02-23,2024-02-01,2024-02-23
U0667,2024-02-23,2024-02-01,2024-02-25
U0667,2024-02-23,2024-02-01,2024-02-27
U0667,2024-02-23,2024-02-01,2024-02-29
U0667,2024-02-23,2024-02-01,2024-03-02
U0667,2024-02-23,2024-02-01,2024-03-04
U0667,2024-02-23,2024-02-01,2024-03-06
U0667,2024-02-23,2024-02-01,2024-03-08
U0667,2024-02-23,2024-02-01,2024-03-10
U0667,2024-02-23,2024-02-01,2024-03-12
U0667,2024-02-23,2024-02-01,2024-03-14
U0667,2024-02-23,2024-02-01,2024-03-16
U0667,2024-02-23,2024-02-01,2024-03-18
U0667,2024-02-23,2024-02-01,2024-03-22
U0667,2024-02-23,2024-02-01,2024-03-24
U0667,2024-02-23,2024-02-01,2024-03-26
U0667,2024-02-23,2024-02-01,2024-03-28
U0667,2024-02-23,2024-02-01,2024-04-05
U0667,2024-02-23,2024-02-01,2024-04-07
U0667,2024-02-23,2024-02-01,2024-04-13
U0667,2024-02-23,2024-02-01,2024-04-19
U0667,2024-02-23,2024-02-01,2024-04-23
U0667,2024-02-23,2024-02-01,2024-04-29
U0667,2024-02-23,2024-02-01,2024-05-13
U0668,2024-04-27,2024-04-01,2024-04-27
U0668,2024-04-27,2024-04-01,2024-04-29
U0668,2024-04-27,2024-04-01,2024-05-01
U0668,2024-04-27,2024-04-01,2024-05-03
U0668,2024-04-27,2024-04-01,2024-05-05
U0668,2024-04-27,2024-04-01,2024-05-07
U0668,2024-04-27,2024-04-01,2024-05-09
U0668,2024-04-27,2024-04-01,2024-05-11
U0668,2024-04-27,2024-04-01,2024-05-13
U0668,2024-04-27,2024-04-01,2024-05-15
U0668,2024-04-27,2024-04-01,2024-05-19
U0668,2024-04-27,2024-04-01,2024-05-21
U0668,2024-04-27,2024-04-01,2024-05-25
U0668,2024-04-27,2024-04-01,2024-05-27
U0668,2024-04-27,2024-04-01,2024-05-29
U0668,2024-04-27,2024-04-01,2024-05-31
U0668,2024-04-27,2024-04-01,2024-06-02
U0668,2024-04-27,2024-04-01,2024-06-04
U0668,2024-04-27,2024-04-01,2024-06-12
U0668,2024-04-27,2024-04-01,2024-06-16
U0669,2024-01-03,2024-01-01,2024-01-03
U0669,2024-01-03,2024-01-01,2024-01-04
U0669,2024-01-03,2024-01-01,2024-01-05
U0669,2024-01-03,2024-01-01,2024-01-06
U0669,2024-01-03,2024-01-01,2024-01-07
U0669,2024-01-03,2024-01-01,2024-01-08
U0669,2024-01-03,2024-01-01,2024-01-09
U0669,2024-01-03,2024-01-01,2024-01-10
U0669,2024-01-03,2024-01-01,2024-01-11
U0669,2024-01-03,2024-01-01,2024-01-12
U0669,2024-01-03,2024-01-01,2024-01-13
U0669,2024-01-03,2024-01-01,2024-01-14
U0669,2024-01-03,2024-01-01,2024-01-15
U0669,2024-01-03,2024-01-01,2024-01-16
U0669,2024-01-03,2024-01-01,2024-01-17
U0669,2024-01-03,2024-01-01,2024-01-18
U0669,2024-01-03,2024-01-01,2024-01-20
U0669,2024-01-03,2024-01-01,2024-01-22
U0669,2024-01-03,2024-01-01,2024-01-23
U0669,2024-01-03,2024-01-01,2024-01-24
U0669,2024-01-03,2024-01-01,2024-01-26
U0669,2024-01-03,2024-01-01,2024-01-28
U0669,2024-01-03,2024-01-01,2024-01-29
U0669,2024-01-03,2024-01-01,2024-01-30
U0669,2024-01-03,2024-01-01,2024-01-31
U0669,2024-01-03,2024-01-01,2024-02-01
U0669,2024-01-03,2024-01-01,2024-02-08
U0669,2024-01-03,2024-01-01,2024-02-09
U0669,2024-01-03,2024-01-01,2024-02-10
U0669,2024-01-03,2024-01-01,2024-02-11
U0669,2024-01-03,2024-01-01,2024-02-13
U0669,2024-01-03,2024-01-01,2024-02-16
U0669,2024-01-03,2024-01-01,2024-02-17
U0669,2024-01-03,2024-01-01,2024-02-18
U0669,2024-01-03,2024-01-01,2024-02-19
U0669,2024-01-03,2024-01-01,2024-02-23
U0669,2024-01-03,2024-01-01,2024-02-25
U0669,2024-01-03,2024-01-01,2024-02-27
U0669,2024-01-03,2024-01-01,2024-03-02
U0669,2024-01-03,2024-01-01,2024-03-03
U0669,2024-01-03,2024-01-01,2024-03-05
U0669,2024-01-03,2024-01-01,2024-03-10
U0669,2024-01-03,2024-01-01,2024-03-12
U0669,2024-01-03,2024-01-01,2024-03-13
U0669,2024-01-03,2024-01-01,2024-03-14
U0670,2024-05-23,2024-05-01,2024-05-23
U0670,2024-05-23,2024-05-01,2024-05-27
U0670,2024-05-23,2024-05-01,2024-05-31
U0670,2024-05-23,2024-05-01,2024-06-04
U0670,2024-05-23,2024-05-01,2024-06-08
U0670,2024-05-23,2024-05-01,2024-06-12
U0671,2024-01-12,2024-01-01,2024-01-12
U0671,2024-01-12,2024-01-01,2024-01-15
U0671,2024-01-12,2024-01-01,2024-01-18
U0671,2024-01-12,2024-01-01,2024-01-21
U0671,2024-01-12,2024-01-01,2024-01-27
U0671,2024-01-12,2024-01-01,2024-02-02
U0671,2024-01-12,2024-01-01,2024-02-05
U0671,2024-01-12,2024-01-01,2024-02-08
U0671,2024-01-12,2024-01-01,2024-02-11
U0671,2024-01-12,2024-01-01,2024-02-17
U0671,2024-01-12,2024-01-01,2024-02-20
U0671,2024-01-12,2024-01-01,2024-02-23
U0672,2024-03-14,2024-03-01,2024-03-14
U0672,2024-03-14,2024-03-01,2024-03-17
U0672,2024-03-14,2024-03-01,2024-03-20
U0672,2024-03-14,2024-03-01,2024-03-23
U0672,2024-03-14,2024-03-01,2024-03-26
U0672,2024-03-14,2024-03-01,2024-03-29
U0672,2024-03-14,2024-03-01,2024-04-07
U0672,2024-03-14,2024-03-01,2024-04-10
U0672,2024-03-14,2024-03-01,2024-04-13
U0672,2024-03-14,2024-03-01,2024-04-16
U0672,2024-03-14,2024-03-01,2024-04-19
U0672,2024-03-14,2024-03-01,2024-04-22
U0672,2024-03-14,2024-03-01,2024-04-25
U0672,2024-03-14,2024-03-01,2024-04-28
U0672,2024-03-14,2024-03-01,2024-05-01
U0673,2024-01-16,2024-01-01,2024-01-16
U0673,2024-01-16,2024-01-01,2024-01-20
U0673,2024-01-16,2024-01-01,2024-01-24
U0673,2024-01-16,2024-01-01,2024-01-28
U0673,2024-01-16,2024-01-01,2024-02-01
U0673,2024-01-16,2024-01-01,2024-02-09
U0673,2024-01-16,2024-01-01,2024-02-17
U0673,2024-01-16,2024-01-01,2024-02-21
U0673,2024-01-16,2024-01-01,2024-02-25
U0674,2024-04-11,2024-04-01,2024-04-11
U0674,2024-04-11,2024-04-01,2024-04-12
U0674,2024-04-11,2024-04-01,2024-04-13
U0674,2024-04-11,2024-04-01,2024-04-14
U0674,2024-04-11,2024-04-01,2024-04-15
U0674,2024-04-11,2024-04-01,2024-04-16
U0674,2024-04-11,2024-04-01,2024-04-17
U0674,2024-04-11,2024-04-01,2024-04-18
U0674,2024-04-11,2024-04-01,2024-04-19
U0674,2024-04-11,2024-04-01,2024-04-20
U0674,2024-04-11,2024-04-01,2024-04-21
U0674,2024-04-11,2024-04-01,2024-04-22
U0674,2024-04-11,2024-04-01,2024-04-23
U0674,2024-04-11,2024-04-01,2024-04-26
U0674,2024-04-11,2024-04-01,2024-04-28
U0674,2024-04-11,2024-04-01,2024-04-29
U0674,2024-04-11,2024-04-01,2024-04-30
U0674,2024-04-11,2024-04-01,2024-05-02
U0674,2024-04-11,2024-04-01,2024-05-05
U0674,2024-04-11,2024-04-01,2024-05-06
U0674,2024-04-11,2024-04-01,2024-05-07
U0674,2024-04-11,2024-04-01,2024-05-08
U0674,2024-04-11,2024-04-01,2024-05-09
U0674,2024-04-11,2024-04-01,2024-05-10
U0674,2024-04-11,2024-04-01,2024-05-11
U0674,2024-04-11,2024-04-01,2024-05-12
U0674,2024-04-11,2024-04-01,2024-05-13
U0674,2024-04-11,2024-04-01,2024-05-14
U0674,2024-04-11,2024-04-01,2024-05-15
U0674,2024-04-11,2024-04-01,2024-05-16
U0674,2024-04-11,2024-04-01,2024-05-19
U0674,2024-04-11,2024-04-01,2024-05-20
U0674,2024-04-11,2024-04-01,2024-05-24
U0674,2024-04-11,2024-04-01,2024-05-28
U0674,2024-04-11,2024-04-01,2024-06-01
U0675,2024-05-31,2024-05-01,2024-05-31
U0675,2024-05-31,2024-05-01,2024-06-02
U0675,2024-05-31,2024-05-01,2024-06-04
U0675,2024-05-31,2024-05-01,2024-06-06
U0675,2024-05-31,2024-05-01,2024-06-10
U0675,2024-05-31,2024-05-01,2024-06-12
U0675,2024-05-31,2024-05-01,2024-06-14
U0675,2024-05-31,2024-05-01,2024-06-16
U0675,2024-05-31,2024-05-01,2024-06-20
U0675,2024-05-31,2024-05-01,2024-06-22
U0675,2024-05-31,2024-05-01,2024-06-26
U0675,2024-05-31,2024-05-01,2024-06-28
U0675,2024-05-31,2024-05-01,2024-06-30
U0676,2024-06-04,2024-06-01,2024-06-04
U0676,2024-06-04,2024-06-01,2024-06-05
U0676,2024-06-04,2024-06-01,2024-06-06
U0676,2024-06-04,2024-06-01,2024-06-07
U0676,2024-06-04,2024-06-01,2024-06-08
U0676,2024-06-04,2024-06-01,2024-06-09
U0676,2024-06-04,2024-06-01,2024-06-10
U0676,2024-06-04,2024-06-01,2024-06-11
U0676,2024-06-04,2024-06-01,2024-06-12
U0676,2024-06-04,2024-06-01,2024-06-13
U0676,2024-06-04,2024-06-01,2024-06-14
U0676,2024-06-04,2024-06-01,2024-06-15
U0676,2024-06-04,2024-06-01,2024-06-17
U0676,2024-06-04,2024-06-01,2024-06-19
U0676,2024-06-04,2024-06-01,2024-06-20
U0676,2024-06-04,2024-06-01,2024-06-21
U0676,2024-06-04,2024-06-01,2024-06-22
U0676,2024-06-04,2024-06-01,2024-06-23
U0676,2024-06-04,2024-06-01,2024-06-25
U0676,2024-06-04,2024-06-01,2024-06-27
U0676,2024-06-04,2024-06-01,2024-06-28
U0676,2024-06-04,2024-06-01,2024-06-29
U0676,2024-06-04,2024-06-01,2024-06-30
U0676,2024-06-04,2024-06-01,2024-07-01
U0676,2024-06-04,2024-06-01,2024-07-02
U0676,2024-06-04,2024-06-01,2024-07-05
U0676,2024-06-04,2024-06-01,2024-07-06
U0676,2024-06-04,2024-06-01,2024-07-08
U0676,2024-06-04,2024-06-01,2024-07-13
U0676,2024-06-04,2024-06-01,2024-07-18
U0676,2024-06-04,2024-06-01,2024-07-20
U0676,2024-06-04,2024-06-01,2024-07-21
U0677,2024-04-26,2024-04-01,2024-04-26
U0677,2024-04-26,2024-04-01,2024-04-29
U0677,2024-04-26,2024-04-01,2024-05-02
U0677,2024-04-26,2024-04-01,2024-05-05
U0677,2024-04-26,2024-04-01,2024-05-08
U0677,2024-04-26,2024-04-01,2024-05-11
U0677,2024-04-26,2024-04-01,2024-05-17
U0677,2024-04-26,2024-04-01,2024-05-23
U0677,2024-04-26,2024-04-01,2024-06-01
U0677,2024-04-26,2024-04-01,2024-06-10
U0678,2024-01-08,2024-01-01,2024-01-08
U0678,2024-01-08,2024-01-01,2024-01-12
U0678,2024-01-08,2024-01-01,2024-01-20
U0678,2024-01-08,2024-01-01,2024-01-24
U0678,2024-01-08,2024-01-01,2024-01-28
U0678,2024-01-08,2024-01-01,2024-02-09
U0678,2024-01-08,2024-01-01,2024-02-17
U0678,2024-01-08,2024-01-01,2024-03-20
U0679,2024-05-01,2024-05-01,2024-05-01
U0679,2024-05-01,2024-05-01,2024-05-04
U0679,2024-05-01,2024-05-01,2024-05-07
U0679,2024-05-01,2024-05-01,2024-05-10
U0679,2024-05-01,2024-05-01,2024-05-13
U0679,2024-05-01,2024-05-01,2024-05-16
U0679,2024-05-01,2024-05-01,2024-05-19
U0679,2024-05-01,2024-05-01,2024-05-22
U0679,2024-05-01,2024-05-01,2024-05-28
U0679,2024-05-01,2024-05-01,2024-06-03
U0679,2024-05-01,2024-05-01,2024-06-12
U0679,2024-05-01,2024-05-01,2024-06-15
U0679,2024-05-01,2024-05-01,2024-06-24
U0679,2024-05-01,2024-05-01,2024-06-27
U0679,2024-05-01,2024-05-01,2024-06-30
U0679,2024-05-01,2024-05-01,2024-07-09
U0679,2024-05-01,2024-05-01,2024-07-15
U0680,2024-04-01,2024-04-01,2024-04-01
U0680,2024-04-01,2024-04-01,2024-04-03
U0680,2024-04-01,2024-04-01,2024-04-05
U0680,2024-04-01,2024-04-01,2024-04-07
U0680,2024-04-01,2024-04-01,2024-04-11
U0680,2024-04-01,2024-04-01,2024-04-17
U0680,2024-04-01,2024-04-01,2024-04-25
U0680,2024-04-01,2024-04-01,2024-04-29
U0680,2024-04-01,2024-04-01,2024-05-07
U0680,2024-04-01,2024-04-01,2024-05-11
U0680,2024-04-01,2024-04-01,2024-05-17
U0680,2024-04-01,2024-04-01,2024-05-19
U0681,2024-06-12,2024-06-01,2024-06-12
U0681,2024-06-12,2024-06-01,2024-06-13
U0681,2024-06-12,2024-06-01,2024-06-14
U0681,2024-06-12,2024-06-01,2024-06-15
U0681,2024-06-12,2024-06-01,2024-06-16
U0681,2024-06-12,2024-06-01,2024-06-17
U0681,2024-06-12,2024-06-01,2024-06-18
U0681,2024-06-12,2024-06-01,2024-06-19
U0681,2024-06-12,2024-06-01,2024-06-20
U0681,2024-06-12,2024-06-01,2024-06-21
U0681,2024-06-12,2024-06-01,2024-06-22
U0681,2024-06-12,2024-06-01,2024-06-23
U0681,2024-06-12,2024-06-01,2024-06-24
U0681,2024-06-12,2024-06-01,2024-06-25
U0681,2024-06-12,2024-06-01,2024-06-27
U0681,2024-06-12,2024-06-01,2024-06-28
U0681,2024-06-12,2024-06-01,2024-06-30
U0681,2024-06-12,2024-06-01,2024-07-01
U0681,2024-06-12,2024-06-01,2024-07-02
U0681,2024-06-12,2024-06-01,2024-07-03
U0681,2024-06-12,2024-06-01,2024-07-04
U0681,2024-06-12,2024-06-01,2024-07-05
U0682,2024-03-30,2024-03-01,2024-03-30
U0682,2024-03-30,2024-03-01,2024-04-02
U0682,2024-03-30,2024-03-01,2024-04-05
U0682,2024-03-30,2024-03-01,2024-04-08
U0682,2024-03-30,2024-03-01,2024-04-11
U0683,2024-05-15,2024-05-01,2024-05-15
U0683,2024-05-15,2024-05-01,2024-05-18
U0683,2024-05-15,2024-05-01,2024-05-21
U0683,2024-05-15,2024-05-01,2024-05-27
U0683,2024-05-15,2024-05-01,2024-06-05
U0683,2024-05-15,2024-05-01,2024-06-08
U0683,2024-05-15,2024-05-01,2024-06-11
U0683,2024-05-15,2024-05-01,2024-06-14
U0683,2024-05-15,2024-05-01,2024-06-29
U0683,2024-05-15,2024-05-01,2024-07-08
U0683,2024-05-15,2024-05-01,2024-07-11
U0683,2024-05-15,2024-05-01,2024-07-26
U0683,2024-05-15,2024-05-01,2024-08-07
U0684,2024-02-29,2024-02-01,2024-02-29
U0684,2024-02-29,2024-02-01,2024-03-04
U0684,2024-02-29,2024-02-01,2024-03-12
U0684,2024-02-29,2024-02-01,2024-03-16
U0684,2024-02-29,2024-02-01,2024-03-20
U0684,2024-02-29,2024-02-01,2024-03-28
U0684,2024-02-29,2024-02-01,2024-04-01
U0684,2024-02-29,2024-02-01,2024-04-05
U0684,2024-02-29,2024-02-01,2024-04-09
U0684,2024-02-29,2024-02-01,2024-04-13
U0685,2024-06-26,2024-06-01,2024-06-26
U0685,2024-06-26,2024-06-01,2024-06-30
U0685,2024-06-26,2024-06-01,2024-07-02
U0685,2024-06-26,2024-06-01,2024-07-04
U0685,2024-06-26,2024-06-01,2024-07-06
U0685,2024-06-26,2024-06-01,2024-07-10
U0685,2024-06-26,2024-06-01,2024-07-16
U0685,2024-06-26,2024-06-01,2024-07-18
U0685,2024-06-26,2024-06-01,2024-07-20
U0685,2024-06-26,2024-06-01,2024-07-22
U0685,2024-06-26,2024-06-01,2024-07-28
U0685,2024-06-26,2024-06-01,2024-07-30
U0685,2024-06-26,2024-06-01,2024-08-01
U0685,2024-06-26,2024-06-01,2024-08-03
U0686,2024-01-28,2024-01-01,2024-01-28
U0686,2024-01-28,2024-01-01,2024-02-01
U0686,2024-01-28,2024-01-01,2024-02-09
U0686,2024-01-28,2024-01-01,2024-02-13
U0686,2024-01-28,2024-01-01,2024-02-17
U0686,2024-01-28,2024-01-01,2024-02-21
U0686,2024-01-28,2024-01-01,2024-02-29
U0686,2024-01-28,2024-01-01,2024-03-04
U0686,2024-01-28,2024-01-01,2024-03-08
U0686,2024-01-28,2024-01-01,2024-03-12
U0686,2024-01-28,2024-01-01,2024-03-24
U0687,2024-04-10,2024-04-01,2024-04-10
U0687,2024-04-10,2024-04-01,2024-04-14
U0687,2024-04-10,2024-04-01,2024-04-18
U0687,2024-04-10,2024-04-01,2024-04-22
U0687,2024-04-10,2024-04-01,2024-04-26
U0687,2024-04-10,2024-04-01,2024-04-30
U0687,2024-04-10,2024-04-01,2024-05-08
U0687,2024-04-10,2024-04-01,2024-05-24
U0687,2024-04-10,2024-04-01,2024-06-01
U0687,2024-04-10,2024-04-01,2024-06-13
U0687,2024-04-10,2024-04-01,2024-06-17
U0688,2024-02-10,2024-02-01,2024-02-10
U0688,2024-02-10,2024-02-01,2024-02-11
U0688,2024-02-10,2024-02-01,2024-02-12
U0688,2024-02-10,2024-02-01,2024-02-13
U0688,2024-02-10,2024-02-01,2024-02-14
U0688,2024-02-10,2024-02-01,2024-02-15
U0688,2024-02-10,2024-02-01,2024-02-16
U0688,2024-02-10,2024-02-01,2024-02-17
U0688,2024-02-10,2024-02-01,2024-02-18
U0688,2024-02-10,2024-02-01,2024-02-19
U0688,2024-02-10,2024-02-01,2024-02-20
U0688,2024-02-10,2024-02-01,2024-02-21
U0688,2024-02-10,2024-02-01,2024-02-22
U0688,2024-02-10,2024-02-01,2024-02-23
U0688,2024-02-10,2024-02-01,2024-02-24
U0688,2024-02-10,2024-02-01,2024-02-26
U0688,2024-02-10,2024-02-01,2024-02-28
U0688,2024-02-10,2024-02-01,2024-02-29
U0688,2024-02-10,2024-02-01,2024-03-01
U0688,2024-02-10,2024-02-01,2024-03-02
U0688,2024-02-10,2024-02-01,2024-03-03
U0688,2024-02-10,2024-02-01,2024-03-04
U0688,2024-02-10,2024-02-01,2024-03-09
U0688,2024-02-10,2024-02-01,2024-03-10
U0688,2024-02-10,2024-02-01,2024-03-11
U0688,2024-02-10,2024-02-01,2024-03-12
U0688,2024-02-10,2024-02-01,2024-03-17
U0688,2024-02-10,2024-02-01,2024-03-18
U0688,2024-02-10,2024-02-01,2024-03-19
U0688,2024-02-10,2024-02-01,2024-03-23
U0688,2024-02-10,2024-02-01,2024-03-24
U0688,2024-02-10,2024-02-01,2024-03-25
U0688,2024-02-10,2024-02-01,2024-03-27
U0688,2024-02-10,2024-02-01,2024-03-28
U0688,2024-02-10,2024-02-01,2024-03-29
U0688,2024-02-10,2024-02-01,2024-04-02
U0688,2024-02-10,2024-02-01,2024-04-03
U0688,2024-02-10,2024-02-01,2024-04-04
U0688,2024-02-10,2024-02-01,2024-04-08
U0688,2024-02-10,2024-02-01,2024-04-11
U0688,2024-02-10,2024-02-01,2024-04-12
U0688,2024-02-10,2024-02-01,2024-04-17
U0688,2024-02-10,2024-02-01,2024-04-26
U0689,2024-06-03,2024-06-01,2024-06-03
U0689,2024-06-03,2024-06-01,2024-06-06
U0689,2024-06-03,2024-06-01,2024-06-09
U0689,2024-06-03,2024-06-01,2024-06-12
U0689,2024-06-03,2024-06-01,2024-06-15
U0689,2024-06-03,2024-06-01,2024-06-24
U0689,2024-06-03,2024-06-01,2024-06-27
U0689,2024-06-03,2024-06-01,2024-07-06
U0689,2024-06-03,2024-06-01,2024-07-09
U0689,2024-06-03,2024-06-01,2024-07-12
U0689,2024-06-03,2024-06-01,2024-07-18
U0689,2024-06-03,2024-06-01,2024-08-08
U0690,2024-05-24,2024-05-01,2024-05-24
U0690,2024-05-24,2024-05-01,2024-05-26
U0690,2024-05-24,2024-05-01,2024-05-28
U0690,2024-05-24,2024-05-01,2024-05-30
U0690,2024-05-24,2024-05-01,2024-06-01
U0690,2024-05-24,2024-05-01,2024-06-03
U0690,2024-05-24,2024-05-01,2024-06-05
U0690,2024-05-24,2024-05-01,2024-06-07
U0690,2024-05-24,2024-05-01,2024-06-17
U0690,2024-05-24,2024-05-01,2024-06-19
U0690,2024-05-24,2024-05-01,2024-06-23
U0690,2024-05-24,2024-05-01,2024-07-01
U0690,2024-05-24,2024-05-01,2024-07-03
U0690,2024-05-24,2024-05-01,2024-07-11
U0690,2024-05-24,2024-05-01,2024-07-13
U0690,2024-05-24,2024-05-01,2024-07-21
U0690,2024-05-24,2024-05-01,2024-07-29
U0690,2024-05-24,2024-05-01,2024-08-04
U0690,2024-05-24,2024-05-01,2024-08-14
U0691,2024-06-09,2024-06-01,2024-06-09
U0691,2024-06-09,2024-06-01,2024-06-15
U0691,2024-06-09,2024-06-01,2024-06-18
U0692,2024-06-05,2024-06-01,2024-06-05
U0692,2024-06-05,2024-06-01,2024-06-07
U0692,2024-06-05,2024-06-01,2024-06-09
U0692,2024-06-05,2024-06-01,2024-06-11
U0692,2024-06-05,2024-06-01,2024-06-15
U0692,2024-06-05,2024-06-01,2024-06-19
U0692,2024-06-05,2024-06-01,2024-06-21
U0692,2024-06-05,2024-06-01,2024-06-23
U0693,2024-05-20,2024-05-01,2024-05-20
U0693,2024-05-20,2024-05-01,2024-05-24
U0693,2024-05-20,2024-05-01,2024-05-28
U0693,2024-05-20,2024-05-01,2024-06-01
U0693,2024-05-20,2024-05-01,2024-06-05
U0693,2024-05-20,2024-05-01,2024-06-09
U0693,2024-05-20,2024-05-01,2024-06-17
U0693,2024-05-20,2024-05-01,2024-06-25
U0694,2024-02-15,2024-02-01,2024-02-15
U0694,2024-02-15,2024-02-01,2024-02-17
U0694,2024-02-15,2024-02-01,2024-02-19
U0694,2024-02-15,2024-02-01,2024-02-21
U0694,2024-02-15,2024-02-01,2024-02-23
U0695,2024-02-04,2024-02-01,2024-02-04
U0695,2024-02-04,2024-02-01,2024-02-06
U0695,2024-02-04,2024-02-01,2024-02-08
U0695,2024-02-04,2024-02-01,2024-02-10
U0695,2024-02-04,2024-02-01,2024-02-12
U0695,2024-02-04,2024-02-01,2024-02-14
U0695,2024-02-04,2024-02-01,2024-02-20
U0696,2024-05-13,2024-05-01,2024-05-13
U0696,2024-05-13,2024-05-01,2024-05-16
U0696,2024-05-13,2024-05-01,2024-05-19
U0696,2024-05-13,2024-05-01,2024-05-22
U0696,2024-05-13,2024-05-01,2024-05-28
U0696,2024-05-13,2024-05-01,2024-05-31
U0696,2024-05-13,2024-05-01,2024-06-03
U0696,2024-05-13,2024-05-01,2024-06-06
U0696,2024-05-13,2024-05-01,2024-06-09
U0696,2024-05-13,2024-05-01,2024-06-12
U0696,2024-05-13,2024-05-01,2024-06-21
U0696,2024-05-13,2024-05-01,2024-06-27
U0696,2024-05-13,2024-05-01,2024-07-06
U0696,2024-05-13,2024-05-01,2024-07-09
U0696,2024-05-13,2024-05-01,2024-07-12
U0696,2024-05-13,2024-05-01,2024-07-21
U0697,2024-03-22,2024-03-01,2024-03-22
U0697,2024-03-22,2024-03-01,2024-03-26
U0697,2024-03-22,2024-03-01,2024-03-30
U0697,2024-03-22,2024-03-01,2024-04-03
U0697,2024-03-22,2024-03-01,2024-04-07
U0697,2024-03-22,2024-03-01,2024-04-11
U0697,2024-03-22,2024-03-01,2024-04-15
U0697,2024-03-22,2024-03-01,2024-05-01
U0697,2024-03-22,2024-03-01,2024-05-05
U0698,2024-04-24,2024-04-01,2024-04-24
U0698,2024-04-24,2024-04-01,2024-04-28
U0698,2024-04-24,2024-04-01,2024-05-02
U0698,2024-04-24,2024-04-01,2024-05-06
U0698,2024-04-24,2024-04-01,2024-05-10
U0698,2024-04-24,2024-04-01,2024-05-14
U0698,2024-04-24,2024-04-01,2024-05-18
U0698,2024-04-24,2024-04-01,2024-05-26
U0699,2024-02-16,2024-02-01,2024-02-16
U0699,2024-02-16,2024-02-01,2024-02-18
U0699,2024-02-16,2024-02-01,2024-02-20
U0699,2024-02-16,2024-02-01,2024-02-22
U0699,2024-02-16,2024-02-01,2024-02-24
U0699,2024-02-16,2024-02-01,2024-02-26
U0699,2024-02-16,2024-02-01,2024-02-28
U0699,2024-02-16,2024-02-01,2024-03-01
U0699,2024-02-16,2024-02-01,2024-03-03
U0699,2024-02-16,2024-02-01,2024-03-05
U0699,2024-02-16,2024-02-01,2024-03-07
U0699,2024-02-16,2024-02-01,2024-03-09
U0700,2024-06-01,2024-06-01,2024-06-01
U0700,2024-06-01,2024-06-01,2024-06-05
U0700,2024-06-01,2024-06-01,2024-06-09
U0700,2024-06-01,2024-06-01,2024-06-13
U0700,2024-06-01,2024-06-01,2024-06-17
U0700,2024-06-01,2024-06-01,2024-06-21
U0700,2024-06-01,2024-06-01,2024-06-25
U0700,2024-06-01,2024-06-01,2024-06-29
U0700,2024-06-01,2024-06-01,2024-07-03
U0700,2024-06-01,2024-06-01,2024-07-27
U0701,2024-01-10,2024-01-01,2024-01-10
U0701,2024-01-10,2024-01-01,2024-01-11
U0701,2024-01-10,2024-01-01,2024-01-12
U0701,2024-01-10,2024-01-01,2024-01-14
U0701,2024-01-10,2024-01-01,2024-01-15
U0701,2024-01-10,2024-01-01,2024-01-16
U0701,2024-01-10,2024-01-01,2024-01-18
U0701,2024-01-10,2024-01-01,2024-01-19
U0701,2024-01-10,2024-01-01,2024-01-20
U0701,2024-01-10,2024-01-01,2024-01-21
U0701,2024-01-10,2024-01-01,2024-01-23
U0701,2024-01-10,2024-01-01,2024-01-24
U0701,2024-01-10,2024-01-01,2024-01-25
U0701,2024-01-10,2024-01-01,2024-01-26
U0701,2024-01-10,2024-01-01,2024-01-27
U0702,2024-02-25,2024-02-01,2024-02-25
U0702,2024-02-25,2024-02-01,2024-02-27
U0702,2024-02-25,2024-02-01,2024-02-29
U0702,2024-02-25,2024-02-01,2024-03-02
U0702,2024-02-25,2024-02-01,2024-03-04
U0702,2024-02-25,2024-02-01,2024-03-06
U0702,2024-02-25,2024-02-01,2024-03-08
U0702,2024-02-25,2024-02-01,2024-03-10
U0702,2024-02-25,2024-02-01,2024-03-12
U0702,2024-02-25,2024-02-01,2024-03-16
U0702,2024-02-25,2024-02-01,2024-03-18
U0702,2024-02-25,2024-02-01,2024-03-20
U0702,2024-02-25,2024-02-01,2024-03-22
U0702,2024-02-25,2024-02-01,2024-03-24
U0702,2024-02-25,2024-02-01,2024-03-26
U0702,2024-02-25,2024-02-01,2024-03-28
U0702,2024-02-25,2024-02-01,2024-03-30
U0702,2024-02-25,2024-02-01,2024-04-01
U0702,2024-02-25,2024-02-01,2024-04-03
U0702,2024-02-25,2024-02-01,2024-04-05
U0702,2024-02-25,2024-02-01,2024-04-07
U0702,2024-02-25,2024-02-01,2024-04-13
U0702,2024-02-25,2024-02-01,2024-04-17
U0702,2024-02-25,2024-02-01,2024-04-23
U0702,2024-02-25,2024-02-01,2024-04-27
U0702,2024-02-25,2024-02-01,2024-04-29
U0703,2024-01-30,2024-01-01,2024-01-30
U0703,2024-01-30,2024-01-01,2024-01-31
U0703,2024-01-30,2024-01-01,2024-02-01
U0703,2024-01-30,2024-01-01,2024-02-02
U0703,2024-01-30,2024-01-01,2024-02-03
U0703,2024-01-30,2024-01-01,2024-02-04
U0703,2024-01-30,2024-01-01,2024-02-05
U0703,2024-01-30,2024-01-01,2024-02-06
U0703,2024-01-30,2024-01-01,2024-02-08
U0703,2024-01-30,2024-01-01,2024-02-10
U0703,2024-01-30,2024-01-01,2024-02-11
U0703,2024-01-30,2024-01-01,2024-02-12
U0703,2024-01-30,2024-01-01,2024-02-14
U0703,2024-01-30,2024-01-01,2024-02-15
U0703,2024-01-30,2024-01-01,2024-02-16
U0703,2024-01-30,2024-01-01,2024-02-17
U0703,2024-01-30,2024-01-01,2024-02-18
U0703,2024-01-30,2024-01-01,2024-02-19
U0703,2024-01-30,2024-01-01,2024-02-22
U0703,2024-01-30,2024-01-01,2024-02-23
U0703,2024-01-30,2024-01-01,2024-02-24
U0703,2024-01-30,2024-01-01,2024-02-25
U0703,2024-01-30,2024-01-01,2024-02-26
U0703,2024-01-30,2024-01-01,2024-02-28
U0703,2024-01-30,2024-01-01,2024-03-02
U0703,2024-01-30,2024-01-01,2024-03-05
U0703,2024-01-30,2024-01-01,2024-03-06
U0703,2024-01-30,2024-01-01,2024-03-07
U0703,2024-01-30,2024-01-01,2024-03-08
U0703,2024-01-30,2024-01-01,2024-03-10
U0703,2024-01-30,2024-01-01,2024-03-12
U0703,2024-01-30,2024-01-01,2024-03-13
U0703,2024-01-30,2024-01-01,2024-03-16
U0703,2024-01-30,2024-01-01,2024-03-17
U0703,2024-01-30,2024-01-01,2024-03-20
U0703,2024-01-30,2024-01-01,2024-03-23
U0703,2024-01-30,2024-01-01,2024-03-27
U0703,2024-01-30,2024-01-01,2024-03-29
U0703,2024-01-30,2024-01-01,2024-03-31
U0704,2024-04-18,2024-04-01,2024-04-18
U0704,2024-04-18,2024-04-01,2024-04-19
U0704,2024-04-18,2024-04-01,2024-04-20
U0704,2024-04-18,2024-04-01,2024-04-21
U0704,2024-04-18,2024-04-01,2024-04-22
U0704,2024-04-18,2024-04-01,2024-04-23
U0704,2024-04-18,2024-04-01,2024-04-26
U0704,2024-04-18,2024-04-01,2024-04-27
U0704,2024-04-18,2024-04-01,2024-04-28
U0704,2024-04-18,2024-04-01,2024-04-29
U0704,2024-04-18,2024-04-01,2024-05-01
U0704,2024-04-18,2024-04-01,2024-05-03
U0704,2024-04-18,2024-04-01,2024-05-04
U0704,2024-04-18,2024-04-01,2024-05-06
U0704,2024-04-18,2024-04-01,2024-05-07
U0704,2024-04-18,2024-04-01,2024-05-08
U0704,2024-04-18,2024-04-01,2024-05-09
U0704,2024-04-18,2024-04-01,2024-05-10
U0704,2024-04-18,2024-04-01,2024-05-14
U0704,2024-04-18,2024-04-01,2024-05-15
U0704,2024-04-18,2024-04-01,2024-05-17
U0704,2024-04-18,2024-04-01,2024-05-18
U0704,2024-04-18,2024-04-01,2024-05-19
U0704,2024-04-18,2024-04-01,2024-05-20
U0704,2024-04-18,2024-04-01,2024-05-21
U0704,2024-04-18,2024-04-01,2024-05-28
U0704,2024-04-18,2024-04-01,2024-05-29
U0704,2024-04-18,2024-04-01,2024-05-30
U0704,2024-04-18,2024-04-01,2024-05-31
U0704,2024-04-18,2024-04-01,2024-06-01
U0704,2024-04-18,2024-04-01,2024-06-02
U0704,2024-04-18,2024-04-01,2024-06-03
U0704,2024-04-18,2024-04-01,2024-06-04
U0704,2024-04-18,2024-04-01,2024-06-06
U0705,2024-01-05,2024-01-01,2024-01-05
U0705,2024-01-05,2024-01-01,2024-01-08
U0705,2024-01-05,2024-01-01,2024-01-11
U0705,2024-01-05,2024-01-01,2024-01-14
U0705,2024-01-05,2024-01-01,2024-01-17
U0705,2024-01-05,2024-01-01,2024-01-20
U0705,2024-01-05,2024-01-01,2024-02-04
U0705,2024-01-05,2024-01-01,2024-02-07
U0705,2024-01-05,2024-01-01,2024-02-13
U0705,2024-01-05,2024-01-01,2024-02-16
U0706,2024-04-28,2024-04-01,2024-04-28
U0706,2024-04-28,2024-04-01,2024-04-29
U0706,2024-04-28,2024-04-01,2024-04-30
U0706,2024-04-28,2024-04-01,2024-05-01
U0706,2024-04-28,2024-04-01,2024-05-03
U0706,2024-04-28,2024-04-01,2024-05-04
U0706,2024-04-28,2024-04-01,2024-05-05
U0706,2024-04-28,2024-04-01,2024-05-06
U0706,2024-04-28,2024-04-01,2024-05-08
U0706,2024-04-28,2024-04-01,2024-05-09
U0706,2024-04-28,2024-04-01,2024-05-10
U0706,2024-04-28,2024-04-01,2024-05-11
U0706,2024-04-28,2024-04-01,2024-05-13
U0706,2024-04-28,2024-04-01,2024-05-14
U0706,2024-04-28,2024-04-01,2024-05-15
U0707,2024-02-02,2024-02-01,2024-02-02
U0707,2024-02-02,2024-02-01,2024-02-03
U0707,2024-02-02,2024-02-01,2024-02-04
U0707,2024-02-02,2024-02-01,2024-02-05
U0707,2024-02-02,2024-02-01,2024-02-06
U0707,2024-02-02,2024-02-01,2024-02-07
U0707,2024-02-02,2024-02-01,2024-02-08
U0707,2024-02-02,2024-02-01,2024-02-09
U0707,2024-02-02,2024-02-01,2024-02-10
U0707,2024-02-02,2024-02-01,2024-02-12
U0707,2024-02-02,2024-02-01,2024-02-13
U0707,2024-02-02,2024-02-01,2024-02-14
U0707,2024-02-02,2024-02-01,2024-02-15
U0707,2024-02-02,2024-02-01,2024-02-16
U0707,2024-02-02,2024-02-01,2024-02-18
U0707,2024-02-02,2024-02-01,2024-02-19
U0707,2024-02-02,2024-02-01,2024-02-20
U0707,2024-02-02,2024-02-01,2024-02-21
U0707,2024-02-02,2024-02-01,2024-02-22
U0707,2024-02-02,2024-02-01,2024-02-23
U0707,2024-02-02,2024-02-01,2024-02-24
U0707,2024-02-02,2024-02-01,2024-02-25
U0707,2024-02-02,2024-02-01,2024-02-26
U0707,2024-02-02,2024-02-01,2024-02-27
U0707,2024-02-02,2024-02-01,2024-02-28
U0707,2024-02-02,2024-02-01,2024-02-29
U0707,2024-02-02,2024-02-01,2024-03-02
U0707,2024-02-02,2024-02-01,2024-03-03
U0707,2024-02-02,2024-02-01,2024-03-05
U0707,2024-02-02,2024-02-01,2024-03-08
U0707,2024-02-02,2024-02-01,2024-03-10
U0707,2024-02-02,2024-02-01,2024-03-11
U0707,2024-02-02,2024-02-01,2024-03-15
U0707,2024-02-02,2024-02-01,2024-03-18
U0707,2024-02-02,2024-02-01,2024-03-20
U0707,2024-02-02,2024-02-01,2024-03-21
U0707,2024-02-02,2024-02-01,2024-03-22
U0707,2024-02-02,2024-02-01,2024-03-23
U0707,2024-02-02,2024-02-01,2024-03-25
U0708,2024-04-27,2024-04-01,2024-04-27
U0708,2024-04-27,2024-04-01,2024-05-01
U0708,2024-04-27,2024-04-01,2024-05-05
U0708,2024-04-27,2024-04-01,2024-05-09
U0708,2024-04-27,2024-04-01,2024-05-13
U0708,2024-04-27,2024-04-01,2024-05-21
U0708,2024-04-27,2024-04-01,2024-05-25
U0709,2024-03-05,2024-03-01,2024-03-05
U0709,2024-03-05,2024-03-01,2024-03-09
U0709,2024-03-05,2024-03-01,2024-03-13
U0709,2024-03-05,2024-03-01,2024-03-17
U0709,2024-03-05,2024-03-01,2024-03-21
U0709,2024-03-05,2024-03-01,2024-03-25
U0709,2024-03-05,2024-03-01,2024-04-02
U0709,2024-03-05,2024-03-01,2024-04-06
U0709,2024-03-05,2024-03-01,2024-04-10
U0709,2024-03-05,2024-03-01,2024-04-18
U0709,2024-03-05,2024-03-01,2024-04-22
U0710,2024-05-25,2024-05-01,2024-05-25
U0710,2024-05-25,2024-05-01,2024-05-28
U0710,2024-05-25,2024-05-01,2024-06-06
U0710,2024-05-25,2024-05-01,2024-06-09
U0710,2024-05-25,2024-05-01,2024-06-12
U0710,2024-05-25,2024-05-01,2024-06-15
U0710,2024-05-25,2024-05-01,2024-06-21
U0710,2024-05-25,2024-05-01,2024-07-06
U0710,2024-05-25,2024-05-01,2024-07-09
U0710,2024-05-25,2024-05-01,2024-07-18
U0710,2024-05-25,2024-05-01,2024-07-24
U0710,2024-05-25,2024-05-01,2024-07-27
U0710,2024-05-25,2024-05-01,2024-07-30
U0710,2024-05-25,2024-05-01,2024-08-08
U0711,2024-06-25,2024-06-01,2024-06-25
U0711,2024-06-25,2024-06-01,2024-06-29
U0711,2024-06-25,2024-06-01,2024-07-03
U0712,2024-01-11,2024-01-01,2024-01-11
U0712,2024-01-11,2024-01-01,2024-01-12
U0712,2024-01-11,2024-01-01,2024-01-13
U0712,2024-01-11,2024-01-01,2024-01-14
U0712,2024-01-11,2024-01-01,2024-01-15
U0712,2024-01-11,2024-01-01,2024-01-16
U0712,2024-01-11,2024-01-01,2024-01-17
U0712,2024-01-11,2024-01-01,2024-01-18
U0712,2024-01-11,2024-01-01,2024-01-19
U0712,2024-01-11,2024-01-01,2024-01-21
U0712,2024-01-11,2024-01-01,2024-01-22
U0712,2024-01-11,2024-01-01,2024-01-23
U0712,2024-01-11,2024-01-01,2024-01-25
U0712,2024-01-11,2024-01-01,2024-01-28
U0712,2024-01-11,2024-01-01,2024-01-29
U0712,2024-01-11,2024-01-01,2024-01-30
U0712,2024-01-11,2024-01-01,2024-01-31
U0712,2024-01-11,2024-01-01,2024-02-01
U0712,2024-01-11,2024-01-01,2024-02-02
U0712,2024-01-11,2024-01-01,2024-02-03
U0712,2024-01-11,2024-01-01,2024-02-04
U0712,2024-01-11,2024-01-01,2024-02-05
U0712,2024-01-11,2024-01-01,2024-02-06
U0712,2024-01-11,2024-01-01,2024-02-07
U0712,2024-01-11,2024-01-01,2024-02-10
U0712,2024-01-11,2024-01-01,2024-02-12
U0712,2024-01-11,2024-01-01,2024-02-13
U0712,2024-01-11,2024-01-01,2024-02-14
U0712,2024-01-11,2024-01-01,2024-02-16
U0712,2024-01-11,2024-01-01,2024-02-17
U0712,2024-01-11,2024-01-01,2024-02-19
U0712,2024-01-11,2024-01-01,2024-02-20
U0712,2024-01-11,2024-01-01,2024-02-22
U0712,2024-01-11,2024-01-01,2024-03-04
U0712,2024-01-11,2024-01-01,2024-03-06
U0712,2024-01-11,2024-01-01,2024-03-07
U0712,2024-01-11,2024-01-01,2024-03-08
U0712,2024-01-11,2024-01-01,2024-03-10
U0712,2024-01-11,2024-01-01,2024-03-13
U0713,2024-03-25,2024-03-01,2024-03-25
U0713,2024-03-25,2024-03-01,2024-03-27
U0713,2024-03-25,2024-03-01,2024-03-29
U0713,2024-03-25,2024-03-01,2024-03-31
U0713,2024-03-25,2024-03-01,2024-04-02
U0713,2024-03-25,2024-03-01,2024-04-04
U0713,2024-03-25,2024-03-01,2024-04-06
U0713,2024-03-25,2024-03-01,2024-04-08
U0713,2024-03-25,2024-03-01,2024-04-10
U0713,2024-03-25,2024-03-01,2024-04-12
U0713,2024-03-25,2024-03-01,2024-04-18
U0713,2024-03-25,2024-03-01,2024-04-20
U0713,2024-03-25,2024-03-01,2024-04-22
U0713,2024-03-25,2024-03-01,2024-04-24
U0713,2024-03-25,2024-03-01,2024-04-26
U0713,2024-03-25,2024-03-01,2024-04-28
U0713,2024-03-25,2024-03-01,2024-05-06
U0713,2024-03-25,2024-03-01,2024-05-10
U0713,2024-03-25,2024-03-01,2024-05-14
U0713,2024-03-25,2024-03-01,2024-05-20
U0713,2024-03-25,2024-03-01,2024-06-13
U0714,2024-01-26,2024-01-01,2024-01-26
U0714,2024-01-26,2024-01-01,2024-01-28
U0714,2024-01-26,2024-01-01,2024-01-30
U0714,2024-01-26,2024-01-01,2024-02-01
U0714,2024-01-26,2024-01-01,2024-02-05
U0714,2024-01-26,2024-01-01,2024-02-07
U0714,2024-01-26,2024-01-01,2024-02-11
U0714,2024-01-26,2024-01-01,2024-02-15
U0714,2024-01-26,2024-01-01,2024-02-17
U0714,2024-01-26,2024-01-01,2024-02-19
U0714,2024-01-26,2024-01-01,2024-02-21
U0714,2024-01-26,2024-01-01,2024-02-29
U0714,2024-01-26,2024-01-01,2024-03-02
U0714,2024-01-26,2024-01-01,2024-03-04
U0715,2024-03-03,2024-03-01,2024-03-03
U0715,2024-03-03,2024-03-01,2024-03-05
U0715,2024-03-03,2024-03-01,2024-03-07
U0715,2024-03-03,2024-03-01,2024-03-09
U0715,2024-03-03,2024-03-01,2024-03-11
U0715,2024-03-03,2024-03-01,2024-03-13
U0715,2024-03-03,2024-03-01,2024-03-15
U0715,2024-03-03,2024-03-01,2024-03-17
U0715,2024-03-03,2024-03-01,2024-03-19
U0715,2024-03-03,2024-03-01,2024-03-21
U0715,2024-03-03,2024-03-01,2024-03-25
U0715,2024-03-03,2024-03-01,2024-03-27
U0715,2024-03-03,2024-03-01,2024-03-31
U0715,2024-03-03,2024-03-01,2024-04-02
U0715,2024-03-03,2024-03-01,2024-04-04
U0715,2024-03-03,2024-03-01,2024-04-08
U0715,2024-03-03,2024-03-01,2024-04-10
U0715,2024-03-03,2024-03-01,2024-04-12
U0715,2024-03-03,2024-03-01,2024-04-16
U0715,2024-03-03,2024-03-01,2024-04-18
U0715,2024-03-03,2024-03-01,2024-04-28
U0715,2024-03-03,2024-03-01,2024-04-30
U0716,2024-03-26,2024-03-01,2024-03-26
U0716,2024-03-26,2024-03-01,2024-03-28
U0716,2024-03-26,2024-03-01,2024-03-30
U0716,2024-03-26,2024-03-01,2024-04-01
U0716,2024-03-26,2024-03-01,2024-04-03
U0716,2024-03-26,2024-03-01,2024-04-05
U0716,2024-03-26,2024-03-01,2024-04-09
U0716,2024-03-26,2024-03-01,2024-04-11
U0716,2024-03-26,2024-03-01,2024-04-13
U0716,2024-03-26,2024-03-01,2024-04-17
U0716,2024-03-26,2024-03-01,2024-04-23
U0716,2024-03-26,2024-03-01,2024-04-25
U0716,2024-03-26,2024-03-01,2024-04-27
U0716,2024-03-26,2024-03-01,2024-04-29
U0716,2024-03-26,2024-03-01,2024-05-03
U0717,2024-02-28,2024-02-01,2024-02-28
U0717,2024-02-28,2024-02-01,2024-02-29
U0717,2024-02-28,2024-02-01,2024-03-01
U0717,2024-02-28,2024-02-01,2024-03-02
U0717,2024-02-28,2024-02-01,2024-03-03
U0717,2024-02-28,2024-02-01,2024-03-04
U0717,2024-02-28,2024-02-01,2024-03-05
U0717,2024-02-28,2024-02-01,2024-03-08
U0717,2024-02-28,2024-02-01,2024-03-09
U0717,2024-02-28,2024-02-01,2024-03-11
U0717,2024-02-28,2024-02-01,2024-03-12
U0717,2024-02-28,2024-02-01,2024-03-13
U0717,2024-02-28,2024-02-01,2024-03-14
U0717,2024-02-28,2024-02-01,2024-03-16
U0717,2024-02-28,2024-02-01,2024-03-17
U0717,2024-02-28,2024-02-01,2024-03-18
U0717,2024-02-28,2024-02-01,2024-03-19
U0717,2024-02-28,2024-02-01,2024-03-20
U0717,2024-02-28,2024-02-01,2024-03-21
U0717,2024-02-28,2024-02-01,2024-03-23
U0717,2024-02-28,2024-02-01,2024-03-24
U0717,2024-02-28,2024-02-01,2024-03-25
U0717,2024-02-28,2024-02-01,2024-03-26
U0717,2024-02-28,2024-02-01,2024-03-27
U0717,2024-02-28,2024-02-01,2024-03-28
U0717,2024-02-28,2024-02-01,2024-03-30
U0717,2024-02-28,2024-02-01,2024-04-01
U0717,2024-02-28,2024-02-01,2024-04-03
U0717,2024-02-28,2024-02-01,2024-04-05
U0717,2024-02-28,2024-02-01,2024-04-06
U0717,2024-02-28,2024-02-01,2024-04-07
U0717,2024-02-28,2024-02-01,2024-04-10
U0717,2024-02-28,2024-02-01,2024-04-11
U0717,2024-02-28,2024-02-01,2024-04-16
U0717,2024-02-28,2024-02-01,2024-04-17
U0717,2024-02-28,2024-02-01,2024-04-18
U0717,2024-02-28,2024-02-01,2024-04-20
U0717,2024-02-28,2024-02-01,2024-04-21
U0717,2024-02-28,2024-02-01,2024-04-22
U0717,2024-02-28,2024-02-01,2024-04-24
U0717,2024-02-28,2024-02-01,2024-04-25
U0717,2024-02-28,2024-02-01,2024-04-27
U0717,2024-02-28,2024-02-01,2024-04-28
U0717,2024-02-28,2024-02-01,2024-05-02
U0717,2024-02-28,2024-02-01,2024-05-15
U0717,2024-02-28,2024-02-01,2024-05-16
U0718,2024-01-27,2024-01-01,2024-01-27
U0718,2024-01-27,2024-01-01,2024-01-30
U0718,2024-01-27,2024-01-01,2024-02-02
U0718,2024-01-27,2024-01-01,2024-02-05
U0718,2024-01-27,2024-01-01,2024-02-08
U0718,2024-01-27,2024-01-01,2024-02-11
U0718,2024-01-27,2024-01-01,2024-02-14
U0718,2024-01-27,2024-01-01,2024-02-17
U0718,2024-01-27,2024-01-01,2024-02-20
U0718,2024-01-27,2024-01-01,2024-02-23
U0718,2024-01-27,2024-01-01,2024-03-09
U0718,2024-01-27,2024-01-01,2024-03-12
U0718,2024-01-27,2024-01-01,2024-03-27
U0718,2024-01-27,2024-01-01,2024-03-30
U0719,2024-06-25,2024-06-01,2024-06-25
U0719,2024-06-25,2024-06-01,2024-06-27
U0719,2024-06-25,2024-06-01,2024-06-29
U0719,2024-06-25,2024-06-01,2024-07-01
U0719,2024-06-25,2024-06-01,2024-07-03
U0719,2024-06-25,2024-06-01,2024-07-05
U0719,2024-06-25,2024-06-01,2024-07-07
U0719,2024-06-25,2024-06-01,2024-07-09
U0719,2024-06-25,2024-06-01,2024-07-11
U0719,2024-06-25,2024-06-01,2024-07-13
U0719,2024-06-25,2024-06-01,2024-07-15
U0719,2024-06-25,2024-06-01,2024-07-17
U0719,2024-06-25,2024-06-01,2024-07-19
U0719,2024-06-25,2024-06-01,2024-07-23
U0719,2024-06-25,2024-06-01,2024-07-25
U0719,2024-06-25,2024-06-01,2024-07-27
U0719,2024-06-25,2024-06-01,2024-07-31
U0719,2024-06-25,2024-06-01,2024-08-02
U0719,2024-06-25,2024-06-01,2024-08-08
U0720,2024-06-09,2024-06-01,2024-06-09
U0720,2024-06-09,2024-06-01,2024-06-11
U0720,2024-06-09,2024-06-01,2024-06-13
U0720,2024-06-09,2024-06-01,2024-06-15
U0720,2024-06-09,2024-06-01,2024-06-17
U0720,2024-06-09,2024-06-01,2024-06-19
U0720,2024-06-09,2024-06-01,2024-06-21
U0720,2024-06-09,2024-06-01,2024-06-23
U0720,2024-06-09,2024-06-01,2024-06-25
U0720,2024-06-09,2024-06-01,2024-06-27
U0720,2024-06-09,2024-06-01,2024-06-29
U0720,2024-06-09,2024-06-01,2024-07-01
U0720,2024-06-09,2024-06-01,2024-07-05
U0720,2024-06-09,2024-06-01,2024-07-09
U0720,2024-06-09,2024-06-01,2024-07-13
U0720,2024-06-09,2024-06-01,2024-07-21
U0720,2024-06-09,2024-06-01,2024-07-23
U0720,2024-06-09,2024-06-01,2024-07-25
U0720,2024-06-09,2024-06-01,2024-07-31
U0720,2024-06-09,2024-06-01,2024-08-02
U0720,2024-06-09,2024-06-01,2024-08-08
U0720,2024-06-09,2024-06-01,2024-08-10
U0720,2024-06-09,2024-06-01,2024-08-12
U0720,2024-06-09,2024-06-01,2024-08-26
U0721,2024-04-07,2024-04-01,2024-04-07
U0721,2024-04-07,2024-04-01,2024-04-08
U0721,2024-04-07,2024-04-01,2024-04-09
U0721,2024-04-07,2024-04-01,2024-04-10
U0721,2024-04-07,2024-04-01,2024-04-11
U0721,2024-04-07,2024-04-01,2024-04-12
U0721,2024-04-07,2024-04-01,2024-04-13
U0721,2024-04-07,2024-04-01,2024-04-14
U0721,2024-04-07,2024-04-01,2024-04-15
U0721,2024-04-07,2024-04-01,2024-04-16
U0721,2024-04-07,2024-04-01,2024-04-17
U0721,2024-04-07,2024-04-01,2024-04-18
U0721,2024-04-07,2024-04-01,2024-04-19
U0721,2024-04-07,2024-04-01,2024-04-20
U0721,2024-04-07,2024-04-01,2024-04-22
U0721,2024-04-07,2024-04-01,2024-04-24
U0721,2024-04-07,2024-04-01,2024-04-25
U0721,2024-04-07,2024-04-01,2024-04-26
U0721,2024-04-07,2024-04-01,2024-04-27
U0721,2024-04-07,2024-04-01,2024-04-28
U0721,2024-04-07,2024-04-01,2024-04-29
U0721,2024-04-07,2024-04-01,2024-05-01
U0721,2024-04-07,2024-04-01,2024-05-03
U0721,2024-04-07,2024-04-01,2024-05-04
U0721,2024-04-07,2024-04-01,2024-05-05
U0721,2024-04-07,2024-04-01,2024-05-06
U0721,2024-04-07,2024-04-01,2024-05-08
U0721,2024-04-07,2024-04-01,2024-05-09
U0721,2024-04-07,2024-04-01,2024-05-10
U0721,2024-04-07,2024-04-01,2024-05-11
U0721,2024-04-07,2024-04-01,2024-05-15
U0721,2024-04-07,2024-04-01,2024-05-18
U0721,2024-04-07,2024-04-01,2024-05-19
U0721,2024-04-07,2024-04-01,2024-05-23
U0721,2024-04-07,2024-04-01,2024-05-24
U0721,2024-04-07,2024-04-01,2024-05-29
U0721,2024-04-07,2024-04-01,2024-06-02
U0721,2024-04-07,2024-04-01,2024-06-10
U0721,2024-04-07,2024-04-01,2024-06-11
U0721,2024-04-07,2024-04-01,2024-06-12
U0722,2024-04-14,2024-04-01,2024-04-14
U0722,2024-04-14,2024-04-01,2024-04-17
U0722,2024-04-14,2024-04-01,2024-04-20
U0722,2024-04-14,2024-04-01,2024-04-23
U0722,2024-04-14,2024-04-01,2024-04-26
U0722,2024-04-14,2024-04-01,2024-04-29
U0722,2024-04-14,2024-04-01,2024-05-02
U0722,2024-04-14,2024-04-01,2024-05-05
U0722,2024-04-14,2024-04-01,2024-05-08
U0722,2024-04-14,2024-04-01,2024-05-11
U0722,2024-04-14,2024-04-01,2024-06-04
U0722,2024-04-14,2024-04-01,2024-06-10
U0722,2024-04-14,2024-04-01,2024-06-19
U0722,2024-04-14,2024-04-01,2024-06-25
U0723,2024-04-08,2024-04-01,2024-04-08
U0723,2024-04-08,2024-04-01,2024-04-12
U0723,2024-04-08,2024-04-01,2024-04-16
U0723,2024-04-08,2024-04-01,2024-04-20
U0723,2024-04-08,2024-04-01,2024-04-24
U0723,2024-04-08,2024-04-01,2024-05-06
U0723,2024-04-08,2024-04-01,2024-05-26
U0723,2024-04-08,2024-04-01,2024-06-03
U0723,2024-04-08,2024-04-01,2024-06-15
U0724,2024-05-08,2024-05-01,2024-05-08
U0724,2024-05-08,2024-05-01,2024-05-12
U0724,2024-05-08,2024-05-01,2024-05-16
U0724,2024-05-08,2024-05-01,2024-06-05
U0724,2024-05-08,2024-05-01,2024-06-17
U0725,2024-05-28,2024-05-01,2024-05-28
U0725,2024-05-28,2024-05-01,2024-05-30
U0725,2024-05-28,2024-05-01,2024-06-01
U0725,2024-05-28,2024-05-01,2024-06-03
U0725,2024-05-28,2024-05-01,2024-06-05
U0725,2024-05-28,2024-05-01,2024-06-07
U0725,2024-05-28,2024-05-01,2024-06-09
U0725,2024-05-28,2024-05-01,2024-06-11
U0725,2024-05-28,2024-05-01,2024-06-13
U0725,2024-05-28,2024-05-01,2024-06-17
U0725,2024-05-28,2024-05-01,2024-06-19
U0725,2024-05-28,2024-05-01,2024-06-21
U0725,2024-05-28,2024-05-01,2024-06-23
U0725,2024-05-28,2024-05-01,2024-06-29
U0725,2024-05-28,2024-05-01,2024-07-01
U0725,2024-05-28,2024-05-01,2024-07-05
U0726,2024-02-24,2024-02-01,2024-02-24
U0726,2024-02-24,2024-02-01,2024-03-03
U0726,2024-02-24,2024-02-01,2024-03-05
U0726,2024-02-24,2024-02-01,2024-03-07
U0726,2024-02-24,2024-02-01,2024-03-09
U0726,2024-02-24,2024-02-01,2024-03-11
U0726,2024-02-24,2024-02-01,2024-03-13
U0726,2024-02-24,2024-02-01,2024-03-15
U0726,2024-02-24,2024-02-01,2024-03-17
U0726,2024-02-24,2024-02-01,2024-03-19
U0726,2024-02-24,2024-02-01,2024-03-21
U0726,2024-02-24,2024-02-01,2024-03-27
U0726,2024-02-24,2024-02-01,2024-03-31
U0726,2024-02-24,2024-02-01,2024-04-08
U0726,2024-02-24,2024-02-01,2024-04-18
U0726,2024-02-24,2024-02-01,2024-04-30
U0726,2024-02-24,2024-02-01,2024-05-02
U0726,2024-02-24,2024-02-01,2024-05-04
U0726,2024-02-24,2024-02-01,2024-05-06
U0727,2024-01-06,2024-01-01,2024-01-06
U0727,2024-01-06,2024-01-01,2024-01-07
U0727,2024-01-06,2024-01-01,2024-01-08
U0727,2024-01-06,2024-01-01,2024-01-09
U0727,2024-01-06,2024-01-01,2024-01-10
U0727,2024-01-06,2024-01-01,2024-01-11
U0727,2024-01-06,2024-01-01,2024-01-12
U0727,2024-01-06,2024-01-01,2024-01-13
U0727,2024-01-06,2024-01-01,2024-01-14
U0727,2024-01-06,2024-01-01,2024-01-16
U0727,2024-01-06,2024-01-01,2024-01-17
U0727,2024-01-06,2024-01-01,2024-01-18
U0728,2024-04-04,2024-04-01,2024-04-04
U0728,2024-04-04,2024-04-01,2024-04-08
U0728,2024-04-04,2024-04-01,2024-04-12
U0728,2024-04-04,2024-04-01,2024-04-16
U0728,2024-04-04,2024-04-01,2024-04-20
U0728,2024-04-04,2024-04-01,2024-04-24
U0728,2024-04-04,2024-04-01,2024-05-02
U0728,2024-04-04,2024-04-01,2024-05-10
U0728,2024-04-04,2024-04-01,2024-05-22
U0728,2024-04-04,2024-04-01,2024-05-26
U0728,2024-04-04,2024-04-01,2024-06-03
U0729,2024-05-12,2024-05-01,2024-05-12
U0729,2024-05-12,2024-05-01,2024-05-14
U0729,2024-05-12,2024-05-01,2024-05-16
U0729,2024-05-12,2024-05-01,2024-05-18
U0729,2024-05-12,2024-05-01,2024-05-20
U0729,2024-05-12,2024-05-01,2024-05-22
U0729,2024-05-12,2024-05-01,2024-05-24
U0729,2024-05-12,2024-05-01,2024-05-26
U0730,2024-04-11,2024-04-01,2024-04-11
U0730,2024-04-11,2024-04-01,2024-04-15
U0730,2024-04-11,2024-04-01,2024-04-19
U0730,2024-04-11,2024-04-01,2024-04-27
U0730,2024-04-11,2024-04-01,2024-05-01
U0730,2024-04-11,2024-04-01,2024-05-05
U0730,2024-04-11,2024-04-01,2024-05-21
U0730,2024-04-11,2024-04-01,2024-05-25
U0731,2024-01-03,2024-01-01,2024-01-03
U0731,2024-01-03,2024-01-01,2024-01-04
U0731,2024-01-03,2024-01-01,2024-01-05
U0731,2024-01-03,2024-01-01,2024-01-06
U0731,2024-01-03,2024-01-01,2024-01-07
U0731,2024-01-03,2024-01-01,2024-01-08
U0731,2024-01-03,2024-01-01,2024-01-09
U0731,2024-01-03,2024-01-01,2024-01-10
U0731,2024-01-03,2024-01-01,2024-01-11
U0731,2024-01-03,2024-01-01,2024-01-12
U0731,2024-01-03,2024-01-01,2024-01-13
U0731,2024-01-03,2024-01-01,2024-01-14
U0731,2024-01-03,2024-01-01,2024-01-15
U0731,2024-01-03,2024-01-01,2024-01-16
U0731,2024-01-03,2024-01-01,2024-01-17
U0731,2024-01-03,2024-01-01,2024-01-18
U0731,2024-01-03,2024-01-01,2024-01-19
U0731,2024-01-03,2024-01-01,2024-01-20
U0731,2024-01-03,2024-01-01,2024-01-21
U0731,2024-01-03,2024-01-01,2024-01-22
U0731,2024-01-03,2024-01-01,2024-01-24
U0731,2024-01-03,2024-01-01,2024-01-25
U0731,2024-01-03,2024-01-01,2024-01-26
U0731,2024-01-03,2024-01-01,2024-01-27
U0731,2024-01-03,2024-01-01,2024-01-29
U0731,2024-01-03,2024-01-01,2024-01-30
U0731,2024-01-03,2024-01-01,2024-01-31
U0731,2024-01-03,2024-01-01,2024-02-04
U0731,2024-01-03,2024-01-01,2024-02-06
U0731,2024-01-03,2024-01-01,2024-02-07
U0732,2024-06-29,2024-06-01,2024-06-29
U0732,2024-06-29,2024-06-01,2024-06-30
U0732,2024-06-29,2024-06-01,2024-07-01
U0732,2024-06-29,2024-06-01,2024-07-02
U0732,2024-06-29,2024-06-01,2024-07-03
U0732,2024-06-29,2024-06-01,2024-07-04
U0732,2024-06-29,2024-06-01,2024-07-05
U0732,2024-06-29,2024-06-01,2024-07-06
U0732,2024-06-29,2024-06-01,2024-07-07
U0732,2024-06-29,2024-06-01,2024-07-08
U0732,2024-06-29,2024-06-01,2024-07-09
U0732,2024-06-29,2024-06-01,2024-07-11
U0732,2024-06-29,2024-06-01,2024-07-12
U0732,2024-06-29,2024-06-01,2024-07-14
U0732,2024-06-29,2024-06-01,2024-07-15
U0732,2024-06-29,2024-06-01,2024-07-16
U0732,2024-06-29,2024-06-01,2024-07-17
U0732,2024-06-29,2024-06-01,2024-07-20
U0732,2024-06-29,2024-06-01,2024-07-22
U0732,2024-06-29,2024-06-01,2024-07-23
U0732,2024-06-29,2024-06-01,2024-07-25
U0732,2024-06-29,2024-06-01,2024-07-26
U0732,2024-06-29,2024-06-01,2024-07-27
U0732,2024-06-29,2024-06-01,2024-07-29
U0732,2024-06-29,2024-06-01,2024-07-31
U0732,2024-06-29,2024-06-01,2024-08-01
U0732,2024-06-29,2024-06-01,2024-08-03
U0732,2024-06-29,2024-06-01,2024-08-04
U0732,2024-06-29,2024-06-01,2024-08-05
U0732,2024-06-29,2024-06-01,2024-08-07
U0732,2024-06-29,2024-06-01,2024-08-10
U0732,2024-06-29,2024-06-01,2024-08-11
U0732,2024-06-29,2024-06-01,2024-08-14
U0732,2024-06-29,2024-06-01,2024-08-17
U0732,2024-06-29,2024-06-01,2024-08-19
U0732,2024-06-29,2024-06-01,2024-08-24
U0732,2024-06-29,2024-06-01,2024-08-27
U0732,2024-06-29,2024-06-01,2024-08-29
U0732,2024-06-29,2024-06-01,2024-09-02
U0732,2024-06-29,2024-06-01,2024-09-03
U0732,2024-06-29,2024-06-01,2024-09-04
U0732,2024-06-29,2024-06-01,2024-09-12
U0732,2024-06-29,2024-06-01,2024-09-15
U0732,2024-06-29,2024-06-01,2024-09-18
U0732,2024-06-29,2024-06-01,2024-09-22
U0733,2024-01-23,2024-01-01,2024-01-23
U0733,2024-01-23,2024-01-01,2024-01-25
U0733,2024-01-23,2024-01-01,2024-01-27
U0733,2024-01-23,2024-01-01,2024-01-29
U0733,2024-01-23,2024-01-01,2024-01-31
U0733,2024-01-23,2024-01-01,2024-02-06
U0733,2024-01-23,2024-01-01,2024-02-08
U0734,2024-02-22,2024-02-01,2024-02-22
U0734,2024-02-22,2024-02-01,2024-02-25
U0734,2024-02-22,2024-02-01,2024-02-28
U0734,2024-02-22,2024-02-01,2024-03-05
U0734,2024-02-22,2024-02-01,2024-03-08
U0734,2024-02-22,2024-02-01,2024-03-11
U0734,2024-02-22,2024-02-01,2024-03-14
U0734,2024-02-22,2024-02-01,2024-03-17
U0734,2024-02-22,2024-02-01,2024-03-20
U0734,2024-02-22,2024-02-01,2024-03-26
U0734,2024-02-22,2024-02-01,2024-03-29
U0734,2024-02-22,2024-02-01,2024-04-07
U0734,2024-02-22,2024-02-01,2024-04-16
U0734,2024-02-22,2024-02-01,2024-04-22
U0734,2024-02-22,2024-02-01,2024-04-25
U0734,2024-02-22,2024-02-01,2024-05-01
U0735,2024-06-13,2024-06-01,2024-06-13
U0735,2024-06-13,2024-06-01,2024-06-15
U0735,2024-06-13,2024-06-01,2024-06-17
U0735,2024-06-13,2024-06-01,2024-06-19
U0735,2024-06-13,2024-06-01,2024-06-21
U0735,2024-06-13,2024-06-01,2024-06-23
U0735,2024-06-13,2024-06-01,2024-06-25
U0735,2024-06-13,2024-06-01,2024-06-27
U0735,2024-06-13,2024-06-01,2024-07-01
U0735,2024-06-13,2024-06-01,2024-07-03
U0735,2024-06-13,2024-06-01,2024-07-07
U0735,2024-06-13,2024-06-01,2024-07-09
U0735,2024-06-13,2024-06-01,2024-07-11
U0735,2024-06-13,2024-06-01,2024-07-13
U0735,2024-06-13,2024-06-01,2024-07-15
U0736,2024-03-23,2024-03-01,2024-03-23
U0736,2024-03-23,2024-03-01,2024-03-25
U0736,2024-03-23,2024-03-01,2024-03-27
U0736,2024-03-23,2024-03-01,2024-03-29
U0736,2024-03-23,2024-03-01,2024-03-31
U0736,2024-03-23,2024-03-01,2024-04-02
U0736,2024-03-23,2024-03-01,2024-04-04
U0737,2024-05-24,2024-05-01,2024-05-24
U0737,2024-05-24,2024-05-01,2024-05-26
U0737,2024-05-24,2024-05-01,2024-05-28
U0737,2024-05-24,2024-05-01,2024-05-30
U0737,2024-05-24,2024-05-01,2024-06-05
U0737,2024-05-24,2024-05-01,2024-06-09
U0737,2024-05-24,2024-05-01,2024-06-11
U0737,2024-05-24,2024-05-01,2024-06-13
U0737,2024-05-24,2024-05-01,2024-06-15
U0738,2024-03-25,2024-03-01,2024-03-25
U0738,2024-03-25,2024-03-01,2024-03-27
U0738,2024-03-25,2024-03-01,2024-03-29
U0738,2024-03-25,2024-03-01,2024-04-02
U0738,2024-03-25,2024-03-01,2024-04-04
U0738,2024-03-25,2024-03-01,2024-04-10
U0738,2024-03-25,2024-03-01,2024-04-12
U0738,2024-03-25,2024-03-01,2024-04-18
U0738,2024-03-25,2024-03-01,2024-04-20
U0739,2024-03-18,2024-03-01,2024-03-18
U0739,2024-03-18,2024-03-01,2024-03-19
U0739,2024-03-18,2024-03-01,2024-03-20
U0739,2024-03-18,2024-03-01,2024-03-21
U0739,2024-03-18,2024-03-01,2024-03-22
U0739,2024-03-18,2024-03-01,2024-03-23
U0739,2024-03-18,2024-03-01,2024-03-24
U0739,2024-03-18,2024-03-01,2024-03-26
U0739,2024-03-18,2024-03-01,2024-03-27
U0739,2024-03-18,2024-03-01,2024-03-28
U0739,2024-03-18,2024-03-01,2024-03-29
U0739,2024-03-18,2024-03-01,2024-03-31
U0739,2024-03-18,2024-03-01,2024-04-01
U0739,2024-03-18,2024-03-01,2024-04-02
U0739,2024-03-18,2024-03-01,2024-04-03
U0739,2024-03-18,2024-03-01,2024-04-04
U0739,2024-03-18,2024-03-01,2024-04-05
U0739,2024-03-18,2024-03-01,2024-04-06
U0739,2024-03-18,2024-03-01,2024-04-09
U0739,2024-03-18,2024-03-01,2024-04-10
U0739,2024-03-18,2024-03-01,2024-04-12
U0739,2024-03-18,2024-03-01,2024-04-13
U0739,2024-03-18,2024-03-01,2024-04-14
U0739,2024-03-18,2024-03-01,2024-04-16
U0739,2024-03-18,2024-03-01,2024-04-17
U0739,2024-03-18,2024-03-01,2024-04-19
U0739,2024-03-18,2024-03-01,2024-04-21
U0739,2024-03-18,2024-03-01,2024-04-22
U0739,2024-03-18,2024-03-01,2024-04-23
U0739,2024-03-18,2024-03-01,2024-04-24
U0739,2024-03-18,2024-03-01,2024-04-25
U0739,2024-03-18,2024-03-01,2024-04-26
U0739,2024-03-18,2024-03-01,2024-04-27
U0739,2024-03-18,2024-03-01,2024-04-28
U0739,2024-03-18,2024-03-01,2024-05-04
U0739,2024-03-18,2024-03-01,2024-05-05
U0739,2024-03-18,2024-03-01,2024-05-06
U0739,2024-03-18,2024-03-01,2024-05-10
U0739,2024-03-18,2024-03-01,2024-05-12
U0739,2024-03-18,2024-03-01,2024-05-15
U0740,2024-04-19,2024-04-01,2024-04-19
U0740,2024-04-19,2024-04-01,2024-04-20
U0740,2024-04-19,2024-04-01,2024-04-21
U0740,2024-04-19,2024-04-01,2024-04-22
U0740,2024-04-19,2024-04-01,2024-04-23
U0740,2024-04-19,2024-04-01,2024-04-25
U0740,2024-04-19,2024-04-01,2024-04-26
U0740,2024-04-19,2024-04-01,2024-04-27
U0740,2024-04-19,2024-04-01,2024-04-30
U0740,2024-04-19,2024-04-01,2024-05-01
U0740,2024-04-19,2024-04-01,2024-05-02
U0740,2024-04-19,2024-04-01,2024-05-03
U0740,2024-04-19,2024-04-01,2024-05-04
U0740,2024-04-19,2024-04-01,2024-05-05
U0740,2024-04-19,2024-04-01,2024-05-06
U0740,2024-04-19,2024-04-01,2024-05-07
U0740,2024-04-19,2024-04-01,2024-05-08
U0740,2024-04-19,2024-04-01,2024-05-09
U0740,2024-04-19,2024-04-01,2024-05-10
U0740,2024-04-19,2024-04-01,2024-05-11
U0740,2024-04-19,2024-04-01,2024-05-12
U0740,2024-04-19,2024-04-01,2024-05-13
U0740,2024-04-19,2024-04-01,2024-05-19
U0740,2024-04-19,2024-04-01,2024-05-21
U0740,2024-04-19,2024-04-01,2024-05-22
U0740,2024-04-19,2024-04-01,2024-05-23
U0740,2024-04-19,2024-04-01,2024-05-28
U0740,2024-04-19,2024-04-01,2024-06-01
U0740,2024-04-19,2024-04-01,2024-06-02
U0740,2024-04-19,2024-04-01,2024-06-04
U0740,2024-04-19,2024-04-01,2024-06-08
U0740,2024-04-19,2024-04-01,2024-06-15
U0740,2024-04-19,2024-04-01,2024-06-17
U0740,2024-04-19,2024-04-01,2024-06-19
U0740,2024-04-19,2024-04-01,2024-06-21
U0740,2024-04-19,2024-04-01,2024-06-22
U0740,2024-04-19,2024-04-01,2024-06-25
U0740,2024-04-19,2024-04-01,2024-06-28
U0740,2024-04-19,2024-04-01,2024-07-04
U0740,2024-04-19,2024-04-01,2024-07-06
U0741,2024-01-01,2024-01-01,2024-01-01
U0741,2024-01-01,2024-01-01,2024-01-05
U0741,2024-01-01,2024-01-01,2024-01-09
U0741,2024-01-01,2024-01-01,2024-01-13
U0741,2024-01-01,2024-01-01,2024-01-17
U0741,2024-01-01,2024-01-01,2024-01-25
U0742,2024-02-20,2024-02-01,2024-02-20
U0742,2024-02-20,2024-02-01,2024-02-23
U0742,2024-02-20,2024-02-01,2024-02-26
U0742,2024-02-20,2024-02-01,2024-02-29
U0742,2024-02-20,2024-02-01,2024-03-03
U0742,2024-02-20,2024-02-01,2024-03-06
U0742,2024-02-20,2024-02-01,2024-03-12
U0742,2024-02-20,2024-02-01,2024-03-15
U0742,2024-02-20,2024-02-01,2024-03-18
U0742,2024-02-20,2024-02-01,2024-03-27
U0742,2024-02-20,2024-02-01,2024-04-02
U0742,2024-02-20,2024-02-01,2024-04-11
U0742,2024-02-20,2024-02-01,2024-04-26
U0743,2024-06-21,2024-06-01,2024-06-21
U0743,2024-06-21,2024-06-01,2024-06-25
U0743,2024-06-21,2024-06-01,2024-06-29
U0743,2024-06-21,2024-06-01,2024-07-03
U0743,2024-06-21,2024-06-01,2024-07-07
U0743,2024-06-21,2024-06-01,2024-07-11
U0743,2024-06-21,2024-06-01,2024-07-19
U0743,2024-06-21,2024-06-01,2024-08-16
U0744,2024-01-04,2024-01-01,2024-01-04
U0744,2024-01-04,2024-01-01,2024-01-06
U0744,2024-01-04,2024-01-01,2024-01-08
U0744,2024-01-04,2024-01-01,2024-01-10
U0744,2024-01-04,2024-01-01,2024-01-12
U0744,2024-01-04,2024-01-01,2024-01-14
U0744,2024-01-04,2024-01-01,2024-01-18
U0744,2024-01-04,2024-01-01,2024-01-22
U0744,2024-01-04,2024-01-01,2024-01-24
U0744,2024-01-04,2024-01-01,2024-01-26
U0744,2024-01-04,2024-01-01,2024-01-28
U0744,2024-01-04,2024-01-01,2024-01-30
U0744,2024-01-04,2024-01-01,2024-02-01
U0744,2024-01-04,2024-01-01,2024-02-03
U0744,2024-01-04,2024-01-01,2024-02-07
U0744,2024-01-04,2024-01-01,2024-02-09
U0744,2024-01-04,2024-01-01,2024-02-13
U0744,2024-01-04,2024-01-01,2024-02-15
U0744,2024-01-04,2024-01-01,2024-02-17
U0744,2024-01-04,2024-01-01,2024-02-19
U0744,2024-01-04,2024-01-01,2024-02-21
U0744,2024-01-04,2024-01-01,2024-02-23
U0744,2024-01-04,2024-01-01,2024-02-25
U0744,2024-01-04,2024-01-01,2024-02-29
U0745,2024-04-22,2024-04-01,2024-04-22
U0745,2024-04-22,2024-04-01,2024-04-23
U0745,2024-04-22,2024-04-01,2024-04-24
U0745,2024-04-22,2024-04-01,2024-04-25
U0745,2024-04-22,2024-04-01,2024-04-26
U0745,2024-04-22,2024-04-01,2024-04-27
U0745,2024-04-22,2024-04-01,2024-04-28
U0745,2024-04-22,2024-04-01,2024-04-29
U0745,2024-04-22,2024-04-01,2024-04-30
U0745,2024-04-22,2024-04-01,2024-05-01
U0745,2024-04-22,2024-04-01,2024-05-02
U0745,2024-04-22,2024-04-01,2024-05-03
U0745,2024-04-22,2024-04-01,2024-05-04
U0745,2024-04-22,2024-04-01,2024-05-05
U0745,2024-04-22,2024-04-01,2024-05-06
U0745,2024-04-22,2024-04-01,2024-05-07
U0745,2024-04-22,2024-04-01,2024-05-08
U0745,2024-04-22,2024-04-01,2024-05-09
U0745,2024-04-22,2024-04-01,2024-05-11
U0745,2024-04-22,2024-04-01,2024-05-12
U0745,2024-04-22,2024-04-01,2024-05-14
U0745,2024-04-22,2024-04-01,2024-05-15
U0745,2024-04-22,2024-04-01,2024-05-16
U0745,2024-04-22,2024-04-01,2024-05-17
U0745,2024-04-22,2024-04-01,2024-05-20
U0745,2024-04-22,2024-04-01,2024-05-21
U0745,2024-04-22,2024-04-01,2024-05-23
U0745,2024-04-22,2024-04-01,2024-05-24
U0746,2024-02-01,2024-02-01,2024-02-01
U0746,2024-02-01,2024-02-01,2024-02-02
U0746,2024-02-01,2024-02-01,2024-02-03
U0746,2024-02-01,2024-02-01,2024-02-04
U0746,2024-02-01,2024-02-01,2024-02-05
U0746,2024-02-01,2024-02-01,2024-02-06
U0746,2024-02-01,2024-02-01,2024-02-07
U0746,2024-02-01,2024-02-01,2024-02-08
U0746,2024-02-01,2024-02-01,2024-02-09
U0746,2024-02-01,2024-02-01,2024-02-10
U0746,2024-02-01,2024-02-01,2024-02-11
U0746,2024-02-01,2024-02-01,2024-02-12
U0746,2024-02-01,2024-02-01,2024-02-14
U0746,2024-02-01,2024-02-01,2024-02-15
U0746,2024-02-01,2024-02-01,2024-02-16
U0746,2024-02-01,2024-02-01,2024-02-17
U0746,2024-02-01,2024-02-01,2024-02-18
U0746,2024-02-01,2024-02-01,2024-02-20
U0746,2024-02-01,2024-02-01,2024-02-21
U0746,2024-02-01,2024-02-01,2024-02-22
U0746,2024-02-01,2024-02-01,2024-02-24
U0746,2024-02-01,2024-02-01,2024-02-25
U0746,2024-02-01,2024-02-01,2024-02-26
U0746,2024-02-01,2024-02-01,2024-02-27
U0746,2024-02-01,2024-02-01,2024-02-29
U0746,2024-02-01,2024-02-01,2024-03-03
U0747,2024-02-03,2024-02-01,2024-02-03
U0747,2024-02-03,2024-02-01,2024-02-06
U0747,2024-02-03,2024-02-01,2024-02-09
U0747,2024-02-03,2024-02-01,2024-02-15
U0747,2024-02-03,2024-02-01,2024-02-18
U0747,2024-02-03,2024-02-01,2024-02-21
U0747,2024-02-03,2024-02-01,2024-02-27
U0747,2024-02-03,2024-02-01,2024-03-01
U0747,2024-02-03,2024-02-01,2024-03-04
U0747,2024-02-03,2024-02-01,2024-03-07
U0747,2024-02-03,2024-02-01,2024-03-10
U0747,2024-02-03,2024-02-01,2024-03-25
U0747,2024-02-03,2024-02-01,2024-03-28
U0748,2024-04-01,2024-04-01,2024-04-01
U0748,2024-04-01,2024-04-01,2024-04-03
U0748,2024-04-01,2024-04-01,2024-04-05
U0748,2024-04-01,2024-04-01,2024-04-07
U0748,2024-04-01,2024-04-01,2024-04-09
U0748,2024-04-01,2024-04-01,2024-04-11
U0748,2024-04-01,2024-04-01,2024-04-13
U0748,2024-04-01,2024-04-01,2024-04-15
U0748,2024-04-01,2024-04-01,2024-04-17
U0748,2024-04-01,2024-04-01,2024-04-19
U0748,2024-04-01,2024-04-01,2024-04-21
U0748,2024-04-01,2024-04-01,2024-04-23
U0748,2024-04-01,2024-04-01,2024-04-25
U0749,2024-04-04,2024-04-01,2024-04-04
U0749,2024-04-04,2024-04-01,2024-04-10
U0749,2024-04-04,2024-04-01,2024-04-13
U0749,2024-04-04,2024-04-01,2024-04-19
U0749,2024-04-04,2024-04-01,2024-04-22
U0749,2024-04-04,2024-04-01,2024-04-25
U0749,2024-04-04,2024-04-01,2024-04-28
U0749,2024-04-04,2024-04-01,2024-05-04
U0749,2024-04-04,2024-04-01,2024-05-07
U0749,2024-04-04,2024-04-01,2024-05-10
U0749,2024-04-04,2024-04-01,2024-05-13
U0749,2024-04-04,2024-04-01,2024-05-16
U0749,2024-04-04,2024-04-01,2024-05-19
U0749,2024-04-04,2024-04-01,2024-05-22
U0749,2024-04-04,2024-04-01,2024-05-31
U0749,2024-04-04,2024-04-01,2024-06-06
U0749,2024-04-04,2024-04-01,2024-06-21
U0750,2024-03-12,2024-03-01,2024-03-12
U0750,2024-03-12,2024-03-01,2024-03-16
U0750,2024-03-12,2024-03-01,2024-03-20
U0750,2024-03-12,2024-03-01,2024-03-28
U0750,2024-03-12,2024-03-01,2024-04-01
U0750,2024-03-12,2024-03-01,2024-04-09
U0750,2024-03-12,2024-03-01,2024-04-13
U0750,2024-03-12,2024-03-01,2024-04-17
U0750,2024-03-12,2024-03-01,2024-04-25
U0750,2024-03-12,2024-03-01,2024-04-29
U0750,2024-03-12,2024-03-01,2024-05-15
U0751,2024-02-08,2024-02-01,2024-02-08
U0751,2024-02-08,2024-02-01,2024-02-09
U0751,2024-02-08,2024-02-01,2024-02-10
U0751,2024-02-08,2024-02-01,2024-02-11
U0751,2024-02-08,2024-02-01,2024-02-12
U0751,2024-02-08,2024-02-01,2024-02-13
U0751,2024-02-08,2024-02-01,2024-02-14
U0751,2024-02-08,2024-02-01,2024-02-15
U0751,2024-02-08,2024-02-01,2024-02-18
U0751,2024-02-08,2024-02-01,2024-02-19
U0751,2024-02-08,2024-02-01,2024-02-20
U0751,2024-02-08,2024-02-01,2024-02-21
U0751,2024-02-08,2024-02-01,2024-02-22
U0751,2024-02-08,2024-02-01,2024-02-23
U0751,2024-02-08,2024-02-01,2024-02-24
U0751,2024-02-08,2024-02-01,2024-02-25
U0751,2024-02-08,2024-02-01,2024-02-26
U0751,2024-02-08,2024-02-01,2024-02-27
U0751,2024-02-08,2024-02-01,2024-02-28
U0751,2024-02-08,2024-02-01,2024-02-29
U0751,2024-02-08,2024-02-01,2024-03-02
U0751,2024-02-08,2024-02-01,2024-03-03
U0751,2024-02-08,2024-02-01,2024-03-06
U0751,2024-02-08,2024-02-01,2024-03-08
U0751,2024-02-08,2024-02-01,2024-03-11
U0751,2024-02-08,2024-02-01,2024-03-12
U0751,2024-02-08,2024-02-01,2024-03-13
U0751,2024-02-08,2024-02-01,2024-03-17
U0751,2024-02-08,2024-02-01,2024-03-20
U0751,2024-02-08,2024-02-01,2024-03-21
U0751,2024-02-08,2024-02-01,2024-03-22
U0751,2024-02-08,2024-02-01,2024-03-26
U0751,2024-02-08,2024-02-01,2024-03-29
U0751,2024-02-08,2024-02-01,2024-03-30
U0751,2024-02-08,2024-02-01,2024-03-31
U0751,2024-02-08,2024-02-01,2024-04-02
U0751,2024-02-08,2024-02-01,2024-04-03
U0751,2024-02-08,2024-02-01,2024-04-04
U0751,2024-02-08,2024-02-01,2024-04-06
U0751,2024-02-08,2024-02-01,2024-04-07
U0751,2024-02-08,2024-02-01,2024-04-15
U0751,2024-02-08,2024-02-01,2024-04-17
U0751,2024-02-08,2024-02-01,2024-04-18
U0751,2024-02-08,2024-02-01,2024-04-27
U0751,2024-02-08,2024-02-01,2024-04-28
U0751,2024-02-08,2024-02-01,2024-05-01
U0752,2024-06-02,2024-06-01,2024-06-02
U0752,2024-06-02,2024-06-01,2024-06-06
U0752,2024-06-02,2024-06-01,2024-06-10
U0752,2024-06-02,2024-06-01,2024-06-14
U0752,2024-06-02,2024-06-01,2024-06-18
U0752,2024-06-02,2024-06-01,2024-06-22
U0752,2024-06-02,2024-06-01,2024-06-26
U0752,2024-06-02,2024-06-01,2024-07-08
U0753,2024-06-10,2024-06-01,2024-06-10
U0753,2024-06-10,2024-06-01,2024-06-14
U0753,2024-06-10,2024-06-01,2024-06-18
U0753,2024-06-10,2024-06-01,2024-06-22
U0753,2024-06-10,2024-06-01,2024-06-30
U0753,2024-06-10,2024-06-01,2024-07-04
U0754,2024-06-30,2024-06-01,2024-06-30
U0754,2024-06-30,2024-06-01,2024-07-04
U0754,2024-06-30,2024-06-01,2024-07-08
U0754,2024-06-30,2024-06-01,2024-07-12
U0754,2024-06-30,2024-06-01,2024-07-16
U0754,2024-06-30,2024-06-01,2024-07-20
U0754,2024-06-30,2024-06-01,2024-07-24
U0754,2024-06-30,2024-06-01,2024-07-28
U0754,2024-06-30,2024-06-01,2024-08-01
U0754,2024-06-30,2024-06-01,2024-08-05
U0754,2024-06-30,2024-06-01,2024-08-09
U0754,2024-06-30,2024-06-01,2024-08-17
U0755,2024-04-27,2024-04-01,2024-04-27
U0755,2024-04-27,2024-04-01,2024-05-01
U0755,2024-04-27,2024-04-01,2024-05-05
U0755,2024-04-27,2024-04-01,2024-05-09
U0755,2024-04-27,2024-04-01,2024-05-13
U0755,2024-04-27,2024-04-01,2024-05-17
U0755,2024-04-27,2024-04-01,2024-05-25
U0755,2024-04-27,2024-04-01,2024-05-29
U0755,2024-04-27,2024-04-01,2024-06-10
U0756,2024-01-03,2024-01-01,2024-01-03
U0756,2024-01-03,2024-01-01,2024-01-05
U0756,2024-01-03,2024-01-01,2024-01-07
U0756,2024-01-03,2024-01-01,2024-01-09
U0756,2024-01-03,2024-01-01,2024-01-11
U0756,2024-01-03,2024-01-01,2024-01-13
U0756,2024-01-03,2024-01-01,2024-01-15
U0756,2024-01-03,2024-01-01,2024-01-17
U0756,2024-01-03,2024-01-01,2024-01-19
U0756,2024-01-03,2024-01-01,2024-01-23
U0756,2024-01-03,2024-01-01,2024-01-31
U0756,2024-01-03,2024-01-01,2024-02-04
U0756,2024-01-03,2024-01-01,2024-02-14
U0756,2024-01-03,2024-01-01,2024-02-18
U0757,2024-05-02,2024-05-01,2024-05-02
U0757,2024-05-02,2024-05-01,2024-05-05
U0757,2024-05-02,2024-05-01,2024-05-08
U0757,2024-05-02,2024-05-01,2024-05-11
U0758,2024-02-19,2024-02-01,2024-02-19
U0758,2024-02-19,2024-02-01,2024-02-23
U0758,2024-02-19,2024-02-01,2024-02-27
U0758,2024-02-19,2024-02-01,2024-03-02
U0758,2024-02-19,2024-02-01,2024-03-06
U0758,2024-02-19,2024-02-01,2024-03-10
U0758,2024-02-19,2024-02-01,2024-03-14
U0758,2024-02-19,2024-02-01,2024-03-22
U0758,2024-02-19,2024-02-01,2024-03-26
U0758,2024-02-19,2024-02-01,2024-03-30
U0758,2024-02-19,2024-02-01,2024-04-03
U0758,2024-02-19,2024-02-01,2024-04-07
U0758,2024-02-19,2024-02-01,2024-04-11
U0758,2024-02-19,2024-02-01,2024-04-19
U0759,2024-01-12,2024-01-01,2024-01-12
U0759,2024-01-12,2024-01-01,2024-01-15
U0759,2024-01-12,2024-01-01,2024-01-18
U0759,2024-01-12,2024-01-01,2024-01-24
U0759,2024-01-12,2024-01-01,2024-01-30
U0759,2024-01-12,2024-01-01,2024-02-05
U0760,2024-02-23,2024-02-01,2024-02-23
U0760,2024-02-23,2024-02-01,2024-02-24
U0760,2024-02-23,2024-02-01,2024-02-25
U0760,2024-02-23,2024-02-01,2024-02-26
U0760,2024-02-23,2024-02-01,2024-02-27
U0760,2024-02-23,2024-02-01,2024-02-28
U0760,2024-02-23,2024-02-01,2024-02-29
U0760,2024-02-23,2024-02-01,2024-03-01
U0760,2024-02-23,2024-02-01,2024-03-02
U0760,2024-02-23,2024-02-01,2024-03-03
U0760,2024-02-23,2024-02-01,2024-03-04
U0760,2024-02-23,2024-02-01,2024-03-05
U0760,2024-02-23,2024-02-01,2024-03-06
U0760,2024-02-23,2024-02-01,2024-03-07
U0760,2024-02-23,2024-02-01,2024-03-08
U0760,2024-02-23,2024-02-01,2024-03-09
U0760,2024-02-23,2024-02-01,2024-03-10
U0760,2024-02-23,2024-02-01,2024-03-11
U0760,2024-02-23,2024-02-01,2024-03-12
U0760,2024-02-23,2024-02-01,2024-03-14
U0760,2024-02-23,2024-02-01,2024-03-15
U0760,2024-02-23,2024-02-01,2024-03-17
U0760,2024-02-23,2024-02-01,2024-03-18
U0760,2024-02-23,2024-02-01,2024-03-20
U0760,2024-02-23,2024-02-01,2024-03-21
U0760,2024-02-23,2024-02-01,2024-03-22
U0760,2024-02-23,2024-02-01,2024-03-25
U0760,2024-02-23,2024-02-01,2024-03-26
U0760,2024-02-23,2024-02-01,2024-03-27
U0760,2024-02-23,2024-02-01,2024-03-28
U0760,2024-02-23,2024-02-01,2024-03-29
U0760,2024-02-23,2024-02-01,2024-03-30
U0760,2024-02-23,2024-02-01,2024-03-31
U0760,2024-02-23,2024-02-01,2024-04-01
U0760,2024-02-23,2024-02-01,2024-04-02
U0760,2024-02-23,2024-02-01,2024-04-07
U0760,2024-02-23,2024-02-01,2024-04-09
U0760,2024-02-23,2024-02-01,2024-04-16
U0760,2024-02-23,2024-02-01,2024-04-18
U0760,2024-02-23,2024-02-01,2024-04-20
U0760,2024-02-23,2024-02-01,2024-04-21
U0760,2024-02-23,2024-02-01,2024-04-23
U0760,2024-02-23,2024-02-01,2024-04-25
U0760,2024-02-23,2024-02-01,2024-04-30
U0760,2024-02-23,2024-02-01,2024-05-02
U0760,2024-02-23,2024-02-01,2024-05-06
U0760,2024-02-23,2024-02-01,2024-05-07
U0760,2024-02-23,2024-02-01,2024-05-08
U0760,2024-02-23,2024-02-01,2024-05-10
U0760,2024-02-23,2024-02-01,2024-05-12
U0760,2024-02-23,2024-02-01,2024-05-13
U0760,2024-02-23,2024-02-01,2024-05-15
U0760,2024-02-23,2024-02-01,2024-05-18
U0761,2024-05-12,2024-05-01,2024-05-12
U0761,2024-05-12,2024-05-01,2024-05-13
U0761,2024-05-12,2024-05-01,2024-05-14
U0761,2024-05-12,2024-05-01,2024-05-15
U0761,2024-05-12,2024-05-01,2024-05-16
U0761,2024-05-12,2024-05-01,2024-05-17
U0761,2024-05-12,2024-05-01,2024-05-18
U0761,2024-05-12,2024-05-01,2024-05-19
U0761,2024-05-12,2024-05-01,2024-05-21
U0761,2024-05-12,2024-05-01,2024-05-22
U0761,2024-05-12,2024-05-01,2024-05-23
U0761,2024-05-12,2024-05-01,2024-05-28
U0761,2024-05-12,2024-05-01,2024-05-29
U0761,2024-05-12,2024-05-01,2024-05-31
U0761,2024-05-12,2024-05-01,2024-06-01
U0761,2024-05-12,2024-05-01,2024-06-06
U0761,2024-05-12,2024-05-01,2024-06-08
U0761,2024-05-12,2024-05-01,2024-06-10
U0761,2024-05-12,2024-05-01,2024-06-11
U0761,2024-05-12,2024-05-01,2024-06-13
U0761,2024-05-12,2024-05-01,2024-06-15
U0761,2024-05-12,2024-05-01,2024-06-16
U0761,2024-05-12,2024-05-01,2024-06-17
U0761,2024-05-12,2024-05-01,2024-06-19
U0761,2024-05-12,2024-05-01,2024-06-20
U0761,2024-05-12,2024-05-01,2024-06-22
U0761,2024-05-12,2024-05-01,2024-06-23
U0761,2024-05-12,2024-05-01,2024-06-25
U0761,2024-05-12,2024-05-01,2024-06-26
U0761,2024-05-12,2024-05-01,2024-07-01
U0762,2024-02-26,2024-02-01,2024-02-26
U0762,2024-02-26,2024-02-01,2024-02-27
U0762,2024-02-26,2024-02-01,2024-02-28
U0762,2024-02-26,2024-02-01,2024-02-29
U0762,2024-02-26,2024-02-01,2024-03-01
U0762,2024-02-26,2024-02-01,2024-03-02
U0762,2024-02-26,2024-02-01,2024-03-03
U0762,2024-02-26,2024-02-01,2024-03-04
U0762,2024-02-26,2024-02-01,2024-03-05
U0762,2024-02-26,2024-02-01,2024-03-06
U0762,2024-02-26,2024-02-01,2024-03-08
U0762,2024-02-26,2024-02-01,2024-03-09
U0762,2024-02-26,2024-02-01,2024-03-10
U0762,2024-02-26,2024-02-01,2024-03-12
U0762,2024-02-26,2024-02-01,2024-03-13
U0762,2024-02-26,2024-02-01,2024-03-14
U0762,2024-02-26,2024-02-01,2024-03-15
U0762,2024-02-26,2024-02-01,2024-03-16
U0762,2024-02-26,2024-02-01,2024-03-17
U0762,2024-02-26,2024-02-01,2024-03-18
U0762,2024-02-26,2024-02-01,2024-03-19
U0762,2024-02-26,2024-02-01,2024-03-22
U0762,2024-02-26,2024-02-01,2024-03-23
U0762,2024-02-26,2024-02-01,2024-03-24
U0762,2024-02-26,2024-02-01,2024-03-26
U0762,2024-02-26,2024-02-01,2024-03-28
U0762,2024-02-26,2024-02-01,2024-03-29
U0762,2024-02-26,2024-02-01,2024-03-30
U0762,2024-02-26,2024-02-01,2024-04-02
U0762,2024-02-26,2024-02-01,2024-04-03
U0762,2024-02-26,2024-02-01,2024-04-04
U0763,2024-05-24,2024-05-01,2024-05-24
U0763,2024-05-24,2024-05-01,2024-05-25
U0763,2024-05-24,2024-05-01,2024-05-26
U0763,2024-05-24,2024-05-01,2024-05-27
U0763,2024-05-24,2024-05-01,2024-05-28
U0763,2024-05-24,2024-05-01,2024-05-29
U0763,2024-05-24,2024-05-01,2024-05-31
U0763,2024-05-24,2024-05-01,2024-06-01
U0763,2024-05-24,2024-05-01,2024-06-02
U0763,2024-05-24,2024-05-01,2024-06-03
U0763,2024-05-24,2024-05-01,2024-06-04
U0763,2024-05-24,2024-05-01,2024-06-05
U0763,2024-05-24,2024-05-01,2024-06-06
U0763,2024-05-24,2024-05-01,2024-06-07
U0763,2024-05-24,2024-05-01,2024-06-09
U0763,2024-05-24,2024-05-01,2024-06-11
U0763,2024-05-24,2024-05-01,2024-06-12
U0763,2024-05-24,2024-05-01,2024-06-13
U0763,2024-05-24,2024-05-01,2024-06-14
U0763,2024-05-24,2024-05-01,2024-06-17
U0763,2024-05-24,2024-05-01,2024-06-20
U0763,2024-05-24,2024-05-01,2024-06-23
U0763,2024-05-24,2024-05-01,2024-06-25
U0763,2024-05-24,2024-05-01,2024-06-26
U0763,2024-05-24,2024-05-01,2024-06-27
U0763,2024-05-24,2024-05-01,2024-06-30
U0763,2024-05-24,2024-05-01,2024-07-01
U0763,2024-05-24,2024-05-01,2024-07-02
U0763,2024-05-24,2024-05-01,2024-07-04
U0763,2024-05-24,2024-05-01,2024-07-08
U0763,2024-05-24,2024-05-01,2024-07-09
U0763,2024-05-24,2024-05-01,2024-07-14
U0763,2024-05-24,2024-05-01,2024-07-16
U0763,2024-05-24,2024-05-01,2024-07-19
U0763,2024-05-24,2024-05-01,2024-07-23
U0763,2024-05-24,2024-05-01,2024-07-24
U0763,2024-05-24,2024-05-01,2024-07-25
U0763,2024-05-24,2024-05-01,2024-07-26
U0763,2024-05-24,2024-05-01,2024-07-29
U0764,2024-04-21,2024-04-01,2024-04-21
U0764,2024-04-21,2024-04-01,2024-04-22
U0764,2024-04-21,2024-04-01,2024-04-23
U0764,2024-04-21,2024-04-01,2024-04-24
U0764,2024-04-21,2024-04-01,2024-04-26
U0764,2024-04-21,2024-04-01,2024-04-27
U0764,2024-04-21,2024-04-01,2024-04-28
U0764,2024-04-21,2024-04-01,2024-04-29
U0764,2024-04-21,2024-04-01,2024-04-30
U0764,2024-04-21,2024-04-01,2024-05-03
U0764,2024-04-21,2024-04-01,2024-05-04
U0764,2024-04-21,2024-04-01,2024-05-05
U0764,2024-04-21,2024-04-01,2024-05-07
U0764,2024-04-21,2024-04-01,2024-05-08
U0764,2024-04-21,2024-04-01,2024-05-11
U0764,2024-04-21,2024-04-01,2024-05-13
U0764,2024-04-21,2024-04-01,2024-05-15
U0764,2024-04-21,2024-04-01,2024-05-16
U0764,2024-04-21,2024-04-01,2024-05-17
U0764,2024-04-21,2024-04-01,2024-05-18
U0764,2024-04-21,2024-04-01,2024-05-19
U0764,2024-04-21,2024-04-01,2024-05-20
U0764,2024-04-21,2024-04-01,2024-05-21
U0764,2024-04-21,2024-04-01,2024-05-22
U0764,2024-04-21,2024-04-01,2024-05-24
U0764,2024-04-21,2024-04-01,2024-05-25
U0764,2024-04-21,2024-04-01,2024-05-29
U0764,2024-04-21,2024-04-01,2024-06-01
U0764,2024-04-21,2024-04-01,2024-06-04
U0764,2024-04-21,2024-04-01,2024-06-05
U0764,2024-04-21,2024-04-01,2024-06-07
U0764,2024-04-21,2024-04-01,2024-06-08
U0764,2024-04-21,2024-04-01,2024-06-09
U0764,2024-04-21,2024-04-01,2024-06-10
U0764,2024-04-21,2024-04-01,2024-06-11
U0764,2024-04-21,2024-04-01,2024-06-13
U0764,2024-04-21,2024-04-01,2024-06-15
U0764,2024-04-21,2024-04-01,2024-06-17
U0765,2024-02-16,2024-02-01,2024-02-16
U0765,2024-02-16,2024-02-01,2024-02-17
U0765,2024-02-16,2024-02-01,2024-02-18
U0765,2024-02-16,2024-02-01,2024-02-19
U0765,2024-02-16,2024-02-01,2024-02-20
U0765,2024-02-16,2024-02-01,2024-02-21
U0765,2024-02-16,2024-02-01,2024-02-22
U0765,2024-02-16,2024-02-01,2024-02-23
U0765,2024-02-16,2024-02-01,2024-02-24
U0765,2024-02-16,2024-02-01,2024-02-26
U0765,2024-02-16,2024-02-01,2024-02-27
U0765,2024-02-16,2024-02-01,2024-02-28
U0765,2024-02-16,2024-02-01,2024-02-29
U0765,2024-02-16,2024-02-01,2024-03-04
U0765,2024-02-16,2024-02-01,2024-03-05
U0765,2024-02-16,2024-02-01,2024-03-06
U0765,2024-02-16,2024-02-01,2024-03-09
U0765,2024-02-16,2024-02-01,2024-03-10
U0765,2024-02-16,2024-02-01,2024-03-11
U0765,2024-02-16,2024-02-01,2024-03-13
U0765,2024-02-16,2024-02-01,2024-03-14
U0765,2024-02-16,2024-02-01,2024-03-15
U0765,2024-02-16,2024-02-01,2024-03-16
U0765,2024-02-16,2024-02-01,2024-03-21
U0765,2024-02-16,2024-02-01,2024-03-23
U0765,2024-02-16,2024-02-01,2024-03-25
U0765,2024-02-16,2024-02-01,2024-03-27
U0765,2024-02-16,2024-02-01,2024-03-28
U0765,2024-02-16,2024-02-01,2024-04-01
U0765,2024-02-16,2024-02-01,2024-04-04
U0765,2024-02-16,2024-02-01,2024-04-06
U0765,2024-02-16,2024-02-01,2024-04-09
U0765,2024-02-16,2024-02-01,2024-04-10
U0765,2024-02-16,2024-02-01,2024-04-11
U0765,2024-02-16,2024-02-01,2024-04-12
U0765,2024-02-16,2024-02-01,2024-04-13
U0765,2024-02-16,2024-02-01,2024-04-14
U0765,2024-02-16,2024-02-01,2024-04-15
U0765,2024-02-16,2024-02-01,2024-04-16
U0765,2024-02-16,2024-02-01,2024-04-17
U0765,2024-02-16,2024-02-01,2024-04-18
U0765,2024-02-16,2024-02-01,2024-04-21
U0765,2024-02-16,2024-02-01,2024-04-25
U0765,2024-02-16,2024-02-01,2024-04-28
U0766,2024-05-30,2024-05-01,2024-05-30
U0766,2024-05-30,2024-05-01,2024-06-02
U0766,2024-05-30,2024-05-01,2024-06-05
U0766,2024-05-30,2024-05-01,2024-06-08
U0766,2024-05-30,2024-05-01,2024-06-11
U0766,2024-05-30,2024-05-01,2024-06-14
U0766,2024-05-30,2024-05-01,2024-06-17
U0766,2024-05-30,2024-05-01,2024-07-02
U0766,2024-05-30,2024-05-01,2024-07-05
U0766,2024-05-30,2024-05-01,2024-07-08
U0767,2024-03-25,2024-03-01,2024-03-25
U0767,2024-03-25,2024-03-01,2024-03-27
U0767,2024-03-25,2024-03-01,2024-03-29
U0767,2024-03-25,2024-03-01,2024-03-31
U0767,2024-03-25,2024-03-01,2024-04-02
U0767,2024-03-25,2024-03-01,2024-04-04
U0767,2024-03-25,2024-03-01,2024-04-06
U0767,2024-03-25,2024-03-01,2024-04-08
U0767,2024-03-25,2024-03-01,2024-04-10
U0767,2024-03-25,2024-03-01,2024-04-12
U0767,2024-03-25,2024-03-01,2024-04-14
U0767,2024-03-25,2024-03-01,2024-04-20
U0767,2024-03-25,2024-03-01,2024-04-24
U0767,2024-03-25,2024-03-01,2024-04-26
U0767,2024-03-25,2024-03-01,2024-05-02
U0767,2024-03-25,2024-03-01,2024-05-12
U0767,2024-03-25,2024-03-01,2024-05-16
U0767,2024-03-25,2024-03-01,2024-05-24
U0767,2024-03-25,2024-03-01,2024-05-28
U0768,2024-05-21,2024-05-01,2024-05-21
U0768,2024-05-21,2024-05-01,2024-05-24
U0768,2024-05-21,2024-05-01,2024-05-27
U0768,2024-05-21,2024-05-01,2024-06-02
U0768,2024-05-21,2024-05-01,2024-06-05
U0768,2024-05-21,2024-05-01,2024-06-08
U0768,2024-05-21,2024-05-01,2024-06-11
U0769,2024-03-06,2024-03-01,2024-03-06
U0769,2024-03-06,2024-03-01,2024-03-09
U0769,2024-03-06,2024-03-01,2024-03-15
U0769,2024-03-06,2024-03-01,2024-03-24
U0769,2024-03-06,2024-03-01,2024-03-30
U0769,2024-03-06,2024-03-01,2024-04-02
U0769,2024-03-06,2024-03-01,2024-04-05
U0769,2024-03-06,2024-03-01,2024-04-08
U0769,2024-03-06,2024-03-01,2024-04-11
U0769,2024-03-06,2024-03-01,2024-04-14
U0769,2024-03-06,2024-03-01,2024-04-20
U0770,2024-03-15,2024-03-01,2024-03-15
U0770,2024-03-15,2024-03-01,2024-03-19
U0770,2024-03-15,2024-03-01,2024-03-23
U0770,2024-03-15,2024-03-01,2024-03-27
U0770,2024-03-15,2024-03-01,2024-03-31
U0770,2024-03-15,2024-03-01,2024-04-08
U0771,2024-06-27,2024-06-01,2024-06-27
U0771,2024-06-27,2024-06-01,2024-06-28
U0771,2024-06-27,2024-06-01,2024-06-29
U0771,2024-06-27,2024-06-01,2024-06-30
U0771,2024-06-27,2024-06-01,2024-07-01
U0771,2024-06-27,2024-06-01,2024-07-02
U0771,2024-06-27,2024-06-01,2024-07-03
U0771,2024-06-27,2024-06-01,2024-07-04
U0771,2024-06-27,2024-06-01,2024-07-05
U0771,2024-06-27,2024-06-01,2024-07-06
U0771,2024-06-27,2024-06-01,2024-07-07
U0771,2024-06-27,2024-06-01,2024-07-08
U0771,2024-06-27,2024-06-01,2024-07-10
U0771,2024-06-27,2024-06-01,2024-07-11
U0771,2024-06-27,2024-06-01,2024-07-12
U0771,2024-06-27,2024-06-01,2024-07-14
U0771,2024-06-27,2024-06-01,2024-07-15
U0771,2024-06-27,2024-06-01,2024-07-17
U0771,2024-06-27,2024-06-01,2024-07-18
U0771,2024-06-27,2024-06-01,2024-07-19
U0771,2024-06-27,2024-06-01,2024-07-22
U0771,2024-06-27,2024-06-01,2024-07-25
U0771,2024-06-27,2024-06-01,2024-07-27
U0771,2024-06-27,2024-06-01,2024-07-29
U0771,2024-06-27,2024-06-01,2024-08-06
U0772,2024-04-12,2024-04-01,2024-04-12
U0772,2024-04-12,2024-04-01,2024-04-16
U0772,2024-04-12,2024-04-01,2024-04-20
U0772,2024-04-12,2024-04-01,2024-04-28
U0773,2024-06-14,2024-06-01,2024-06-14
U0773,2024-06-14,2024-06-01,2024-06-17
U0773,2024-06-14,2024-06-01,2024-06-20
U0773,2024-06-14,2024-06-01,2024-06-23
U0773,2024-06-14,2024-06-01,2024-06-26
U0773,2024-06-14,2024-06-01,2024-06-29
U0773,2024-06-14,2024-06-01,2024-07-02
U0773,2024-06-14,2024-06-01,2024-07-05
U0773,2024-06-14,2024-06-01,2024-07-08
U0773,2024-06-14,2024-06-01,2024-07-11
U0773,2024-06-14,2024-06-01,2024-07-17
U0773,2024-06-14,2024-06-01,2024-07-20
U0773,2024-06-14,2024-06-01,2024-07-23
U0774,2024-02-07,2024-02-01,2024-02-07
U0774,2024-02-07,2024-02-01,2024-02-10
U0774,2024-02-07,2024-02-01,2024-02-13
U0774,2024-02-07,2024-02-01,2024-02-16
U0774,2024-02-07,2024-02-01,2024-02-19
U0774,2024-02-07,2024-02-01,2024-03-02
U0774,2024-02-07,2024-02-01,2024-03-05
U0774,2024-02-07,2024-02-01,2024-03-11
U0774,2024-02-07,2024-02-01,2024-03-17
U0774,2024-02-07,2024-02-01,2024-03-20
U0774,2024-02-07,2024-02-01,2024-03-23
U0774,2024-02-07,2024-02-01,2024-03-29
U0775,2024-02-19,2024-02-01,2024-02-19
U0775,2024-02-19,2024-02-01,2024-02-22
U0775,2024-02-19,2024-02-01,2024-02-25
U0775,2024-02-19,2024-02-01,2024-02-28
U0775,2024-02-19,2024-02-01,2024-03-02
U0775,2024-02-19,2024-02-01,2024-03-08
U0776,2024-04-07,2024-04-01,2024-04-07
U0776,2024-04-07,2024-04-01,2024-04-10
U0776,2024-04-07,2024-04-01,2024-04-13
U0776,2024-04-07,2024-04-01,2024-04-16
U0776,2024-04-07,2024-04-01,2024-04-19
U0776,2024-04-07,2024-04-01,2024-04-22
U0776,2024-04-07,2024-04-01,2024-04-25
U0776,2024-04-07,2024-04-01,2024-04-28
U0776,2024-04-07,2024-04-01,2024-05-01
U0777,2024-03-22,2024-03-01,2024-03-22
U0777,2024-03-22,2024-03-01,2024-03-26
U0777,2024-03-22,2024-03-01,2024-04-07
U0777,2024-03-22,2024-03-01,2024-04-11
U0777,2024-03-22,2024-03-01,2024-04-15
U0777,2024-03-22,2024-03-01,2024-04-19
U0777,2024-03-22,2024-03-01,2024-04-23
U0778,2024-01-30,2024-01-01,2024-01-30
U0778,2024-01-30,2024-01-01,2024-02-01
U0778,2024-01-30,2024-01-01,2024-02-03
U0778,2024-01-30,2024-01-01,2024-02-05
U0778,2024-01-30,2024-01-01,2024-02-07
U0778,2024-01-30,2024-01-01,2024-02-09
U0778,2024-01-30,2024-01-01,2024-02-11
U0778,2024-01-30,2024-01-01,2024-02-13
U0778,2024-01-30,2024-01-01,2024-02-15
U0778,2024-01-30,2024-01-01,2024-02-17
U0778,2024-01-30,2024-01-01,2024-02-19
U0778,2024-01-30,2024-01-01,2024-02-23
U0778,2024-01-30,2024-01-01,2024-02-25
U0778,2024-01-30,2024-01-01,2024-02-27
U0778,2024-01-30,2024-01-01,2024-02-29
U0778,2024-01-30,2024-01-01,2024-03-04
U0778,2024-01-30,2024-01-01,2024-03-06
U0778,2024-01-30,2024-01-01,2024-03-08
U0778,2024-01-30,2024-01-01,2024-03-10
U0778,2024-01-30,2024-01-01,2024-03-14
U0778,2024-01-30,2024-01-01,2024-03-18
U0778,2024-01-30,2024-01-01,2024-03-24
U0778,2024-01-30,2024-01-01,2024-04-01
U0778,2024-01-30,2024-01-01,2024-04-05
U0779,2024-03-19,2024-03-01,2024-03-19
U0779,2024-03-19,2024-03-01,2024-03-23
U0779,2024-03-19,2024-03-01,2024-03-27
U0779,2024-03-19,2024-03-01,2024-03-31
U0779,2024-03-19,2024-03-01,2024-04-04
U0779,2024-03-19,2024-03-01,2024-04-12
U0779,2024-03-19,2024-03-01,2024-04-16
U0779,2024-03-19,2024-03-01,2024-04-28
U0779,2024-03-19,2024-03-01,2024-05-06
U0779,2024-03-19,2024-03-01,2024-05-10
U0780,2024-03-31,2024-03-01,2024-03-31
U0780,2024-03-31,2024-03-01,2024-04-02
U0780,2024-03-31,2024-03-01,2024-04-04
U0780,2024-03-31,2024-03-01,2024-04-06
U0780,2024-03-31,2024-03-01,2024-04-08
U0780,2024-03-31,2024-03-01,2024-04-10
U0780,2024-03-31,2024-03-01,2024-04-12
U0780,2024-03-31,2024-03-01,2024-04-14
U0780,2024-03-31,2024-03-01,2024-04-16
U0780,2024-03-31,2024-03-01,2024-04-18
U0780,2024-03-31,2024-03-01,2024-04-20
U0780,2024-03-31,2024-03-01,2024-04-22
U0780,2024-03-31,2024-03-01,2024-04-26
U0780,2024-03-31,2024-03-01,2024-05-06
U0780,2024-03-31,2024-03-01,2024-05-14
U0780,2024-03-31,2024-03-01,2024-05-22
U0780,2024-03-31,2024-03-01,2024-05-24
U0780,2024-03-31,2024-03-01,2024-06-03
U0781,2024-06-27,2024-06-01,2024-06-27
U0781,2024-06-27,2024-06-01,2024-06-29
U0781,2024-06-27,2024-06-01,2024-07-01
U0781,2024-06-27,2024-06-01,2024-07-03
U0781,2024-06-27,2024-06-01,2024-07-07
U0781,2024-06-27,2024-06-01,2024-07-09
U0781,2024-06-27,2024-06-01,2024-07-11
U0781,2024-06-27,2024-06-01,2024-07-17
U0781,2024-06-27,2024-06-01,2024-07-19
U0781,2024-06-27,2024-06-01,2024-07-21
U0781,2024-06-27,2024-06-01,2024-07-25
U0781,2024-06-27,2024-06-01,2024-08-02
U0781,2024-06-27,2024-06-01,2024-08-06
U0781,2024-06-27,2024-06-01,2024-08-16
U0781,2024-06-27,2024-06-01,2024-08-18
U0781,2024-06-27,2024-06-01,2024-08-24
U0781,2024-06-27,2024-06-01,2024-08-28
U0781,2024-06-27,2024-06-01,2024-09-01
U0781,2024-06-27,2024-06-01,2024-09-05
U0781,2024-06-27,2024-06-01,2024-09-09
U0782,2024-02-21,2024-02-01,2024-02-21
U0782,2024-02-21,2024-02-01,2024-02-24
U0782,2024-02-21,2024-02-01,2024-02-27
U0782,2024-02-21,2024-02-01,2024-03-04
U0782,2024-02-21,2024-02-01,2024-03-13
U0783,2024-06-14,2024-06-01,2024-06-14
U0783,2024-06-14,2024-06-01,2024-06-17
U0783,2024-06-14,2024-06-01,2024-06-20
U0783,2024-06-14,2024-06-01,2024-06-26
U0783,2024-06-14,2024-06-01,2024-07-02
U0783,2024-06-14,2024-06-01,2024-07-05
U0783,2024-06-14,2024-06-01,2024-07-08
U0783,2024-06-14,2024-06-01,2024-07-11
U0783,2024-06-14,2024-06-01,2024-07-14
U0783,2024-06-14,2024-06-01,2024-07-17
U0783,2024-06-14,2024-06-01,2024-07-20
U0783,2024-06-14,2024-06-01,2024-07-23
U0783,2024-06-14,2024-06-01,2024-07-26
U0783,2024-06-14,2024-06-01,2024-07-29
U0783,2024-06-14,2024-06-01,2024-08-07
U0783,2024-06-14,2024-06-01,2024-08-16
U0784,2024-03-19,2024-03-01,2024-03-19
U0784,2024-03-19,2024-03-01,2024-03-20
U0784,2024-03-19,2024-03-01,2024-03-21
U0784,2024-03-19,2024-03-01,2024-03-22
U0784,2024-03-19,2024-03-01,2024-03-23
U0784,2024-03-19,2024-03-01,2024-03-25
U0784,2024-03-19,2024-03-01,2024-03-26
U0784,2024-03-19,2024-03-01,2024-03-27
U0784,2024-03-19,2024-03-01,2024-03-28
U0784,2024-03-19,2024-03-01,2024-03-29
U0784,2024-03-19,2024-03-01,2024-03-30
U0784,2024-03-19,2024-03-01,2024-03-31
U0784,2024-03-19,2024-03-01,2024-04-01
U0784,2024-03-19,2024-03-01,2024-04-03
U0784,2024-03-19,2024-03-01,2024-04-05
U0784,2024-03-19,2024-03-01,2024-04-06
U0784,2024-03-19,2024-03-01,2024-04-07
U0784,2024-03-19,2024-03-01,2024-04-08
U0784,2024-03-19,2024-03-01,2024-04-09
U0784,2024-03-19,2024-03-01,2024-04-12
U0784,2024-03-19,2024-03-01,2024-04-13
U0784,2024-03-19,2024-03-01,2024-04-14
U0784,2024-03-19,2024-03-01,2024-04-16
U0784,2024-03-19,2024-03-01,2024-04-18
U0784,2024-03-19,2024-03-01,2024-04-20
U0784,2024-03-19,2024-03-01,2024-04-21
U0784,2024-03-19,2024-03-01,2024-04-24
U0784,2024-03-19,2024-03-01,2024-04-27
U0784,2024-03-19,2024-03-01,2024-04-28
U0784,2024-03-19,2024-03-01,2024-04-29
U0784,2024-03-19,2024-03-01,2024-05-02
U0784,2024-03-19,2024-03-01,2024-05-04
U0784,2024-03-19,2024-03-01,2024-05-05
U0784,2024-03-19,2024-03-01,2024-05-06
U0784,2024-03-19,2024-03-01,2024-05-10
U0784,2024-03-19,2024-03-01,2024-05-13
U0784,2024-03-19,2024-03-01,2024-05-17
U0784,2024-03-19,2024-03-01,2024-05-23
U0784,2024-03-19,2024-03-01,2024-05-24
U0785,2024-01-30,2024-01-01,2024-01-30
U0785,2024-01-30,2024-01-01,2024-02-01
U0785,2024-01-30,2024-01-01,2024-02-03
U0785,2024-01-30,2024-01-01,2024-02-05
U0785,2024-01-30,2024-01-01,2024-02-07
U0785,2024-01-30,2024-01-01,2024-02-11
U0785,2024-01-30,2024-01-01,2024-02-13
U0785,2024-01-30,2024-01-01,2024-02-15
U0785,2024-01-30,2024-01-01,2024-02-19
U0785,2024-01-30,2024-01-01,2024-02-23
U0785,2024-01-30,2024-01-01,2024-02-29
U0785,2024-01-30,2024-01-01,2024-03-04
U0785,2024-01-30,2024-01-01,2024-03-06
U0785,2024-01-30,2024-01-01,2024-03-08
U0785,2024-01-30,2024-01-01,2024-03-10
U0786,2024-04-15,2024-04-01,2024-04-15
U0786,2024-04-15,2024-04-01,2024-04-18
U0786,2024-04-15,2024-04-01,2024-04-24
U0786,2024-04-15,2024-04-01,2024-04-27
U0786,2024-04-15,2024-04-01,2024-04-30
U0786,2024-04-15,2024-04-01,2024-05-03
U0786,2024-04-15,2024-04-01,2024-05-06
U0786,2024-04-15,2024-04-01,2024-05-12
U0786,2024-04-15,2024-04-01,2024-05-18
U0786,2024-04-15,2024-04-01,2024-05-24
U0786,2024-04-15,2024-04-01,2024-05-27
U0786,2024-04-15,2024-04-01,2024-06-02
U0786,2024-04-15,2024-04-01,2024-06-20
U0786,2024-04-15,2024-04-01,2024-06-29
U0787,2024-02-20,2024-02-01,2024-02-20
U0787,2024-02-20,2024-02-01,2024-02-21
U0787,2024-02-20,2024-02-01,2024-02-22
U0787,2024-02-20,2024-02-01,2024-02-23
U0787,2024-02-20,2024-02-01,2024-02-24
U0787,2024-02-20,2024-02-01,2024-02-25
U0787,2024-02-20,2024-02-01,2024-02-26
U0787,2024-02-20,2024-02-01,2024-02-27
U0787,2024-02-20,2024-02-01,2024-02-28
U0787,2024-02-20,2024-02-01,2024-02-29
U0787,2024-02-20,2024-02-01,2024-03-01
U0787,2024-02-20,2024-02-01,2024-03-02
U0787,2024-02-20,2024-02-01,2024-03-03
U0787,2024-02-20,2024-02-01,2024-03-04
U0787,2024-02-20,2024-02-01,2024-03-05
U0787,2024-02-20,2024-02-01,2024-03-06
U0787,2024-02-20,2024-02-01,2024-03-11
U0787,2024-02-20,2024-02-01,2024-03-12
U0787,2024-02-20,2024-02-01,2024-03-13
U0787,2024-02-20,2024-02-01,2024-03-15
U0787,2024-02-20,2024-02-01,2024-03-16
U0787,2024-02-20,2024-02-01,2024-03-21
U0787,2024-02-20,2024-02-01,2024-03-23
U0787,2024-02-20,2024-02-01,2024-03-25
U0787,2024-02-20,2024-02-01,2024-03-26
U0787,2024-02-20,2024-02-01,2024-03-28
U0787,2024-02-20,2024-02-01,2024-04-01
U0787,2024-02-20,2024-02-01,2024-04-02
U0787,2024-02-20,2024-02-01,2024-04-05
U0787,2024-02-20,2024-02-01,2024-04-06
U0788,2024-03-21,2024-03-01,2024-03-21
U0788,2024-03-21,2024-03-01,2024-03-24
U0788,2024-03-21,2024-03-01,2024-03-27
U0788,2024-03-21,2024-03-01,2024-03-30
U0788,2024-03-21,2024-03-01,2024-04-02
U0788,2024-03-21,2024-03-01,2024-04-08
U0788,2024-03-21,2024-03-01,2024-04-11
U0788,2024-03-21,2024-03-01,2024-04-14
U0788,2024-03-21,2024-03-01,2024-04-17
U0788,2024-03-21,2024-03-01,2024-04-20
U0788,2024-03-21,2024-03-01,2024-04-23
U0788,2024-03-21,2024-03-01,2024-04-26
U0788,2024-03-21,2024-03-01,2024-05-02
U0788,2024-03-21,2024-03-01,2024-05-11
U0788,2024-03-21,2024-03-01,2024-05-14
U0788,2024-03-21,2024-03-01,2024-05-20
U0788,2024-03-21,2024-03-01,2024-05-23
U0789,2024-05-12,2024-05-01,2024-05-12
U0789,2024-05-12,2024-05-01,2024-05-13
U0789,2024-05-12,2024-05-01,2024-05-14
U0789,2024-05-12,2024-05-01,2024-05-15
U0789,2024-05-12,2024-05-01,2024-05-16
U0789,2024-05-12,2024-05-01,2024-05-17
U0789,2024-05-12,2024-05-01,2024-05-18
U0789,2024-05-12,2024-05-01,2024-05-19
U0789,2024-05-12,2024-05-01,2024-05-21
U0789,2024-05-12,2024-05-01,2024-05-23
U0789,2024-05-12,2024-05-01,2024-05-24
U0789,2024-05-12,2024-05-01,2024-05-25
U0789,2024-05-12,2024-05-01,2024-05-26
U0789,2024-05-12,2024-05-01,2024-05-28
U0789,2024-05-12,2024-05-01,2024-05-29
U0789,2024-05-12,2024-05-01,2024-05-30
U0789,2024-05-12,2024-05-01,2024-05-31
U0789,2024-05-12,2024-05-01,2024-06-01
U0789,2024-05-12,2024-05-01,2024-06-02
U0789,2024-05-12,2024-05-01,2024-06-03
U0789,2024-05-12,2024-05-01,2024-06-04
U0789,2024-05-12,2024-05-01,2024-06-05
U0789,2024-05-12,2024-05-01,2024-06-06
U0789,2024-05-12,2024-05-01,2024-06-07
U0789,2024-05-12,2024-05-01,2024-06-08
U0789,2024-05-12,2024-05-01,2024-06-09
U0789,2024-05-12,2024-05-01,2024-06-13
U0789,2024-05-12,2024-05-01,2024-06-16
U0789,2024-05-12,2024-05-01,2024-06-17
U0789,2024-05-12,2024-05-01,2024-06-20
U0789,2024-05-12,2024-05-01,2024-06-21
U0789,2024-05-12,2024-05-01,2024-06-25
U0789,2024-05-12,2024-05-01,2024-06-26
U0789,2024-05-12,2024-05-01,2024-06-27
U0789,2024-05-12,2024-05-01,2024-07-01
U0789,2024-05-12,2024-05-01,2024-07-08
U0789,2024-05-12,2024-05-01,2024-07-10
U0789,2024-05-12,2024-05-01,2024-07-13
U0789,2024-05-12,2024-05-01,2024-07-20
U0789,2024-05-12,2024-05-01,2024-07-21
U0789,2024-05-12,2024-05-01,2024-07-24
U0789,2024-05-12,2024-05-01,2024-07-28
U0790,2024-01-29,2024-01-01,2024-01-29
U0790,2024-01-29,2024-01-01,2024-02-02
U0790,2024-01-29,2024-01-01,2024-02-06
U0790,2024-01-29,2024-01-01,2024-02-18
U0790,2024-01-29,2024-01-01,2024-02-22
U0791,2024-05-11,2024-05-01,2024-05-11
U0791,2024-05-11,2024-05-01,2024-05-12
U0791,2024-05-11,2024-05-01,2024-05-13
U0791,2024-05-11,2024-05-01,2024-05-14
U0791,2024-05-11,2024-05-01,2024-05-16
U0791,2024-05-11,2024-05-01,2024-05-17
U0791,2024-05-11,2024-05-01,2024-05-18
U0791,2024-05-11,2024-05-01,2024-05-19
U0791,2024-05-11,2024-05-01,2024-05-20
U0791,2024-05-11,2024-05-01,2024-05-21
U0791,2024-05-11,2024-05-01,2024-05-22
U0791,2024-05-11,2024-05-01,2024-05-23
U0791,2024-05-11,2024-05-01,2024-05-24
U0791,2024-05-11,2024-05-01,2024-05-25
U0791,2024-05-11,2024-05-01,2024-05-26
U0791,2024-05-11,2024-05-01,2024-05-27
U0791,2024-05-11,2024-05-01,2024-05-28
U0791,2024-05-11,2024-05-01,2024-05-29
U0791,2024-05-11,2024-05-01,2024-05-31
U0791,2024-05-11,2024-05-01,2024-06-01
U0791,2024-05-11,2024-05-01,2024-06-02
U0791,2024-05-11,2024-05-01,2024-06-03
U0791,2024-05-11,2024-05-01,2024-06-04
U0791,2024-05-11,2024-05-01,2024-06-05
U0791,2024-05-11,2024-05-01,2024-06-06
U0791,2024-05-11,2024-05-01,2024-06-08
U0791,2024-05-11,2024-05-01,2024-06-09
U0791,2024-05-11,2024-05-01,2024-06-11
U0791,2024-05-11,2024-05-01,2024-06-12
U0791,2024-05-11,2024-05-01,2024-06-15
U0791,2024-05-11,2024-05-01,2024-06-17
U0791,2024-05-11,2024-05-01,2024-06-20
U0791,2024-05-11,2024-05-01,2024-06-23
U0791,2024-05-11,2024-05-01,2024-06-25
U0791,2024-05-11,2024-05-01,2024-06-26
U0791,2024-05-11,2024-05-01,2024-06-28
U0791,2024-05-11,2024-05-01,2024-07-05
U0791,2024-05-11,2024-05-01,2024-07-09
U0791,2024-05-11,2024-05-01,2024-07-10
U0791,2024-05-11,2024-05-01,2024-07-15
U0792,2024-05-17,2024-05-01,2024-05-17
U0792,2024-05-17,2024-05-01,2024-05-18
U0792,2024-05-17,2024-05-01,2024-05-19
U0792,2024-05-17,2024-05-01,2024-05-20
U0792,2024-05-17,2024-05-01,2024-05-21
U0792,2024-05-17,2024-05-01,2024-05-22
U0792,2024-05-17,2024-05-01,2024-05-23
U0792,2024-05-17,2024-05-01,2024-05-24
U0792,2024-05-17,2024-05-01,2024-05-25
U0792,2024-05-17,2024-05-01,2024-05-26
U0792,2024-05-17,2024-05-01,2024-05-27
U0792,2024-05-17,2024-05-01,2024-05-28
U0792,2024-05-17,2024-05-01,2024-05-29
U0792,2024-05-17,2024-05-01,2024-05-30
U0792,2024-05-17,2024-05-01,2024-05-31
U0792,2024-05-17,2024-05-01,2024-06-02
U0792,2024-05-17,2024-05-01,2024-06-03
U0792,2024-05-17,2024-05-01,2024-06-04
U0792,2024-05-17,2024-05-01,2024-06-06
U0792,2024-05-17,2024-05-01,2024-06-07
U0792,2024-05-17,2024-05-01,2024-06-09
U0792,2024-05-17,2024-05-01,2024-06-10
U0792,2024-05-17,2024-05-01,2024-06-11
U0792,2024-05-17,2024-05-01,2024-06-12
U0792,2024-05-17,2024-05-01,2024-06-14
U0792,2024-05-17,2024-05-01,2024-06-15
U0792,2024-05-17,2024-05-01,2024-06-16
U0792,2024-05-17,2024-05-01,2024-06-17
U0792,2024-05-17,2024-05-01,2024-06-18
U0792,2024-05-17,2024-05-01,2024-06-19
U0792,2024-05-17,2024-05-01,2024-06-20
U0792,2024-05-17,2024-05-01,2024-06-21
U0792,2024-05-17,2024-05-01,2024-06-25
U0792,2024-05-17,2024-05-01,2024-06-27
U0792,2024-05-17,2024-05-01,2024-06-28
U0792,2024-05-17,2024-05-01,2024-07-01
U0792,2024-05-17,2024-05-01,2024-07-02
U0792,2024-05-17,2024-05-01,2024-07-03
U0792,2024-05-17,2024-05-01,2024-07-05
U0792,2024-05-17,2024-05-01,2024-07-07
U0792,2024-05-17,2024-05-01,2024-07-08
U0792,2024-05-17,2024-05-01,2024-07-09
U0792,2024-05-17,2024-05-01,2024-07-10
U0792,2024-05-17,2024-05-01,2024-07-11
U0792,2024-05-17,2024-05-01,2024-07-15
U0792,2024-05-17,2024-05-01,2024-07-18
U0792,2024-05-17,2024-05-01,2024-07-20
U0792,2024-05-17,2024-05-01,2024-07-22
U0793,2024-05-24,2024-05-01,2024-05-24
U0793,2024-05-24,2024-05-01,2024-05-25
U0793,2024-05-24,2024-05-01,2024-05-26
U0793,2024-05-24,2024-05-01,2024-05-30
U0793,2024-05-24,2024-05-01,2024-05-31
U0793,2024-05-24,2024-05-01,2024-06-01
U0793,2024-05-24,2024-05-01,2024-06-02
U0793,2024-05-24,2024-05-01,2024-06-04
U0793,2024-05-24,2024-05-01,2024-06-05
U0793,2024-05-24,2024-05-01,2024-06-06
U0793,2024-05-24,2024-05-01,2024-06-07
U0793,2024-05-24,2024-05-01,2024-06-08
U0793,2024-05-24,2024-05-01,2024-06-09
U0793,2024-05-24,2024-05-01,2024-06-10
U0793,2024-05-24,2024-05-01,2024-06-11
U0793,2024-05-24,2024-05-01,2024-06-14
U0793,2024-05-24,2024-05-01,2024-06-17
U0793,2024-05-24,2024-05-01,2024-06-20
U0793,2024-05-24,2024-05-01,2024-06-21
U0793,2024-05-24,2024-05-01,2024-06-22
U0793,2024-05-24,2024-05-01,2024-06-24
U0793,2024-05-24,2024-05-01,2024-06-26
U0793,2024-05-24,2024-05-01,2024-06-28
U0793,2024-05-24,2024-05-01,2024-06-29
U0793,2024-05-24,2024-05-01,2024-07-02
U0793,2024-05-24,2024-05-01,2024-07-03
U0793,2024-05-24,2024-05-01,2024-07-10
U0793,2024-05-24,2024-05-01,2024-07-12
U0793,2024-05-24,2024-05-01,2024-07-14
U0793,2024-05-24,2024-05-01,2024-07-15
U0793,2024-05-24,2024-05-01,2024-07-16
U0793,2024-05-24,2024-05-01,2024-07-17
U0793,2024-05-24,2024-05-01,2024-07-18
U0794,2024-03-14,2024-03-01,2024-03-14
U0794,2024-03-14,2024-03-01,2024-03-17
U0794,2024-03-14,2024-03-01,2024-03-20
U0794,2024-03-14,2024-03-01,2024-03-23
U0794,2024-03-14,2024-03-01,2024-03-26
U0794,2024-03-14,2024-03-01,2024-03-29
U0795,2024-01-17,2024-01-01,2024-01-17
U0795,2024-01-17,2024-01-01,2024-01-18
U0795,2024-01-17,2024-01-01,2024-01-19
U0795,2024-01-17,2024-01-01,2024-01-20
U0795,2024-01-17,2024-01-01,2024-01-21
U0795,2024-01-17,2024-01-01,2024-01-22
U0795,2024-01-17,2024-01-01,2024-01-23
U0795,2024-01-17,2024-01-01,2024-01-25
U0795,2024-01-17,2024-01-01,2024-01-26
U0795,2024-01-17,2024-01-01,2024-01-27
U0795,2024-01-17,2024-01-01,2024-01-30
U0795,2024-01-17,2024-01-01,2024-01-31
U0795,2024-01-17,2024-01-01,2024-02-01
U0795,2024-01-17,2024-01-01,2024-02-03
U0795,2024-01-17,2024-01-01,2024-02-04
U0795,2024-01-17,2024-01-01,2024-02-05
U0795,2024-01-17,2024-01-01,2024-02-06
U0795,2024-01-17,2024-01-01,2024-02-07
U0795,2024-01-17,2024-01-01,2024-02-10
U0795,2024-01-17,2024-01-01,2024-02-11
U0795,2024-01-17,2024-01-01,2024-02-13
U0795,2024-01-17,2024-01-01,2024-02-14
U0795,2024-01-17,2024-01-01,2024-02-19
U0795,2024-01-17,2024-01-01,2024-02-20
U0795,2024-01-17,2024-01-01,2024-02-21
U0795,2024-01-17,2024-01-01,2024-02-22
U0795,2024-01-17,2024-01-01,2024-02-23
U0795,2024-01-17,2024-01-01,2024-02-24
U0795,2024-01-17,2024-01-01,2024-02-28
U0795,2024-01-17,2024-01-01,2024-03-01
U0795,2024-01-17,2024-01-01,2024-03-06
U0795,2024-01-17,2024-01-01,2024-03-08
U0795,2024-01-17,2024-01-01,2024-03-10
U0795,2024-01-17,2024-01-01,2024-03-15
U0795,2024-01-17,2024-01-01,2024-03-19
U0795,2024-01-17,2024-01-01,2024-03-20
U0795,2024-01-17,2024-01-01,2024-03-23
U0795,2024-01-17,2024-01-01,2024-03-27
U0796,2024-03-24,2024-03-01,2024-03-24
U0796,2024-03-24,2024-03-01,2024-03-26
U0796,2024-03-24,2024-03-01,2024-03-28
U0796,2024-03-24,2024-03-01,2024-03-30
U0796,2024-03-24,2024-03-01,2024-04-01
U0796,2024-03-24,2024-03-01,2024-04-03
U0796,2024-03-24,2024-03-01,2024-04-09
U0796,2024-03-24,2024-03-01,2024-04-11
U0796,2024-03-24,2024-03-01,2024-04-15
U0796,2024-03-24,2024-03-01,2024-04-17
U0797,2024-03-09,2024-03-01,2024-03-09
U0797,2024-03-09,2024-03-01,2024-03-10
U0797,2024-03-09,2024-03-01,2024-03-11
U0797,2024-03-09,2024-03-01,2024-03-12
U0797,2024-03-09,2024-03-01,2024-03-13
U0797,2024-03-09,2024-03-01,2024-03-14
U0797,2024-03-09,2024-03-01,2024-03-15
U0797,2024-03-09,2024-03-01,2024-03-16
U0797,2024-03-09,2024-03-01,2024-03-17
U0797,2024-03-09,2024-03-01,2024-03-18
U0797,2024-03-09,2024-03-01,2024-03-20
U0797,2024-03-09,2024-03-01,2024-03-22
U0797,2024-03-09,2024-03-01,2024-03-23
U0797,2024-03-09,2024-03-01,2024-03-24
U0797,2024-03-09,2024-03-01,2024-03-25
U0797,2024-03-09,2024-03-01,2024-03-26
U0797,2024-03-09,2024-03-01,2024-03-27
U0797,2024-03-09,2024-03-01,2024-03-29
U0797,2024-03-09,2024-03-01,2024-03-30
U0797,2024-03-09,2024-03-01,2024-03-31
U0797,2024-03-09,2024-03-01,2024-04-02
U0798,2024-02-03,2024-02-01,2024-02-03
U0798,2024-02-03,2024-02-01,2024-02-05
U0798,2024-02-03,2024-02-01,2024-02-07
U0798,2024-02-03,2024-02-01,2024-02-09
U0798,2024-02-03,2024-02-01,2024-02-11
U0798,2024-02-03,2024-02-01,2024-02-13
U0798,2024-02-03,2024-02-01,2024-02-17
U0798,2024-02-03,2024-02-01,2024-02-19
U0798,2024-02-03,2024-02-01,2024-02-21
U0798,2024-02-03,2024-02-01,2024-02-23
U0798,2024-02-03,2024-02-01,2024-02-25
U0798,2024-02-03,2024-02-01,2024-02-27
U0798,2024-02-03,2024-02-01,2024-02-29
U0798,2024-02-03,2024-02-01,2024-03-02
U0798,2024-02-03,2024-02-01,2024-03-06
U0798,2024-02-03,2024-02-01,2024-03-08
U0798,2024-02-03,2024-02-01,2024-03-10
U0798,2024-02-03,2024-02-01,2024-03-12
U0798,2024-02-03,2024-02-01,2024-03-16
U0798,2024-02-03,2024-02-01,2024-03-18
U0798,2024-02-03,2024-02-01,2024-03-20
U0798,2024-02-03,2024-02-01,2024-03-22
U0798,2024-02-03,2024-02-01,2024-03-26
U0798,2024-02-03,2024-02-01,2024-03-28
U0798,2024-02-03,2024-02-01,2024-04-03
U0798,2024-02-03,2024-02-01,2024-04-05
U0799,2024-01-06,2024-01-01,2024-01-06
U0799,2024-01-06,2024-01-01,2024-01-08
U0799,2024-01-06,2024-01-01,2024-01-10
U0799,2024-01-06,2024-01-01,2024-01-12
U0799,2024-01-06,2024-01-01,2024-01-16
U0800,2024-02-22,2024-02-01,2024-02-22
U0800,2024-02-22,2024-02-01,2024-02-24
U0800,2024-02-22,2024-02-01,2024-02-26
U0800,2024-02-22,2024-02-01,2024-02-28
U0800,2024-02-22,2024-02-01,2024-03-01
U0800,2024-02-22,2024-02-01,2024-03-03
U0800,2024-02-22,2024-02-01,2024-03-05
U0800,2024-02-22,2024-02-01,2024-03-07
U0800,2024-02-22,2024-02-01,2024-03-09
U0800,2024-02-22,2024-02-01,2024-03-11
U0800,2024-02-22,2024-02-01,2024-03-13
U0800,2024-02-22,2024-02-01,2024-03-15
